source_file	scene_index	scene_label	text_index	segment_index	speaker_original	speaker_zh_cn	voice	display_prefix	original_text	translation_zh_cn	translator_note
01.txt.json	0	*top	0	0	稔	稔		・・・	「うん……」	「嗯……」	「うん……」
01.txt.json	0	*top	1	0	稔	稔		・・・	「いや、うん、大丈夫」	「没，嗯，没事」	「いや、うん、大丈夫」
01.txt.json	0	*top	2	0	稔	稔		・・・	「分かってるよ姉さん」	「我知道的，姐姐」	「分かってるよ姉さん」
01.txt.json	0	*top	3	0	稔	稔			「まず俺は酔ってない」	「首先，我没喝醉」	「まず俺は酔ってない」
01.txt.json	0	*top	4	0	美世	美世	miyo0001		「うん」	「嗯」	「うん」
01.txt.json	0	*top	5	0	稔	稔			「ヘンな薬にも手ぇ出してない」	「也没碰什么奇怪的药」	「ヘンな薬にも手ぇ出してない」
01.txt.json	0	*top	6	0	美世	美世	miyo0002		「うん」	「嗯」	「うん」
01.txt.json	0	*top	7	0	稔	稔			「今日は５時間寝てる。頭もはっきりしてる」	「我今天睡了5个小时。脑子也很清醒」	「今日は５時間寝てる。頭もはっきりしてる」
01.txt.json	0	*top	8	0	美世	美世	miyo0003		「５時間は少なくない？」	「5个小时还不算少吗？」	「５時間は少なくない？」
01.txt.json	0	*top	9	0	稔	稔			「……朝早くから姉さんが来るからだろ。眠い」	「……还不是因为姐姐一大早就过来了。困死了」	「……朝早くから姉さんが来るからだろ。眠い」
01.txt.json	0	*top	10	0	美世	美世	miyo0004		「それはごめん」	「对不起嘛」	「それはごめん」
01.txt.json	0	*top	11	0	美世	美世	miyo0005		「でもこっちも心配なんだよ。\nたった１人の弟がさあ、\nいきなりあんなこと言い出したらさあ」	「但我这边也很担心啊。\n唯一的弟弟突然说出那种话，\n换谁都会担心吧」	「でもこっちも心配なんだよ。\nたった１人の弟がさあ、\nいきなりあんなこと言い出したらさあ」
01.txt.json	0	*top	12	0	稔	稔			「いや、うん、それは悪いと思うけど」	「不是，嗯，我也觉得这事是我不对」	「いや、うん、それは悪いと思うけど」
01.txt.json	0	*top	13	0	稔	稔			「いるんだって本当に。\n今。この部屋に」	「真的有。\n现在。就在这个房间里」	「いるんだって本当に。\n今。この部屋に」
01.txt.json	0	*top	14	0	美世	美世	miyo0006		「どこに！」	「在哪儿！」	「どこに！」
01.txt.json	0	*top	15	0	稔	稔			「そこに！」	「就在那儿！」	「そこに！」
01.txt.json	0	*top	16	0	美世	美世	miyo0007		「そこってどこ！」	「你说的那儿是哪儿！」	「そこってどこ！」
01.txt.json	0	*top	17	0	稔	稔			「いまベッドの上！　漫画読んでる！」	「现在就在床上！　正在看漫画！」	「いまベッドの上！　漫画読んでる！」
01.txt.json	0	*top	18	0	美世	美世	miyo0008		「……」	「……」	「……」
01.txt.json	0	*top	19	0	プーカ	普卡	puca0001	・・・	「～♪」	「～♪」	「～♪」
01.txt.json	0	*top	20	0	稔	稔			「鼻歌うたってる」	「她在哼歌」	「鼻歌うたってる」
01.txt.json	0	*top	21	0	美世	美世	miyo0009		「……」	「……」	「……」
01.txt.json	0	*top	22	0	プーカ	普卡	puca0002	・・・	「ぬふ……ぬひひひひ」	「呜呼……呜嘻嘻嘻嘻」	「ぬふ……ぬひひひひ」
01.txt.json	0	*top	23	0	稔	稔			「なんか笑ってる」	「好像在笑」	「なんか笑ってる」
01.txt.json	0	*top	24	0	美世	美世	miyo0010		「……」	「……」	「……」
01.txt.json	0	*top	25	0	稔	稔			「見えるだろ？」	「你看得见吧？」	「見えるだろ？」
01.txt.json	0	*top	26	0	美世	美世	miyo0011		「見えねえよ」	「才看不见」	「見えねえよ」
01.txt.json	0	*top	27	0	美世	美世	miyo0012		「もっかい聞くね。いまベッドの上に何がいるって？」	「我再问一遍哦。你说现在床上有谁来着？」	「もっかい聞くね。いまベッドの上に何がいるって？」
01.txt.json	0	*top	28	0	稔	稔			「ウサ耳生やした女の子」	「长着兔耳朵的女孩子」	「ウサ耳生やした女の子」
01.txt.json	0	*top	29	0	美世	美世	miyo0013		「……はあ」	「……唉」	「……はあ」
01.txt.json	0	*top	30	0	美世	美世	miyo0014		「もういい、最悪ケモ耳は許容する」	「算了，最起码兽耳我还能接受」	「もういい、最悪ケモ耳は許容する」
01.txt.json	0	*top	31	0	美世	美世	miyo0015		「どんな格好してるって？」	「你说她穿成什么样来着？」	「どんな格好してるって？」
01.txt.json	0	*top	32	0	稔	稔			「バニースーツ」	「兔女郎服」	「バニースーツ」
01.txt.json	0	*top	33	0	美世	美世	miyo0016		「……神よ！」	「……神啊！」	「……神よ！」
01.txt.json	0	*top	34	0	美世	美世	miyo0017		「おお神よ。\nたった１人の弟が、昭和のオッサンみたいな妄想を\n見るようになってしまいました」	「哦，神啊。\n我唯一的弟弟，竟然开始产生\n像昭和大叔一样的妄想了」	「おお神よ。\nたった１人の弟が、昭和のオッサンみたいな妄想を\n見るようになってしまいました」
01.txt.json	0	*top	35	0	稔	稔			「ちげーっつの！　妄想じゃなくて」	「都说了不是！　不是妄想」	「ちげーっつの！　妄想じゃなくて」
01.txt.json	0	*top	36	0	プーカ	普卡	puca0003	・・・	「ねえねえ」	「喂喂」	「ねえねえ」
01.txt.json	0	*top	37	0	稔	稔			「動いた」	「她动了」	「動いた」
01.txt.json	0	*top	38	0	プーカ	普卡	puca0004	・・・	「これ次の巻どこ？」	「下一卷在哪儿？」	「これ次の巻どこ？」
01.txt.json	0	*top	39	0	プーカ	普卡	puca0005	・・・	「あ、そこの本棚ね。さんきゅー」	「啊，在那边的书架上。谢啦」	「あ、そこの本棚ね。さんきゅー」
01.txt.json	0	*top	40	0					とてとてと本棚へ行き、読んでたのを戻して\n新しいのをとるウサ耳。	兔耳少女啪嗒啪嗒地走到书架前，把刚才读的放回去，\n又拿了本新的。	とてとてと本棚へ行き、読んでたのを戻して\n新しいのをとるウサ耳。
01.txt.json	0	*top	41	0	プーカ	普卡	puca0006	・・・	「続き続き」	「继续看继续看」	「続き続き」
01.txt.json	0	*top	42	0	プーカ	普卡	puca0007	・・・	「ぬはははは、あー昔のマンガってわりとおもろいよね～」	「呜哈哈哈哈，啊～以前的漫画还挺有意思的嘛～」	「ぬはははは、あー昔のマンガってわりとおもろいよね～」
01.txt.json	0	*top	43	0	稔	稔			「……」	「……」	「……」
01.txt.json	0	*top	44	0	稔	稔			「いまの見た？」	「刚才你看到了吗？」	「いまの見た？」
01.txt.json	0	*top	45	0	美世	美世	miyo0018		「なにが」	「什么」	「なにが」
01.txt.json	0	*top	46	0	稔	稔			「最悪、バニー娘は姉さんには見えてないとしよう」	「最糟糕的情况，就当兔女郎小姐只有姐姐看不见吧」	「最悪、バニー娘は姉さんには見えてないとしよう」
01.txt.json	0	*top	47	0	稔	稔			「その場合マンガが勝手に本棚に飛んでって、\n１冊入れ替わっていまベッドに戻ったのが見えたはずだが」	「那样的话，你应该能看到漫画自己飞回书架，\n换了一本之后又回到床上才对」	「その場合マンガが勝手に本棚に飛んでって、\n１冊入れ替わっていまベッドに戻ったのが見えたはずだが」
01.txt.json	0	*top	48	0	美世	美世	miyo0019		「だからなにが」	「所以到底是什么」	「だからなにが」
01.txt.json	0	*top	49	0	美世	美世	miyo0020		「ベッドの上にマンガはあるけど、\n最初からあれだったでしょ」	「床上确实有漫画，\n不过从一开始就是那本吧」	「ベッドの上にマンガはあるけど、\n最初からあれだったでしょ」
01.txt.json	0	*top	50	0	美世	美世	miyo0021		「ていうかアンタ、ベッドでお菓子食べるなって\n小さいころから言ってるでしょ。虫が湧くよ」	「话说回来，我从你小时候就一直告诉你，别在床上吃零食了吧。\n会招虫子的」	「ていうかアンタ、ベッドでお菓子食べるなって\n小さいころから言ってるでしょ。虫が湧くよ」
01.txt.json	0	*top	51	0	稔	稔			「……はあ」	「……唉」	「……はあ」
01.txt.json	0	*top	52	0					ダメだこりゃ。	没救了。	ダメだこりゃ。
01.txt.json	0	*top	53	0					いきなり俺の前に現れたこのウサ耳。	这个突然出现在我面前的兔耳少女。	いきなり俺の前に現れたこのウサ耳。
01.txt.json	0	*top	54	0					俺には確かに見えてるし、言葉も通じるようだが。	我确实能看见她，似乎也能和她正常交流。	俺には確かに見えてるし、言葉も通じるようだが。
01.txt.json	0	*top	55	0					俺以外には見えてない。	可除了我以外，谁都看不见她。	俺以外には見えてない。
01.txt.json	0	*top	56	0					行動もなぜか追えない。	不知为何，也没人能察觉她的行动。	行動もなぜか追えない。
01.txt.json	0	*top	57	0					俺以外の誰にも、『存在する』ことが把握できてない。	除了我以外，没有任何人能意识到她的“存在。	俺以外の誰にも、『存在する』ことが把握できてない。
01.txt.json	0	*top	58	0					俺にしか見えない少女。	只有我能看见的少女。	俺にしか見えない少女。
01.txt.json	0	*top	59	0					それがプーカとの出会いだった。	那就是我与普卡相遇的开始。	それがプーカとの出会いだった。
01.txt.json	0	*top	60	0	美世	美世	miyo0022		「いい！　次来るときも同じこと言ってたら\nガチで病院考えるからね！」	「听好了！下次来的时候你还这么说，\n我可真的要考虑把你送医院了！」	「いい！　次来るときも同じこと言ってたら\nガチで病院考えるからね！」
01.txt.json	0	*top	61	0	稔	稔			「はいはい……」	「好好好……」	「はいはい……」
01.txt.json	0	*top	62	0					言いたいことを言って帰って行く姉さん。	姐姐说完想说的话，便回去了。	言いたいことを言って帰って行く姉さん。
01.txt.json	0	*top	63	0					はあ……うるさい。	唉……真吵。	はあ……うるさい。
01.txt.json	0	*top	64	0					昔から口うるさいのは治らない人だ。	她从以前开始就一直这么爱唠叨，看来是改不了了。	昔から口うるさいのは治らない人だ。
01.txt.json	0	*top	65	0					ま、心配してくれてるならありがたいけどさ。	嘛，你要是担心我，那我就谢谢你了。	ま、心配してくれてるならありがたいけどさ。
01.txt.json	0	*top	66	0	稔	稔			「くぁあ」	「呜啊」	「くぁあ」
01.txt.json	0	*top	67	0					ちょっと眠い。	有点困。	ちょっと眠い。
01.txt.json	0	*top	68	0					ったく、俺のタイムスケジュール的に\nこの時間はＮＧだっつの。	真是的，按我的时间安排，\n这个点可是NG啊。	ったく、俺のタイムスケジュール的に\nこの時間はＮＧだっつの。
01.txt.json	0	*top	69	0					飲食関連で夜働く辛さは姉さんも知ってるだろうに……。\nやれやれ。	从事餐饮相关工作、晚上上班有多辛苦，姐姐你也知道吧……\n真是的。	飲食関連で夜働く辛さは姉さんも知ってるだろうに……。\nやれやれ。
01.txt.json	0	*top	70	0					――ガチャ。	——咔嚓。	――ガチャ。
01.txt.json	0	*top	71	0	絵利	绘利	eri0001	・・・	「あ」	「啊」	「あ」
01.txt.json	0	*top	72	0					お。	哦。	お。
01.txt.json	0	*top	73	0	稔	稔			「ども」	「你好」	「ども」
01.txt.json	0	*top	74	0					ちょうどのところでお隣さんが出てきた。	正好这时候，隔壁邻居出来了。	ちょうどのところでお隣さんが出てきた。
01.txt.json	0	*top	75	0					あまり面識はないが、こういうときは愛想良くしなくては。\n笑顔を作って頭を下げる。	虽然彼此不太熟，但这种时候还是得客气一点。\n我挤出笑容，低头行礼。	あまり面識はないが、こういうときは愛想良くしなくては。\n笑顔を作って頭を下げる。
01.txt.json	0	*top	76	0	絵利	绘利	eri0002	お隣さん	「あうあ、どどど、ども」	「啊呜啊，您您您、您好」	「あうあ、どどど、ども」
01.txt.json	0	*top	77	0	絵利	绘利	eri0003	お隣さん	「デュヘヘヒヒ……」	「呜嘿嘿嘿嘿……」	「デュヘヘヒヒ……」
01.txt.json	0	*top	78	0	稔	稔			「……」	「……」	「……」
01.txt.json	0	*top	79	0					引っ込んでしまう。	她缩了回去。	引っ込んでしまう。
01.txt.json	0	*top	80	0					……学生のころたまにいたな。\nああいう、声かけると変な笑い方して逃げちゃう人。	……上学的时候偶尔也会遇到这种人。\n就是那种一搭话就发出奇怪的笑声，然后逃走的人。	……学生のころたまにいたな。\nああいう、声かけると変な笑い方して逃げちゃう人。
01.txt.json	0	*top	81	0					ま、そういうタイプなんだろう。気にしない。	嘛，她大概就是这种类型吧。不用在意。	ま、そういうタイプなんだろう。気にしない。
01.txt.json	0	*top	82	0					少なくとも彼女は、前に大家さんと話してるのを見ている。	至少，她之前和房东说话的时候，我是见过的。	少なくとも彼女は、前に大家さんと話してるのを見ている。
01.txt.json	0	*top	83	0					俺以外にも見えてるだけマシだ。	除了我以外，至少还有别人能看见她，这就算不错了。	俺以外にも見えてるだけマシだ。
01.txt.json	0	*top	84	0	プーカ	普卡	puca0008	・・・	「おかえりー」	「你回来啦」	「おかえりー」
01.txt.json	0	*top	85	0	稔	稔			「おう」	「哦」	「おう」
01.txt.json	0	*top	86	0	プーカ	普卡	puca0009	・・・	「ねえねえこのマンガ面白いね。\nぎゅんたま？　なんか昔アニメでやってたよね」	「喂喂，这漫画挺有意思的。\n《ぎゅんたま》？以前好像还出过动画吧」	「ねえねえこのマンガ面白いね。\nぎゅんたま？　なんか昔アニメでやってたよね」
01.txt.json	0	*top	87	0	稔	稔			「まーな」	「嗯，是啊」	「まーな」
01.txt.json	0	*top	88	0					すごい普通に話しかけてくるウサ耳ちゃん。	兔耳小姑娘居然如此自然地跟我搭话。	すごい普通に話しかけてくるウサ耳ちゃん。
01.txt.json	0	*top	89	0					会話……出来てるな。	对话……进行得挺顺利啊。	会話……出来てるな。
01.txt.json	0	*top	90	0					まあぎゅんたまが読める時点で日本語はわかるわけで、\nおしゃべりは当然できるんだろう。	不过，既然她能看懂《ぎゅんたま》，就说明她懂日语，\n能聊天也是理所当然的吧。	まあぎゅんたまが読める時点で日本語はわかるわけで、\nおしゃべりは当然できるんだろう。
01.txt.json	0	*top	91	0					ただ……。	只不过……。	ただ……。
01.txt.json	0	*top	92	0					おっと。	哎呀。	おっと。
01.txt.json	0	*top	93	0					ドアがノックされた。	有人敲门了。	ドアがノックされた。
01.txt.json	0	*top	94	0	大家さん	房东太太	m_ooya0001	・・・	「おーがさーん。大賀さんいるかい」	「大贺先生——。大贺先生在吗」	「おーがさーん。大賀さんいるかい」
01.txt.json	0	*top	95	0					誰だ？　思っていると、	谁啊？正想着、	誰だ？　思っていると、
01.txt.json	0	*top	96	0	大家さん	房东太太	m_ooya0002		「あい、お邪魔するよ」	「哎，我进来啦」	「あい、お邪魔するよ」
01.txt.json	0	*top	97	0					まだこっちが返事もしてないのに、\n勝手に戸をあけられる。	这边还没来得及回应，\n门就被人自顾自地打开了。	まだこっちが返事もしてないのに、\n勝手に戸をあけられる。
01.txt.json	0	*top	98	0					おいおい、プライバシーってものが……まあいいけど。	喂喂，隐私这种东西……算了，也无所谓。	おいおい、プライバシーってものが……まあいいけど。
01.txt.json	0	*top	99	0	稔	稔			「なんすか大家さん」	「什么事啊，房东太太」	「なんすか大家さん」
01.txt.json	0	*top	100	0	大家さん	房东太太	m_ooya0003		「アンタいっつも朝は寝てるみたいだから、\nこれ書いてもらわなきゃってねえ」	「我看你早上总是在睡觉，\n所以得让你把这个填了才行」	「アンタいっつも朝は寝てるみたいだから、\nこれ書いてもらわなきゃってねえ」
01.txt.json	0	*top	101	0					回覧板に挟んだ、何かの書類を持ってくる。	她拿来一份夹在传阅板里的文件，不知道是什么东西。	回覧板に挟んだ、何かの書類を持ってくる。
01.txt.json	0	*top	102	0					電気代が来月から上がります系のやつだ。\n『確認しました』のサインがいるらしい。	是那种通知电费从下个月起要涨价的文件。\n好像还需要签上『已确认。	電気代が来月から上がります系のやつだ。\n『確認しました』のサインがいるらしい。
01.txt.json	0	*top	103	0	稔	稔			「分かりました。ハンコでいいすか」	「知道了。盖章可以吗」	「分かりました。ハンコでいいすか」
01.txt.json	0	*top	104	0	大家さん	房东太太	m_ooya0004		「ええ。\nちなみに再来月はガス代もあがるってさ」	「可以。\n顺带一提，听说下下个月煤气费也要涨呢」	「ええ。\nちなみに再来月はガス代もあがるってさ」
01.txt.json	0	*top	105	0	稔	稔			「……またかよ」	「……又来啊」	「……またかよ」
01.txt.json	0	*top	106	0	大家さん	房东太太	m_ooya0005		「どんどん苦しくなるよねえ」	「日子过得越来越难了呢」	「どんどん苦しくなるよねえ」
01.txt.json	0	*top	107	0					言いながら、それとなく部屋を覗き見てくる大家さん。	房东一边说着，一边若无其事地往房间里窥视。	言いながら、それとなく部屋を覗き見てくる大家さん。
01.txt.json	0	*top	108	0	プーカ	普卡	puca0010	・・・	「……」	「……」	「……」
01.txt.json	0	*top	109	0	大家さん	房东太太	m_ooya0006		「……」	「……」	「……」
01.txt.json	0	*top	110	0	プーカ	普卡	puca0011	・・・	「おざっすー」	「早上好」	「おざっすー」
01.txt.json	0	*top	111	0	大家さん	房东太太	m_ooya0007		「……」	「……」	「……」
01.txt.json	0	*top	112	0	プーカ	普卡	puca0012	・・・	「電気代あがるんすかー？　いやーせちがらい世の中だねー」	「电费要涨了吗——？　哎呀——真是个艰难的世道啊」	「電気代あがるんすかー？　いやーせちがらい世の中だねー」
01.txt.json	0	*top	113	0	大家さん	房东太太	m_ooya0008		「……」	「……」	「……」
01.txt.json	0	*top	114	0	大家さん	房东太太	m_ooya0009		「さっき、独り言言ってなかった？」	「你刚才是不是在自言自语？」	「さっき、独り言言ってなかった？」
01.txt.json	0	*top	115	0	稔	稔			「いや……えと」	「不是……那个」	「いや……えと」
01.txt.json	0	*top	116	0					がっつり真正面に、うさ耳バニーちゃんがいるのに\n無視してる大家さん。	明明兔耳兔女郎就大剌剌地站在正前方，\n房东却视若无睹。	がっつり真正面に、うさ耳バニーちゃんがいるのに\n無視してる大家さん。
01.txt.json	0	*top	117	0					男１人で契約してる部屋に、バニースーツのガキがいたら\nもうちょっと何か反応すると思う。	如果一个男人租住的房间里出现了一个穿着兔女郎装的小鬼，\n我觉得多少都会有点反应才对。	男１人で契約してる部屋に、バニースーツのガキがいたら\nもうちょっと何か反応すると思う。
01.txt.json	0	*top	118	0					つまり、見えてない。	也就是说，他看不见。	つまり、見えてない。
01.txt.json	0	*top	119	0	稔	稔			「なんでもないっす。寝ぼけてたかも」	「没什么。可能是我还没睡醒」	「なんでもないっす。寝ぼけてたかも」
01.txt.json	0	*top	120	0	大家さん	房东太太	m_ooya0010		「そう。まあなら何も言わないけど。\nうちのアパート壁が薄いから、大声には注意ね」	「这样啊。那就算了。\n我们这栋公寓的墙很薄，注意别大声喧哗啊」	「そう。まあなら何も言わないけど。\nうちのアパート壁が薄いから、大声には注意ね」
01.txt.json	0	*top	121	0	稔	稔			「ういっす」	「好嘞」	「ういっす」
01.txt.json	0	*top	122	0					出て行く大家さん。	房东离开了。	出て行く大家さん。
01.txt.json	0	*top	123	0					さて。	那么。	さて。
01.txt.json	0	*top	124	0	プーカ	普卡	puca0013	・・・	「独り言じゃないよねえ」	「不是自言自语吧」	「独り言じゃないよねえ」
01.txt.json	0	*top	125	0					それは判断が怪しいところだ。	这一点就很难判断了。	それは判断が怪しいところだ。
01.txt.json	0	*top	126	0					いまの大家さんを見ても分かるとおり、\nこの娘、やはり俺以外には見えてない。\n声も聞こえてない。	正如刚才房东的反应所示，\n这姑娘果然只有我能看见。\n她的声音也只有我能听见。	いまの大家さんを見ても分かるとおり、\nこの娘、やはり俺以外には見えてない。\n声も聞こえてない。
01.txt.json	0	*top	127	0					だが俺と会話してるのは事実。	但她确实在和我对话。	だが俺と会話してるのは事実。
01.txt.json	0	*top	128	0	プーカ	普卡	puca0014	・・・	「ぎゅんたま６巻どこ？」	「扭扭蛋》第6卷在哪儿？」	「ぎゅんたま６巻どこ？」
01.txt.json	0	*top	129	0	プーカ	普卡	puca0015	・・・	「あーあったあった」	「啊——找到了找到了」	「あーあったあった」
01.txt.json	0	*top	130	0	プーカ	普卡	puca0016	・・・	「ぬははは。この警察のマヨネーズの人かっこいいね」	「呜哈哈哈。这个警察蛋黄酱人真帅啊」	「ぬははは。この警察のマヨネーズの人かっこいいね」
01.txt.json	0	*top	131	0					そして実在しているのも事実だ。	而且她确实是实际存在的。	そして実在しているのも事実だ。
01.txt.json	0	*top	132	0					現にさっきから、\n漫画本が巻数ごとにベッドに移動しているし、\n俺が食べてないポテトチップスが減っている。	眼下现实就是这样，\n漫画正按卷数一本本地移动到床上，\n我没吃过的薯片也在不断减少。	現にさっきから、\n漫画本が巻数ごとにベッドに移動しているし、\n俺が食べてないポテトチップスが減っている。
01.txt.json	0	*top	133	0					自分が正気である証明は何者にも出来ない。\nとか、どっかの大学の教授的な人が言ってたけど、	虽然好像有哪个大学教授之类的人说过，\n谁都无法证明自己神志清醒、	自分が正気である証明は何者にも出来ない。\nとか、どっかの大学の教授的な人が言ってたけど、
01.txt.json	0	*top	134	0					現実に変化が起きている。	但现实确实发生了变化。	現実に変化が起きている。
01.txt.json	0	*top	135	0					幻だと思うのは……。	要说这是幻觉……。	幻だと思うのは……。
01.txt.json	0	*top	136	0					……うーん。	……嗯。	……うーん。
01.txt.json	0	*top	137	0	稔	稔			「おい」	「喂」	「おい」
01.txt.json	0	*top	138	0	プーカ	普卡	puca0017	・・・	「んー？」	「嗯？」	「んー？」
01.txt.json	0	*top	139	0	稔	稔			「ちょっとこっち来い」	「你过来一下」	「ちょっとこっち来い」
01.txt.json	0	*top	140	0	プーカ	普卡	puca0018	・・・	「ごめんちょい待って。いまいいとこなの」	「抱歉，稍等一下。我现在正看到精彩的地方呢」	「ごめんちょい待って。いまいいとこなの」
01.txt.json	0	*top	141	0	稔	稔			「いいから。マンガ置いてこっちに来なさい」	「少废话。把漫画放下，过来」	「いいから。マンガ置いてこっちに来なさい」
01.txt.json	0	*top	142	0					床をバンバンする。	我砰砰地拍着地板。	床をバンバンする。
01.txt.json	0	*top	143	0	プーカ	普卡	puca0019	・・・	「なによぉ、いまぎゅんたまが」	「干什么呀，人家现在正看到ぎゅんたま」	「なによぉ、いまぎゅんたまが」
01.txt.json	0	*top	144	0	稔	稔			「ぎゅんたまはいいから。話をさせろ主にお前のこと」	「ぎゅんたま先放一边。让我跟你谈谈，主要是谈谈你的事」	「ぎゅんたまはいいから。話をさせろ主にお前のこと」
01.txt.json	0	*top	145	0	プーカ	普卡	puca0020	・・・	「なに」	「什么」	「なに」
01.txt.json	0	*top	146	0					仕方ないなって感じにベッドを降りる。	她一副“真拿你没办法”的样子，从床上下来。	仕方ないなって感じにベッドを降りる。
01.txt.json	0	*top	147	0					……うぜえ。	……真烦人。	……うぜえ。
01.txt.json	0	*top	148	0					いやいや、イラつくな俺。	不不不，别烦躁，稔。	いやいや、イラつくな俺。
01.txt.json	0	*top	149	0					アンガーマネジメントは大事だぞ。\nとくに相手が、幽霊とか幻とか、超常現象の場合は。	情绪管理很重要。\n尤其当对方是幽灵、幻觉之类的超自然现象时。	アンガーマネジメントは大事だぞ。\nとくに相手が、幽霊とか幻とか、超常現象の場合は。
01.txt.json	0	*top	150	0	稔	稔			「えっと、まず」	「那个，首先」	「えっと、まず」
01.txt.json	0	*top	151	0	稔	稔			「自己紹介をしよう。\n俺は稔。大賀稔だ」	「先做个自我介绍吧。\n我是稔。大贺稔」	「自己紹介をしよう。\n俺は稔。大賀稔だ」
01.txt.json	0	*top	152	0	プーカ	普卡	puca0021	・・・	「うん。ういっす。どもっす」	「嗯。嗨。你好」	「うん。ういっす。どもっす」
01.txt.json	0	*top	153	0	稔	稔			「大賀稔だ」	「我是大贺稔」	「大賀稔だ」
01.txt.json	0	*top	154	0	プーカ	普卡	puca0022	・・・	「知ってるよぉ。さっきおばちゃんに大賀さんって\n呼ばれてたし、お姉ちゃんには稔って呼ばれてたし」	「我知道呀。刚才那个大婶还叫你大贺先生，而且那个姐姐也叫你稔」	「知ってるよぉ。さっきおばちゃんに大賀さんって\n呼ばれてたし、お姉ちゃんには稔って呼ばれてたし」
01.txt.json	0	*top	155	0	稔	稔			「おう」	「哦」	「おう」
01.txt.json	0	*top	156	0	プーカ	普卡	puca0023	・・・	「で？」	「然后呢？」	「で？」
01.txt.json	0	*top	157	0	稔	稔			「こっちが名乗った以上、そっちも名乗るのが礼儀だよな」	「既然我都自报姓名了，你也该自报姓名，这才是礼貌吧」	「こっちが名乗った以上、そっちも名乗るのが礼儀だよな」
01.txt.json	0	*top	158	0					幽霊でも礼儀は分かるよな。	就算是幽灵，也该懂礼貌吧。	幽霊でも礼儀は分かるよな。
01.txt.json	0	*top	159	0					ってことは宇宙人的な、常識が通じない系か？	这么说来，她是外星人那种、完全不讲常识的类型吗？	ってことは宇宙人的な、常識が通じない系か？
01.txt.json	0	*top	160	0	プーカ	普卡	puca0024	・・・	「あー、ごめんごめん。自己紹介ね。\nなんかもう終わってた気分だったわ」	「啊——抱歉抱歉。是自我介绍对吧。\n感觉自己已经介绍完了」	「あー、ごめんごめん。自己紹介ね。\nなんかもう終わってた気分だったわ」
01.txt.json	0	*top	161	0	プーカ	普卡	puca0025	・・・	「えっとねえ。あたしは……んー」	「那个嘛。我是……嗯」	「えっとねえ。あたしは……んー」
01.txt.json	0	*top	162	0	プーカ	普卡	puca0026	・・・	「ハーヴェイ」	「哈维」	「ハーヴェイ」
01.txt.json	0	*top	163	0	稔	稔			「……」	「……」	「……」
01.txt.json	0	*top	164	0	プーカ	普卡	puca0027		「ハーヴェイ・プーカ」	「哈维·普卡」	「ハーヴェイ・プーカ」
01.txt.json	0	*top	165	0	プーカ	普卡	puca0028		「プーカでいいよ。稔くん」	「叫我普卡就好啦，稔君」	「プーカでいいよ。稔くん」
01.txt.json	0	*top	166	0	稔	稔			「……おう」	「……哦」	「……おう」
01.txt.json	0	*top	167	0					日本語は流ちょうなのに、日本人っぽくない名前だな。	明明日语说得很流利，名字却不太像日本人。	日本語は流ちょうなのに、日本人っぽくない名前だな。
01.txt.json	0	*top	168	0					てか、くん付けかよ。\nこっちもう大人だぞ。	话说，她叫我“君”啊。\n我这边可是成年人了。	てか、くん付けかよ。\nこっちもう大人だぞ。
01.txt.json	0	*top	169	0					あっちはどう見てもガキ……。\n少なくとも２０歳にはなってないだろう。	那边怎么看都是个小鬼……\n至少应该还没满二十岁。	あっちはどう見てもガキ……。\n少なくとも２０歳にはなってないだろう。
01.txt.json	0	*top	170	0					ま、呼称問題は無視しよう。\nガキにそういう礼儀を求めるほどカチコチじゃない。	算了，称呼的问题就先不管了。\n我还没死板到要求一个小鬼遵守那种礼节。	ま、呼称問題は無視しよう。\nガキにそういう礼儀を求めるほどカチコチじゃない。
01.txt.json	0	*top	171	0	稔	稔			「んじゃ自己紹介が済んだところで」	「那么，既然自我介绍也结束了」	「んじゃ自己紹介が済んだところで」
01.txt.json	0	*top	172	0	稔	稔			「お前が何者なのか聞いて良いか？」	「可以问问你是什么人吗？」	「お前が何者なのか聞いて良いか？」
01.txt.json	0	*top	173	0	プーカ	普卡	puca0029		「何者って？」	「什么人？」	「何者って？」
01.txt.json	0	*top	174	0	稔	稔			「その格好はなんだ。なぜここにいる。\nなんで俺にだけ見えるし口もきけるんだ。\nてかなんでバニー？　誰の趣味？　着替えて欲しいんだが」	「你这身打扮是怎么回事。为什么会在这里。\n为什么只有我能看见你，还能和你说话。\n话说回来，为什么是兔女郎？谁的兴趣？我想让你换身衣服」	「その格好はなんだ。なぜここにいる。\nなんで俺にだけ見えるし口もきけるんだ。\nてかなんでバニー？　誰の趣味？　着替えて欲しいんだが」
01.txt.json	0	*top	175	0	プーカ	普卡	puca0030		「多いなあ。急にどしたの」	「问题好多啊。怎么突然问这个」	「多いなあ。急にどしたの」
01.txt.json	0	*top	176	0					俺もそろそろ冷静の仮面が保てなくなってきた。	我也渐渐维持不住冷静的面具了。	俺もそろそろ冷静の仮面が保てなくなってきた。
01.txt.json	0	*top	177	0	稔	稔			「えっと、お前は……」	「那个，你是……」	「えっと、お前は……」
01.txt.json	0	*top	178	0	稔	稔			「幽霊か？」	「幽灵吗？」	「幽霊か？」
01.txt.json	0	*top	179	0	プーカ	普卡	puca0031		「え、知らない。死んだ覚えはないけど」	「诶，不知道。我不记得自己死过啊」	「え、知らない。死んだ覚えはないけど」
01.txt.json	0	*top	180	0	稔	稔			「じゃあ……宇宙人か。そうだな？\nんで洗脳光線みゅんみゅんで俺の脳を操ってるんだな？」	「那……是宇宙人吗。是吧？\n然后用嗡嗡作响的洗脑光线操纵我的大脑？」	「じゃあ……宇宙人か。そうだな？\nんで洗脳光線みゅんみゅんで俺の脳を操ってるんだな？」
01.txt.json	0	*top	181	0	プーカ	普卡	puca0032		「洗脳……？　……こわ」	「洗脑……？……好可怕」	「洗脳……？　……こわ」
01.txt.json	0	*top	182	0					言ってて俺も怖い。	我自己说着都觉得害怕。	言ってて俺も怖い。
01.txt.json	0	*top	183	0	稔	稔			「じゃあ……なんだ」	「那……你到底是什么」	「じゃあ……なんだ」
01.txt.json	0	*top	184	0					あと残る可能性は。	剩下的可能性还有什么。	あと残る可能性は。
01.txt.json	0	*top	185	0					俺にだけなんかよく分からない物が見える。\nお化けとかを除外すると。	只有我能看见某种莫名其妙的东西。\n排除鬼怪之类的情况的话。	俺にだけなんかよく分からない物が見える。\nお化けとかを除外すると。
01.txt.json	0	*top	186	0	稔	稔			「……」	「……」	「……」
01.txt.json	0	*top	187	0	稔	稔			「例えば俺は実は自分でも気付かないうちにもう死んでて、\nお前は俺がそれに気付くまで待ってる死に神とか、\n天使とか悪魔……的な？」	「比如说，其实我已经在自己都没察觉的情况下死了，\n而你是一直等到我察觉这一点的死神，\n或者天使、恶魔……之类的？」	「例えば俺は実は自分でも気付かないうちにもう死んでて、\nお前は俺がそれに気付くまで待ってる死に神とか、\n天使とか悪魔……的な？」
01.txt.json	0	*top	188	0	プーカ	普卡	puca0033		「んー？」	「嗯？」	「んー？」
01.txt.json	0	*top	189	0					首をひねるプーカ。	普卡歪了歪脑袋。	首をひねるプーカ。
01.txt.json	0	*top	190	0	プーカ	普卡	puca0034		「稔くん、お化けなの？」	「稔君，你是幽灵吗？」	「稔くん、お化けなの？」
01.txt.json	0	*top	191	0	稔	稔			「自分ではそのつもりはない」	「我自己没觉得是」	「自分ではそのつもりはない」
01.txt.json	0	*top	192	0	プーカ	普卡	puca0035		「じゃあちがうでしょ。あたしお化けとか見たことないし」	「那就不是吧。我又没见过什么鬼」	「じゃあちがうでしょ。あたしお化けとか見たことないし」
01.txt.json	0	*top	193	0	稔	稔			「そうか」	「这样啊」	「そうか」
01.txt.json	0	*top	194	0					こいつがいうなら信じようか。	既然这家伙这么说，那就信她吧。	こいつがいうなら信じようか。
01.txt.json	0	*top	195	0					……半分お化けみたいなやつが『お化け見たことない』って\nどこまで信じられるんだ？	……一个半拉子幽灵说自己『没见过幽灵』，\n这话能信到什么程度啊？	……半分お化けみたいなやつが『お化け見たことない』って\nどこまで信じられるんだ？
01.txt.json	0	*top	196	0					まあいい。	算了。	まあいい。
01.txt.json	0	*top	197	0	稔	稔			「なんで自分が俺以外に見えてないのか、とか。\n心当たりはあるか？」	「比如，你为什么只有我能看见，之类的。\n你有没有什么头绪？」	「なんで自分が俺以外に見えてないのか、とか。\n心当たりはあるか？」
01.txt.json	0	*top	198	0	プーカ	普卡	puca0036		「分かんないよ。\nてか、見えてないの？　さっきのおばちゃんには\nガン無視されたっぽいけど」	「不知道啊。\n话说，你看不见我吗？　刚才那个大婶好像\n完全无视我了」	「分かんないよ。\nてか、見えてないの？　さっきのおばちゃんには\nガン無視されたっぽいけど」
01.txt.json	0	*top	199	0	稔	稔			「見えてない。声も聞こえてない」	「看不见。声音也听不见」	「見えてない。声も聞こえてない」
01.txt.json	0	*top	200	0	プーカ	普卡	puca0037		「え～、マジか～」	「诶～真的假的～」	「え～、マジか～」
01.txt.json	0	*top	201	0	プーカ	普卡	puca0038		「萎えるわ～。無視されてるみたいじゃん。\nそういうイジメみたいのよくないよねえ」	「好受打击啊～。搞得像被无视了一样。\n这种霸凌似的行为很不好吧」	「萎えるわ～。無視されてるみたいじゃん。\nそういうイジメみたいのよくないよねえ」
01.txt.json	0	*top	202	0					『見えてない』と『無視』はまるで別物だぞ。	『看不见』和『无视』根本是两码事。	『見えてない』と『無視』はまるで別物だぞ。
01.txt.json	0	*top	203	0					ただ分かるのは、こいつは別に自分で望んで\nこうなってるわけじゃないらしい。	不过我只知道，这家伙似乎并不是自己想变成\n这样的。	ただ分かるのは、こいつは別に自分で望んで\nこうなってるわけじゃないらしい。
01.txt.json	0	*top	204	0					・・・・・	……	・・・・・
01.txt.json	0	*top	205	0					だーめだ。	不行，没戏。	だーめだ。
01.txt.json	0	*top	206	0					その後も、なぜここにいるかとか、いろいろ聞いたが、\nかんばしい答えはなにも出なかった。	之后我又问了她为什么会在这里之类的各种问题，\n但什么有用的答案都没得到。	その後も、なぜここにいるかとか、いろいろ聞いたが、\nかんばしい答えはなにも出なかった。
01.txt.json	0	*top	207	0					気付いたらここにいた。\n自分のことはよく覚えてない。\nそれよりマンガの続きが読みたいとのこと。	她说自己回过神来就已经在这里了。\n不太记得自己的事情。\n比起那些，她更想看漫画的后续。	気付いたらここにいた。\n自分のことはよく覚えてない。\nそれよりマンガの続きが読みたいとのこと。
01.txt.json	0	*top	208	0					ったく。	真是的。	ったく。
01.txt.json	0	*top	209	0					もういいや。	算了，随她吧。	もういいや。
01.txt.json	0	*top	210	0					俺に理由があって現れたなら何とかしなきゃだが、\nこの部屋に取り憑いてる幽霊とかもありうる。	如果她是因为和我有关的理由才出现，那我还得想办法解决，\n但也有可能只是个附在这房间里的幽灵。	俺に理由があって現れたなら何とかしなきゃだが、\nこの部屋に取り憑いてる幽霊とかもありうる。
01.txt.json	0	*top	211	0					あとで考えよう。\nそれより、	之后再想吧。\n比起这个、	あとで考えよう。\nそれより、
01.txt.json	0	*top	212	0	稔	稔			「俺、もう仕事行かなきゃだから。\nマンガ読み終わったら帰れよ」	「我得去工作了。\n你看完漫画就回去吧」	「俺、もう仕事行かなきゃだから。\nマンガ読み終わったら帰れよ」
01.txt.json	0	*top	213	0	プーカ	普卡	puca0039		「んー」	「嗯」	「んー」
01.txt.json	0	*top	214	0					足をぱたぱたさせながら、間延びした返事をする。	一边拍打着双脚，一边拖长声音回应。	足をぱたぱたさせながら、間延びした返事をする。
01.txt.json	0	*top	215	0					聞いてねーなアレは。	那家伙根本没在听。	聞いてねーなアレは。
01.txt.json	0	*top	216	0					ったく。	真是的。	ったく。
01.txt.json	0	*top	217	0					まあいい。部屋には盗まれて困るものもない。	算了。房间里也没有什么被偷了会让我为难的东西。	まあいい。部屋には盗まれて困るものもない。
01.txt.json	0	*top	218	0					俺には俺の生活があるんだ。\n働かなくては。	我有我自己的生活。\n得去工作才行。	俺には俺の生活があるんだ。\n働かなくては。
01.txt.json	0	*top	219	0					・・・・・	……	・・・・・
01.txt.json	0	*top	220	0					とくに今日は、月に１度の大掃除の日である。	尤其今天，还是每月一次的大扫除日。	とくに今日は、月に１度の大掃除の日である。
01.txt.json	0	*top	221	0					月で一番忙しい日だ。\nお化けにしろ宇宙人にしろ、時間を割いてられない。	这是一个月里最忙的一天。\n不管她是鬼还是外星人，我都没时间在她身上耗着。	月で一番忙しい日だ。\nお化けにしろ宇宙人にしろ、時間を割いてられない。
01.txt.json	0	*top	222	0					俺にしか見えない女の子……。	只有我能看见的女孩……。	俺にしか見えない女の子……。
01.txt.json	0	*top	223	0	稔	稔			「……」	「……」	「……」
01.txt.json	0	*top	224	0					俺にだけ見えてる、ってだけなら、	如果只是只有我能看见的话、	俺にだけ見えてる、ってだけなら、
01.txt.json	0	*top	225	0					どうでもいいよ。	那就无所谓了。	どうでもいいよ。
01.txt.json	0	*top	226	0					・・・・・	……	・・・・・
01.txt.json	0	*top	227	0					・・・・	・・・・	・・・・
01.txt.json	0	*top	228	0					・・・	・・・	・・・
01.txt.json	0	*top	229	0	稔	稔			「ありがとうございましたー」	「谢谢惠顾」	「ありがとうございましたー」
01.txt.json	0	*top	230	0					その日、最後の客が帰ったのは、日付をまたいで\n０時１５分のことだった。	那天，最后一位客人离开时，日期已经变更，\n时间是0点15分。	その日、最後の客が帰ったのは、日付をまたいで\n０時１５分のことだった。
01.txt.json	0	*top	231	0					このバーは毎晩、\n１８時開店、ラストオーダーは２時まで、３時閉店の\n営業時間だが。	这家酒吧每天晚上\n18点开门，最后点单截止到2点，3点打烊，\n虽然营业时间是这样。	このバーは毎晩、\n１８時開店、ラストオーダーは２時まで、３時閉店の\n営業時間だが。
01.txt.json	0	*top	232	0	稔	稔			「……」	「……」	「……」
01.txt.json	0	*top	233	0					――カチャ、カチャ。	――咔嚓、咔嚓。	――カチャ、カチャ。
01.txt.json	0	*top	234	0					――ざぶざぶ。	――哗啦哗啦。	――ざぶざぶ。
01.txt.json	0	*top	235	0					――カタカタ。	――哒哒。	――カタカタ。
01.txt.json	0	*top	236	0					食器を洗い、シンクを片付け、\nスマホで出納帳を打ち込んで。	洗好餐具，收拾好水槽，\n再用手机把收支账本录入。	食器を洗い、シンクを片付け、\nスマホで出納帳を打ち込んで。
01.txt.json	0	*top	237	0					――パチ。	――啪。	――パチ。
01.txt.json	0	*top	238	0					電気を落とす。	关掉电源。	電気を落とす。
01.txt.json	0	*top	239	0					例の流行病以降、この町からはすっかり\n『静かなバーで夜中過ぎまで飲む』という習慣が消えた。	自从那场流行病之后，这座小镇已经彻底失去了\n“在安静的酒吧里喝到午夜过后”的习惯。	例の流行病以降、この町からはすっかり\n『静かなバーで夜中過ぎまで飲む』という習慣が消えた。
01.txt.json	0	*top	240	0					もともと田舎町の、静かな商店街だ。\n年寄りは夜中までうろつく人間も少ないしな。	这里本来就是乡下小镇，商业街一向很安静。\n老人们很少会在外面闲逛到深夜。	もともと田舎町の、静かな商店街だ。\n年寄りは夜中までうろつく人間も少ないしな。
01.txt.json	0	*top	241	0					最後の客が帰るのもほぼ夜半前。	最后一位客人也基本会在午夜前离开。	最後の客が帰るのもほぼ夜半前。
01.txt.json	0	*top	242	0					食器等の片付けをしても夜中の１時前には終わる。	就算收拾好餐具之类的东西，也会在凌晨一点前结束。	食器等の片付けをしても夜中の１時前には終わる。
01.txt.json	0	*top	243	0					０時を過ぎての客足はゼロ。	过了零点就一个客人都没有了。	０時を過ぎての客足はゼロ。
01.txt.json	0	*top	244	0					０時をすぎてお客が来なければ閉めていいよと\nオーナーからは言われている。	老板跟我说过，过了零点还没有客人上门的话，关门就行了。	０時をすぎてお客が来なければ閉めていいよと\nオーナーからは言われている。
01.txt.json	0	*top	245	0					助かる。	这倒帮大忙了。	助かる。
01.txt.json	0	*top	246	0					お客は平日で、多くて５０人。\n決して儲かってるわけではないので、\nスタッフは俺１人のワンオペ作業。	平日里最多也就五十位客人。\n生意绝算不上红火，\n所以店里只有我一个人，什么都得自己干。	お客は平日で、多くて５０人。\n決して儲かってるわけではないので、\nスタッフは俺１人のワンオペ作業。
01.txt.json	0	*top	247	0					終わる時間は早ければ早いほどいい。	结束得越早越好。	終わる時間は早ければ早いほどいい。
01.txt.json	0	*top	248	0					入り口の看板を『Ｃｌｏｓｅｄ』にして、\nドアに鍵をかけた。	我把门口的招牌翻成“Ｃｌｏｓｅｄ”，\n然后锁上了门。	入り口の看板を『Ｃｌｏｓｅｄ』にして、\nドアに鍵をかけた。
01.txt.json	0	*top	249	0	稔	稔			「ふぅ」	「呼」	「ふぅ」
01.txt.json	0	*top	250	0					商店街はもうすっかり灯りが落ちている。	商业街已经彻底熄灯了。	商店街はもうすっかり灯りが落ちている。
01.txt.json	0	*top	251	0					昼がメインの食堂や喫茶店はもちろん、\n前は２４時間営業だったレンタルビデオ屋まで。\nまるで人の気配がなかった。	不用说那些以白天为主的食堂和咖啡店，\n就连以前二十四小时营业的租赁录像店也一样。\n整条街仿佛连一丝人气都没有。	昼がメインの食堂や喫茶店はもちろん、\n前は２４時間営業だったレンタルビデオ屋まで。\nまるで人の気配がなかった。
01.txt.json	0	*top	252	0					時々灯りのあるコンビニの前では、喫煙コーナーに\n自転車移動のおっさんがたむろってるくらい。	偶尔有灯光的便利店门前，也不过是些骑自行车过来的大叔聚在吸烟区。	時々灯りのあるコンビニの前では、喫煙コーナーに\n自転車移動のおっさんがたむろってるくらい。
01.txt.json	0	*top	253	0					よく言えば静か。悪く言えば寂しい街並み。	说好听点是安静，说难听点就是一派寂寥的街景。	よく言えば静か。悪く言えば寂しい街並み。
01.txt.json	0	*top	254	0					俺の気質にはちょうどいい。	倒是正合我的性子。	俺の気質にはちょうどいい。
01.txt.json	0	*top	255	0					岩手県石飛市。	岩手县石飞市。	岩手県石飛市。
01.txt.json	0	*top	256	0					都市部でも賑わってるとはいえない岩手の、\nさらに郊外にあたるこの町は、\n夜はいつもこんな感じだった。	岩手县就算是市区也称不上热闹，\n而这座位于更郊外的小镇，\n夜里一直都是这副光景。	都市部でも賑わってるとはいえない岩手の、\nさらに郊外にあたるこの町は、\n夜はいつもこんな感じだった。
01.txt.json	0	*top	257	0					冬は雪も多いからな。\n住人に、夜出歩くという習慣がない。	毕竟冬天雪也下得多。\n镇上的居民没有晚上出门闲逛的习惯。	冬は雪も多いからな。\n住人に、夜出歩くという習慣がない。
01.txt.json	0	*top	258	0					出歩いてるのは……俺みたいに、	会在外面闲逛的……也就只有像我这样的人、	出歩いてるのは……俺みたいに、
01.txt.json	0	*top	259	0					夜側の人間くらいのものだ。	也就算是夜行派的人了。	夜側の人間くらいのものだ。
01.txt.json	0	*top	260	0					部屋に戻る。	回房间。	部屋に戻る。
01.txt.json	0	*top	261	0					ん……と。	嗯。	ん……と。
01.txt.json	0	*top	262	0	稔	稔			「……」	「……」	「……」
01.txt.json	0	*top	263	0					人の気配はない。	没有人的气息。	人の気配はない。
01.txt.json	0	*top	264	0					１２時間前に出たときは、ウサ耳ちゃんが\nごろごろしていた気がするが。	十二小时前出门的时候，记得兔耳女孩还在\n懒洋洋地打滚来着。	１２時間前に出たときは、ウサ耳ちゃんが\nごろごろしていた気がするが。
01.txt.json	0	*top	265	0					いない。	不在。	いない。
01.txt.json	0	*top	266	0					出て行ったか？	出去了吗？	出て行ったか？
01.txt.json	0	*top	267	0					それともやっぱりあれは幻だったのか。	还是说，那果然只是幻觉。	それともやっぱりあれは幻だったのか。
01.txt.json	0	*top	268	0	稔	稔			「やれやれ」	「真是的」	「やれやれ」
01.txt.json	0	*top	269	0					疲れてんのかね。俺。	我这是累了吗。	疲れてんのかね。俺。
01.txt.json	0	*top	270	0					見えてちゃいけないものが見える。	看到了不该看见的东西。	見えてちゃいけないものが見える。
01.txt.json	0	*top	271	0					そう聞くと、なんかもう、心にとんでもない闇を\n抱えてる感じだが……。	这么一听，感觉心里好像已经藏着\n不得了的黑暗了……。	そう聞くと、なんかもう、心にとんでもない闇を\n抱えてる感じだが……。
01.txt.json	0	*top	272	0					自分自身ではそんな気しないから不思議だ。	可我自己却完全没有这种感觉，真奇怪。	自分自身ではそんな気しないから不思議だ。
01.txt.json	0	*top	273	0					夜型の仕事をして、外を歩くのは夜が基本になって、	从事着夜班工作，出门也基本都在晚上、	夜型の仕事をして、外を歩くのは夜が基本になって、
01.txt.json	0	*top	274	0					夜の闇にすっかり慣れたせいで、\n心の闇にも鈍感なんだろうか？	难道是因为已经完全习惯了夜晚的黑暗，\n所以对心中的黑暗也变得迟钝了吗？	夜の闇にすっかり慣れたせいで、\n心の闇にも鈍感なんだろうか？
01.txt.json	0	*top	275	0	稔	稔			「……」	「……」	「……」
01.txt.json	0	*top	276	0					どーでもいい。	无所谓了。	どーでもいい。
01.txt.json	0	*top	277	0					寝よう。ベッドに腰をおろす――。	睡觉吧。我在床边坐下。	寝よう。ベッドに腰をおろす――。
01.txt.json	0	*top	278	0					――むにょ。	——咕叽。	――むにょ。
01.txt.json	0	*top	279	0	プーカ	普卡	puca0040		「ぴゃあ！」	「呀啊！」	「ぴゃあ！」
01.txt.json	0	*top	280	0					びっくりした。	吓我一跳。	びっくりした。
01.txt.json	0	*top	281	0	プーカ	普卡	puca0041		「なになになになに誰誰誰誰お尻さわったぁ！」	「什么什么什么什么，谁谁谁谁摸我屁股啦！」	「なになになになに誰誰誰誰お尻さわったぁ！」
01.txt.json	0	*top	282	0	プーカ	普卡	puca0042		「あ、稔くんお帰り」	「啊，稔君，欢迎回来」	「あ、稔くんお帰り」
01.txt.json	0	*top	283	0	稔	稔			「……」	「……」	「……」
01.txt.json	0	*top	284	0					いたのかよ。	你还在啊。	いたのかよ。
01.txt.json	0	*top	285	0					布団に包まって寝てたみたいだ。\nちっちゃいから気付かなかった。	"她好像裹着被子睡着了。
个头太小，没注意到。"	布団に包まって寝てたみたいだ。\nちっちゃいから気付かなかった。
01.txt.json	0	*top	286	0					人気はないと思ったんだが……。\nまあ半分透けてるし、仕方あるまい。	"我还以为这里没人……
不过她有一半是透明的，也难怪发现不了。"	人気はないと思ったんだが……。\nまあ半分透けてるし、仕方あるまい。
01.txt.json	0	*top	287	0	稔	稔			「ただいま」	「我回来了」	「ただいま」
01.txt.json	0	*top	288	0	プーカ	普卡	puca0043		「くぁあ……もー、起こさないでよ」	「哈啊……真是的，别叫醒我嘛」	「くぁあ……もー、起こさないでよ」
01.txt.json	0	*top	289	0	プーカ	普卡	puca0044		「夜の……え、１時？　人間が起きてる時間じゃないよぉ」	「晚上……诶，凌晨一点？这不是人类该醒着的时间呀」	「夜の……え、１時？　人間が起きてる時間じゃないよぉ」
01.txt.json	0	*top	290	0					大あくびするプーカ。	普卡打了个大大的哈欠。	大あくびするプーカ。
01.txt.json	0	*top	291	0					お前、人間のつもりなの？	你以为自己是人类吗？	お前、人間のつもりなの？
01.txt.json	0	*top	292	0	稔	稔			「そいつは悪かったな。\n勝手に俺のベッド使ってなければ起こさなかったんだが」	「那还真是抱歉。要不是你擅自用我的床，我也不会叫醒你」	「そいつは悪かったな。\n勝手に俺のベッド使ってなければ起こさなかったんだが」
01.txt.json	0	*top	293	0	プーカ	普卡	puca0045		「んもー」	「真是的」	「んもー」
01.txt.json	0	*top	294	0	プーカ	普卡	puca0046		「……ダメ。眠い。寝る」	「……不行。困了。睡觉」	「……ダメ。眠い。寝る」
01.txt.json	0	*top	295	0					文句よりも眠いようで、また布団に包まる。	比起抱怨，她似乎更困，又裹回了被子里。	文句よりも眠いようで、また布団に包まる。
01.txt.json	0	*top	296	0					……俺の布団だっつに。	……明明是我的被子啊。	……俺の布団だっつに。
01.txt.json	0	*top	297	0	稔	稔			「あのさ、お前……」	「那个，你啊……」	「あのさ、お前……」
01.txt.json	0	*top	298	0	プーカ	普卡	puca0047		「くあああ……明日にしてー。ねむいよー」	「哈啊啊……明天再说嘛。好困哦」	「くあああ……明日にしてー。ねむいよー」
01.txt.json	0	*top	299	0	稔	稔			「いや、話さなきゃいけないことがだな」	「不是，有件必须跟你说的事」	「いや、話さなきゃいけないことがだな」
01.txt.json	0	*top	300	0	プーカ	普卡	puca0048		「ねるー」	「睡觉」	「ねるー」
01.txt.json	0	*top	301	0					クソガキが。	真是个臭小鬼。	クソガキが。
01.txt.json	0	*top	302	0					さすがに甘やかすのも面倒になってきた。\nちょっと大声を……。	再这样宠下去也开始觉得麻烦了。\n稍微大声喊……。	さすがに甘やかすのも面倒になってきた。\nちょっと大声を……。
01.txt.json	0	*top	303	0	プーカ	普卡	puca0049		「ねえ寝てたからよく分かんないけど……。\nさっきお尻さわった？」	「我刚才在睡觉，所以不太清楚……。\n你刚才摸我屁股了？」	「ねえ寝てたからよく分かんないけど……。\nさっきお尻さわった？」
01.txt.json	0	*top	304	0	稔	稔			「……」	「……」	「……」
01.txt.json	0	*top	305	0	稔	稔			「知らん」	「不知道」	「知らん」
01.txt.json	0	*top	306	0	プーカ	普卡	puca0050		「まあいいや、それも明日ね。……ぐぅ」	「算了，那个也明天再说。……呼」	「まあいいや、それも明日ね。……ぐぅ」
01.txt.json	0	*top	307	0	稔	稔			「……」	「……」	「……」
01.txt.json	0	*top	308	0	プーカ	普卡	puca0051		「……すやー」	「……呼噜」	「……すやー」
01.txt.json	0	*top	309	0					寝た。	睡着了。	寝た。
01.txt.json	0	*top	310	0					くそう。	可恶。	くそう。
01.txt.json	0	*top	311	0					ガキのケツなんて、そんなに強いカードじゃないだろ。\nこっちは怒鳴る権利あるぞ。	小鬼的屁股什么的，又不是什么厉害的牌。\n我这边可是有大声呵斥的权利啊。	ガキのケツなんて、そんなに強いカードじゃないだろ。\nこっちは怒鳴る権利あるぞ。
01.txt.json	0	*top	312	0					あるんだが……。	虽说是有……。	あるんだが……。
01.txt.json	0	*top	313	0	稔	稔			「……」	「……」	「……」
01.txt.json	0	*top	314	0					はあっ。	哈啊。	はあっ。
01.txt.json	0	*top	315	0					その日は床にクッションを並べて寝た。	那天我把坐垫铺在地板上睡了。	その日は床にクッションを並べて寝た。
01.txt.json	0	*top	316	0					・・・・・	……	・・・・・
01.txt.json	0	*top	317	0					・・・・	・・・・	・・・・
01.txt.json	0	*top	318	0					・・・	・・・	・・・
01.txt.json	0	*top	319	0					――ガタガタ。	――嘎吱嘎吱。	――ガタガタ。
01.txt.json	0	*top	320	0					――ごそごそ。	――窸窸窣窣。	――ごそごそ。
01.txt.json	0	*top	321	0	プーカ	普卡	puca0052		「あった♪」	「找到了♪」	「あった♪」
01.txt.json	0	*top	322	0					――ガチャガチャガチャ。	――哐啷哐啷哐啷。	――ガチャガチャガチャ。
01.txt.json	0	*top	323	0	稔	稔			「……」	「……」	「……」
01.txt.json	0	*top	324	0					眠い。	好困。	眠い。
01.txt.json	0	*top	325	0					昨日も朝早かったけど、今日も早めに叩き起こされた。	昨天一大早就被叫醒了，今天也被早早地敲醒了。	昨日も朝早かったけど、今日も早めに叩き起こされた。
01.txt.json	0	*top	326	0					もうなんとか無視しようと思ったが、	我本来已经打算想办法无视她了，可是、	もうなんとか無視しようと思ったが、
01.txt.json	0	*top	327	0					――じゅ～～～。	――滋～～～。	――じゅ～～～。
01.txt.json	0	*top	328	0					なんか焼いてる。	好像在烤什么东西。	なんか焼いてる。
01.txt.json	0	*top	329	0					さすがに心配になる音だ。\n寝ていられない。	这声音确实让人担心。\n根本没法睡。	さすがに心配になる音だ。\n寝ていられない。
01.txt.json	0	*top	330	0	稔	稔			「なにやってんだ」	「你在干什么」	「なにやってんだ」
01.txt.json	0	*top	331	0	プーカ	普卡	puca0053		「あっ、起きた？」	「啊，你醒啦？」	「あっ、起きた？」
01.txt.json	0	*top	332	0					元気な声が返ってくる。	对方精神十足地回应道。	元気な声が返ってくる。
01.txt.json	0	*top	333	0					ったく……。	真是的……。	ったく……。
01.txt.json	0	*top	334	0					幽霊なら朝になったら消えてるもんだろ。	如果是幽灵，天一亮就该消失了吧。	幽霊なら朝になったら消えてるもんだろ。
01.txt.json	0	*top	335	0					消えろとまでは言わないけど、せめて静かにしろ。	我倒没说让你消失，但至少安静点。	消えろとまでは言わないけど、せめて静かにしろ。
01.txt.json	0	*top	336	0	プーカ	普卡	puca0054		「朝ごはん、目玉焼きでいいよね」	「早饭吃煎蛋可以吧」	「朝ごはん、目玉焼きでいいよね」
01.txt.json	0	*top	337	0	プーカ	普卡	puca0055		「パンにする？　ごはんにする？\nもっと言うとパンかご飯ある？」	「吃面包？还是米饭？\n说得更直接点，家里有面包或米饭吗？」	「パンにする？　ごはんにする？\nもっと言うとパンかご飯ある？」
01.txt.json	0	*top	338	0	稔	稔			「……」	「……」	「……」
01.txt.json	0	*top	339	0					朝飯を作ってるらしい。	看来她正在做早饭。	朝飯を作ってるらしい。
01.txt.json	0	*top	340	0					人の家のものを勝手に……。	竟然擅自动用别人家里的东西……。	人の家のものを勝手に……。
01.txt.json	0	*top	341	0					まあ目玉焼きは２つ。\n俺のも用意してるっぽいから、文句はやめとこう。	不过煎蛋有两个。\n看样子也准备了我的份，还是别抱怨了。	まあ目玉焼きは２つ。\n俺のも用意してるっぽいから、文句はやめとこう。
01.txt.json	0	*top	342	0	稔	稔			「パンならある。焼くか？」	「面包倒是有。要烤吗？」	「パンならある。焼くか？」
01.txt.json	0	*top	343	0	プーカ	普卡	puca0056		「焼くー！」	「要烤！」	「焼くー！」
01.txt.json	0	*top	344	0	プーカ	普卡	puca0057		「あっ、ねえねえパンならジャムあるジャム？\n甘いの」	「啊，对了对了，有面包的话，有果酱吗果酱？\n甜甜的那种」	「あっ、ねえねえパンならジャムあるジャム？\n甘いの」
01.txt.json	0	*top	345	0	稔	稔			「甘いのは……ブラックカラントならあるかな」	「甜的嘛……黑加仑的应该还有」	「甘いのは……ブラックカラントならあるかな」
01.txt.json	0	*top	346	0	プーカ	普卡	puca0058		「ぶらっくからんと？」	「黑加仑？」	「ぶらっくからんと？」
01.txt.json	0	*top	347	0	稔	稔			「日本語だと黒スグリ……カシスだ」	「日语叫黑醋栗……也就是卡西斯」	「日本語だと黒スグリ……カシスだ」
01.txt.json	0	*top	348	0	プーカ	普卡	puca0059		「かしすのジャム……おお、なんか大人っぽい」	「卡西斯果酱……哦，感觉好成熟」	「かしすのジャム……おお、なんか大人っぽい」
01.txt.json	0	*top	349	0					確かに子供用じゃないが、甘みはあるので\nお子ちゃまにはちょうどいいだろう。	确实不是给小孩子吃的，不过有甜味，\n倒是正适合这种小屁孩。	確かに子供用じゃないが、甘みはあるので\nお子ちゃまにはちょうどいいだろう。
01.txt.json	0	*top	350	0					用意してやる。	我来给你准备。	用意してやる。
01.txt.json	0	*top	351	0	プーカ	普卡	puca0060		「いたーきまーす」	「开——动——啦」	「いたーきまーす」
01.txt.json	0	*top	352	0	稔	稔			「……」	「……」	「……」
01.txt.json	0	*top	353	0	プーカ	普卡	puca0061		「こら稔くん、いただきますちゃんと言いなさい」	「喂，稔君，要好好说‘我开动了’才行」	「こら稔くん、いただきますちゃんと言いなさい」
01.txt.json	0	*top	354	0					うぜ。	烦死了。	うぜ。
01.txt.json	0	*top	355	0	稔	稔			「いただきます」	「我开动了」	「いただきます」
01.txt.json	0	*top	356	0	プーカ	普卡	puca0062		「はいどうぞめしあがれ」	「来，请享用」	「はいどうぞめしあがれ」
01.txt.json	0	*top	357	0					なんかもう流れで、２人で朝メシにすることに。	不知怎么就顺着这个氛围，变成了两个人一起吃早饭。	なんかもう流れで、２人で朝メシにすることに。
01.txt.json	0	*top	358	0					トーストと目玉焼き。\nだけではさすがに味気ないので、\n余り物のローストビーフと、サラダにはルッコラを。	吐司和煎蛋。\n光是这些未免太单调，\n所以又加上了剩下的烤牛肉，沙拉里则放了芝麻菜。	トーストと目玉焼き。\nだけではさすがに味気ないので、\n余り物のローストビーフと、サラダにはルッコラを。
01.txt.json	0	*top	359	0	プーカ	普卡	puca0063		「あむあむあむ」	「啊呜啊呜啊呜」	「あむあむあむ」
01.txt.json	0	*top	360	0	プーカ	普卡	puca0064		「おお、うめえカシスジャム。\nなんか、ブルーベリーとか、そんな感じ」	「哦，这黑醋栗果酱真好吃。\n感觉就像蓝莓之类的」	「おお、うめえカシスジャム。\nなんか、ブルーベリーとか、そんな感じ」
01.txt.json	0	*top	361	0	稔	稔			「ベリー仲間だからな」	「因为都是浆果嘛」	「ベリー仲間だからな」
01.txt.json	0	*top	362	0	プーカ	普卡	puca0065		「そっちはつける？　いいよいっぱいつけて」	「你要抹那个吗？　可以呀，多抹一点」	「そっちはつける？　いいよいっぱいつけて」
01.txt.json	0	*top	363	0	稔	稔			「いらん」	「不要」	「いらん」
01.txt.json	0	*top	364	0					朝から甘いものは年齢的に卒業してる。	一大早吃甜食什么的，按我的年纪来说早就该毕业了。	朝から甘いものは年齢的に卒業してる。
01.txt.json	0	*top	365	0					てか『つけていいよ』ってなんだ。\n俺のジャムだろが。	话说回来，“可以抹哦”是什么鬼。\n那可是我的果酱。	てか『つけていいよ』ってなんだ。\n俺のジャムだろが。
01.txt.json	0	*top	366	0					ツッコむのもめんどくさいから黙るけど。	吐槽也嫌麻烦，所以我就闭嘴了。	ツッコむのもめんどくさいから黙るけど。
01.txt.json	0	*top	367	0	プーカ	普卡	puca0066		「ぺたぺたぬりぬり」	「啪嗒啪嗒，涂涂抹抹」	「ぺたぺたぬりぬり」
01.txt.json	0	*top	368	0	稔	稔			「……」	「……」	「……」
01.txt.json	0	*top	369	0					勝手に塗ってきた。	她自顾自地抹了起来。	勝手に塗ってきた。
01.txt.json	0	*top	370	0	稔	稔			「いらんって言ったの聞こえなかったか？」	「我说了不要，你没听见吗？」	「いらんって言ったの聞こえなかったか？」
01.txt.json	0	*top	371	0	プーカ	普卡	puca0067		「遠慮しないで～。絶対おいしいから～」	「别客气嘛～绝对很好吃的～」	「遠慮しないで～。絶対おいしいから～」
01.txt.json	0	*top	372	0					うん、だから俺が買ったジャムなんだよ。\n味のほどは俺の方が知ってるんだよ。	嗯，所以这是我买的果酱。\n味道怎么样，我比你更清楚。	うん、だから俺が買ったジャムなんだよ。\n味のほどは俺の方が知ってるんだよ。
01.txt.json	0	*top	373	0					はあ……これもツッコむのめんどくさい。\n黙って食おう。	唉……这个也懒得吐槽了。\n安静吃吧。	はあ……これもツッコむのめんどくさい。\n黙って食おう。
01.txt.json	0	*top	374	0	稔	稔			「……」（もむもむ）	「……」（嚼嚼）	「……」（もむもむ）
01.txt.json	0	*top	375	0	稔	稔			「お」	「哦」	「お」
01.txt.json	0	*top	376	0	プーカ	普卡	puca0068		「ど？　ど？　美味しいっしょ」	「怎？怎？很好吃吧」	「ど？　ど？　美味しいっしょ」
01.txt.json	0	*top	377	0	稔	稔			「ああ……久し振りにパンで食ったけど、\n意外とイケるな」	「啊啊……虽然久违地抹在面包上吃了，\n意外地还挺不错」	「ああ……久し振りにパンで食ったけど、\n意外とイケるな」
01.txt.json	0	*top	378	0					このジャムは調味料として仕入れてるから、\nそのまま食べる機会は最近なかった。	这果酱是作为调味料进货的，\n最近没什么机会直接吃。	このジャムは調味料として仕入れてるから、\nそのまま食べる機会は最近なかった。
01.txt.json	0	*top	379	0					久し振りに感じる、ちょっともったりしたカシスの甘味。	黑加仑那略显浓稠的甜味，令人感到久违。	久し振りに感じる、ちょっともったりしたカシスの甘味。
01.txt.json	0	*top	380	0					悪くなかった。	味道还不错。	悪くなかった。
01.txt.json	0	*top	381	0					・・・・・	……	・・・・・
01.txt.json	0	*top	382	0	稔	稔			「んで、だな」	「然后呢」	「んで、だな」
01.txt.json	0	*top	383	0	プーカ	普卡	puca0069		「うん」	「嗯」	「うん」
01.txt.json	0	*top	384	0					食後。	饭后。	食後。
01.txt.json	0	*top	385	0					コーヒーブレイクとしゃれこんで。\n俺はブラック、プーカには牛乳たっぷりのを用意してやり、	来一场咖啡小憩。\n我准备了黑咖啡，给普卡则准备了加满牛奶的咖啡、	コーヒーブレイクとしゃれこんで。\n俺はブラック、プーカには牛乳たっぷりのを用意してやり、
01.txt.json	0	*top	386	0					ようやく落ち着いて話す時間が取れる。	终于有时间静下心来好好聊聊了。	ようやく落ち着いて話す時間が取れる。
01.txt.json	0	*top	387	0	稔	稔			「お前が何者かとかは、もう、あきらめた。\n幻でも幽霊でも宇宙人でもなんでもいいや」	「你到底是什么人，我已经放弃追究了。\n幻觉也好，幽灵也好，外星人也好，随便你吧」	「お前が何者かとかは、もう、あきらめた。\n幻でも幽霊でも宇宙人でもなんでもいいや」
01.txt.json	0	*top	388	0	プーカ	普卡	puca0070		「うん」	「嗯」	「うん」
01.txt.json	0	*top	389	0	稔	稔			「いつまでここにいるんだ？」	「你打算在这里待到什么时候？」	「いつまでここにいるんだ？」
01.txt.json	0	*top	390	0	プーカ	普卡	puca0071		「いつって？」	「什么时候？」	「いつって？」
01.txt.json	0	*top	391	0	稔	稔			「ありていに言うと傷つけるかもしれないが、\nこのままだと、一緒に住む的な流れになりそうで怖い」	「直说可能会伤到你，\n但照这样下去，感觉我们会变成要一起生活的关系，我有点害怕」	「ありていに言うと傷つけるかもしれないが、\nこのままだと、一緒に住む的な流れになりそうで怖い」
01.txt.json	0	*top	392	0	稔	稔			「出て行く予定はあるか？」	「你有打算离开这里吗？」	「出て行く予定はあるか？」
01.txt.json	0	*top	393	0	稔	稔			「もしお前がここを離れられない地縛霊的なアレなら、\nまあ……１ヶ月ほどくれれば俺が別の家を探すが」	「如果你是那种无法离开这里的地缚灵之类的东西，\n那……给我一个月左右，我会去找别的房子」	「もしお前がここを離れられない地縛霊的なアレなら、\nまあ……１ヶ月ほどくれれば俺が別の家を探すが」
01.txt.json	0	*top	394	0					こういう『いきなり家に謎の女の子が！』的なのは、\nアニメならだいたい３話目くらいでケンカして\n出てけー！　ってなるのがお約束だが。	这种“家里突然出现了神秘少女！”之类的情节，\n在动画里一般到了第三集左右就会吵架，\n然后喊着“给我出去——！”才是惯例。	こういう『いきなり家に謎の女の子が！』的なのは、\nアニメならだいたい３話目くらいでケンカして\n出てけー！　ってなるのがお約束だが。
01.txt.json	0	*top	395	0					俺は大人だ。無駄にケンカ腰では行かない。	我是大人，不会无缘无故地摆出一副要吵架的架势。	俺は大人だ。無駄にケンカ腰では行かない。
01.txt.json	0	*top	396	0					なんならこいつを怒らせたら、呪われるなり\n目から怪光線なり撃ってくるかもしれないから、\n怖い。	要是把这家伙惹恼了，说不定会诅咒我，或者从眼睛里射出怪光线什么的，\n所以很可怕。	なんならこいつを怒らせたら、呪われるなり\n目から怪光線なり撃ってくるかもしれないから、\n怖い。
01.txt.json	0	*top	397	0					平和に。平和に追い出したい。	和平一点。我想和平地把她赶出去。	平和に。平和に追い出したい。
01.txt.json	0	*top	398	0	プーカ	普卡	puca0072		「んー、出てけって言われても」	「嗯——就算你叫我出去」	「んー、出てけって言われても」
01.txt.json	0	*top	399	0	プーカ	普卡	puca0073		「あたし、どこに行けば良いの？」	「那我该去哪里？」	「あたし、どこに行けば良いの？」
01.txt.json	0	*top	400	0	稔	稔			「家は？」	「你家呢？」	「家は？」
01.txt.json	0	*top	401	0	プーカ	普卡	puca0074		「え……ここ？」	「诶……这里？」	「え……ここ？」
01.txt.json	0	*top	402	0	稔	稔			「いや、ここに来る前に、どっかあっただろ。\n墓とかＵＦＯとか、元いた場所が」	「不是，我是说，在来这里之前，你总该有个什么地方吧。\n比如坟墓啊、UFO啊，或者原本待的地方之类的」	「いや、ここに来る前に、どっかあっただろ。\n墓とかＵＦＯとか、元いた場所が」
01.txt.json	0	*top	403	0	プーカ	普卡	puca0075		「んー」	「嗯」	「んー」
01.txt.json	0	*top	404	0	プーカ	普卡	puca0076		「分かんない。あたしどっから来たの？」	「不知道。我是从哪里来的？」	「分かんない。あたしどっから来たの？」
01.txt.json	0	*top	405	0	稔	稔			「……」	「……」	「……」
01.txt.json	0	*top	406	0	プーカ	普卡	puca0077		「気がついたらここにいて……ここにいたんだけど」	「回过神来就已经在这里了……虽然确实是在这里没错」	「気がついたらここにいて……ここにいたんだけど」
01.txt.json	0	*top	407	0	プーカ	普卡	puca0078		「なんでここにいるの？」	「你为什么会在这里？」	「なんでここにいるの？」
01.txt.json	0	*top	408	0					首をかしげている。	她歪着脑袋。	首をかしげている。
01.txt.json	0	*top	409	0					そんな状況で昨日はマンガ読んでゲラゲラ笑ってたのか。\nメンタルオリハルコンかよコイツ。	在那种情况下，她昨天居然还能看漫画笑得哈哈的。\n这家伙的精神是奥利哈刚做的吗。	そんな状況で昨日はマンガ読んでゲラゲラ笑ってたのか。\nメンタルオリハルコンかよコイツ。
01.txt.json	0	*top	410	0	稔	稔			「ここに来る前、最後に覚えてることは？」	「来这里之前，你最后还记得什么？」	「ここに来る前、最後に覚えてることは？」
01.txt.json	0	*top	411	0	プーカ	普卡	puca0079		「え、うー」	「呃，嗯」	「え、うー」
01.txt.json	0	*top	412	0	プーカ	普卡	puca0080		「なんだっけ。おばあちゃんのとこに行こうとしてて」	「是什么来着。我本来正要去奶奶那里」	「なんだっけ。おばあちゃんのとこに行こうとしてて」
01.txt.json	0	*top	413	0	プーカ	普卡	puca0081		「んー」	「嗯」	「んー」
01.txt.json	0	*top	414	0	プーカ	普卡	puca0082		「とにかく、稔くんのところに行かなきゃってなったの」	「总之，我得去稔君那里才行」	「とにかく、稔くんのところに行かなきゃってなったの」
01.txt.json	0	*top	415	0	稔	稔			「俺はおばあちゃんではない」	「我不是你奶奶」	「俺はおばあちゃんではない」
01.txt.json	0	*top	416	0	プーカ	普卡	puca0083		「知ってるよ」	「我知道啊」	「知ってるよ」
01.txt.json	0	*top	417	0	プーカ	普卡	puca0084		「よく覚えてない。気がついたらここにいた」	「不太记得了。回过神来就已经在这里了」	「よく覚えてない。気がついたらここにいた」
01.txt.json	0	*top	418	0	プーカ	普卡	puca0085		「んで、うん、稔くんの側にいてあげようって。\nあたしがいないと寂しいかなって思ったわけ」	"「然后，嗯，我就想着要陪在稔身边。
我在想，要是没有我的话，你会不会寂寞」"	「んで、うん、稔くんの側にいてあげようって。\nあたしがいないと寂しいかなって思ったわけ」
01.txt.json	0	*top	419	0					なんで上から目線なんだコイツは。	这家伙怎么一副高高在上的口气。	なんで上から目線なんだコイツは。
01.txt.json	0	*top	420	0	稔	稔			「まあ、うん。とにかく気遣ってくれたわけか」	「嗯，算了。总之，你是担心我来着吧」	「まあ、うん。とにかく気遣ってくれたわけか」
01.txt.json	0	*top	421	0	プーカ	普卡	puca0086		「うん」	「嗯」	「うん」
01.txt.json	0	*top	422	0	稔	稔			「ありがとう」	「谢谢」	「ありがとう」
01.txt.json	0	*top	423	0	稔	稔			「でも俺は別に１人で寂しくはないから」	「但我一个人也不会觉得寂寞」	「でも俺は別に１人で寂しくはないから」
01.txt.json	0	*top	424	0	プーカ	普卡	puca0087		「うん」	「嗯」	「うん」
01.txt.json	0	*top	425	0	稔	稔			「ありがとう」	「谢谢」	「ありがとう」
01.txt.json	0	*top	426	0	プーカ	普卡	puca0088		「えっへへ、いいってお礼なんか～」	「嘿嘿，不用道谢啦～」	「えっへへ、いいってお礼なんか～」
01.txt.json	0	*top	427	0					遠回しに出てけと言ってるんだが、通じないようだ。	我都已经拐弯抹角地叫她出去了，她却好像完全没听懂。	遠回しに出てけと言ってるんだが、通じないようだ。
01.txt.json	0	*top	428	0					はあ……えっと？	唉……呃？	はあ……えっと？
01.txt.json	0	*top	429	0	稔	稔			「お前は……なんだ？　俺を狙ってここにきたのか？」	「你……到底是什么？是冲着我来的？」	「お前は……なんだ？　俺を狙ってここにきたのか？」
01.txt.json	0	*top	430	0	プーカ	普卡	puca0089		「うん。稔くんがちゃんとやれてるか心配で」	「嗯。因为我担心稔君有没有好好过日子」	「うん。稔くんがちゃんとやれてるか心配で」
01.txt.json	0	*top	431	0	稔	稔			「……自己紹介したのは昨日だよな？」	「……我们昨天才自我介绍过吧？」	「……自己紹介したのは昨日だよな？」
01.txt.json	0	*top	432	0					お互いに名前は分かってなかったはず。	按理说，我们应该还不知道彼此的名字。	お互いに名前は分かってなかったはず。
01.txt.json	0	*top	433	0	プーカ	普卡	puca0090		「うん。あれ、そうだね。なんかヘンだね」	「嗯。咦，还真是。感觉好奇怪啊」	「うん。あれ、そうだね。なんかヘンだね」
01.txt.json	0	*top	434	0	プーカ	普卡	puca0091		「でも思ったんだよ。君のとこに行かなきゃーって」	「不过我就是觉得，必须得去你那里才行」	「でも思ったんだよ。君のとこに行かなきゃーって」
01.txt.json	0	*top	435	0	プーカ	普卡	puca0092		「なんでだろ？」	「为什么呢？」	「なんでだろ？」
01.txt.json	0	*top	436	0					名前も知らないうちから俺のもとへ……。	明明连名字都还不知道，她就找到了我这里……。	名前も知らないうちから俺のもとへ……。
01.txt.json	0	*top	437	0					分からん。なんなんだ一体。	搞不懂。她到底是怎么回事。	分からん。なんなんだ一体。
01.txt.json	0	*top	438	0	プーカ	普卡	puca0093		「……」	「……」	「……」
01.txt.json	0	*top	439	0	プーカ	普卡	puca0094		「あれ。もしかしてあたし、迷惑？」	「咦。难道我给你添麻烦了？」	「あれ。もしかしてあたし、迷惑？」
01.txt.json	0	*top	440	0	稔	稔			「え、いや」	「呃，不是」	「え、いや」
01.txt.json	0	*top	441	0					ようやく気付いたか。	她总算注意到了。	ようやく気付いたか。
01.txt.json	0	*top	442	0					迷惑というか、困る存在ではある。	该说是添麻烦，还是让人伤脑筋的存在呢。	迷惑というか、困る存在ではある。
01.txt.json	0	*top	443	0					ただ面と向かって『迷惑だから出てけ』というのは\n罪悪感的にキツい。	但要当面说『你太添麻烦了，给我出去』，\n从罪恶感上来说实在太难受了。	ただ面と向かって『迷惑だから出てけ』というのは\n罪悪感的にキツい。
01.txt.json	0	*top	444	0	プーカ	普卡	puca0095		「んー、言われてみると、困るよね。\nいきなりこんな美少女が押しかけてきて」	「嗯——这么一说，确实挺伤脑筋的。\n突然有这么个美少女找上门来」	「んー、言われてみると、困るよね。\nいきなりこんな美少女が押しかけてきて」
01.txt.json	0	*top	445	0	プーカ	普卡	puca0096		「しかも、なんだぁこの格好は。\nえっちっちすぎるではないか」	「而且，这身打扮是怎么回事啊。\n也太色气了吧」	「しかも、なんだぁこの格好は。\nえっちっちすぎるではないか」
01.txt.json	0	*top	446	0	プーカ	普卡	puca0097		「すまぬ稔くん！　オスの劣情を刺激してしまって！」	「对不起，稔君！　不小心刺激到雄性的欲望了！」	「すまぬ稔くん！　オスの劣情を刺激してしまって！」
01.txt.json	0	*top	447	0	稔	稔			「その点は問題ない」	「这一点倒没问题」	「その点は問題ない」
01.txt.json	0	*top	448	0					確かにバニースーツというとアレだが、\nガキが着てるんじゃ単にセンスが古いコスプレだ。\n少なくともえっちっちではない。	虽说一提到兔女郎装，确实会让人想到那个，\n但让小鬼穿着，就只是品味老土的角色扮演服而已。\n至少算不上色气。	確かにバニースーツというとアレだが、\nガキが着てるんじゃ単にセンスが古いコスプレだ。\n少なくともえっちっちではない。
01.txt.json	0	*top	449	0	稔	稔			「あえて言うとその耳が気になるんだが……。\nなあ、その耳、それ頭から直に生えてない？」	「非要说的话，我倒是在意你那对耳朵……\n喂，那耳朵不会是直接从你脑袋上长出来的吧？」	「あえて言うとその耳が気になるんだが……。\nなあ、その耳、それ頭から直に生えてない？」
01.txt.json	0	*top	450	0	プーカ	普卡	puca0098		「え、んー」	「诶，嗯」	「え、んー」
01.txt.json	0	*top	451	0					昨日からちょいちょい気にしてたが、	从昨天开始就时不时有点在意、	昨日からちょいちょい気にしてたが、
01.txt.json	0	*top	452	0					頭の上のウサ耳、どうみてもヘアバンドではない。	但她头顶上的兔耳朵怎么看都不像发箍。	頭の上のウサ耳、どうみてもヘアバンドではない。
01.txt.json	0	*top	453	0					毛の感じが髪と一体化してるし、これは……。	毛发的感觉和头发融为一体了，这该不会是……。	毛の感じが髪と一体化してるし、これは……。
01.txt.json	0	*top	454	0					――みょいんみょいん。	――弹弹弹。	――みょいんみょいん。
01.txt.json	0	*top	455	0	プーカ	普卡	puca0099		「ぐおあ！？　なんじゃこりゃあ！　生えてる！」	「咕哇！？　这是什么鬼啊！　长出来的！」	「ぐおあ！？　なんじゃこりゃあ！　生えてる！」
01.txt.json	0	*top	456	0	稔	稔			「いま気付いたのか」	「你现在才发现吗」	「いま気付いたのか」
01.txt.json	0	*top	457	0					自分で引っ張って、驚いてるプーカ。	普卡自己拉了拉耳朵，惊讶不已。	自分で引っ張って、驚いてるプーカ。
01.txt.json	0	*top	458	0	プーカ	普卡	puca0100		「うわなにこれ！　こわ！\nなんで耳生えてんのあたし！？」	「呜哇这什么东西！　好可怕！\n为什么我会长出耳朵啊！？」	「うわなにこれ！　こわ！\nなんで耳生えてんのあたし！？」
01.txt.json	0	*top	459	0	プーカ	普卡	puca0101		「うわしかも、感覚ある。触ると分かるよこれ！」	「呜哇而且还有感觉。摸起来就知道了！」	「うわしかも、感覚ある。触ると分かるよこれ！」
01.txt.json	0	*top	460	0	プーカ	普卡	puca0102		「んぐ～」	「嗯呜～」	「んぐ～」
01.txt.json	0	*top	461	0					ぎにーっと引っ張る。	她使劲儿拉了拉。	ぎにーっと引っ張る。
01.txt.json	0	*top	462	0	プーカ	普卡	puca0103		「痛い！　痛覚ある！\nこれ身体の一部だよ稔くん！」	「好痛！　有痛觉！\n这可是身体的一部分啊，稔君！」	「痛い！　痛覚ある！\nこれ身体の一部だよ稔くん！」
01.txt.json	0	*top	463	0	稔	稔			「そうか。大変だな」	「这样啊。那还真够呛」	「そうか。大変だな」
01.txt.json	0	*top	464	0					こいつ昨日は自分の頭に謎の耳が生えてることより\n漫画読むの優先してたの？	这家伙昨天居然把看漫画放在了自己头上长出谜之耳朵这件事之前？	こいつ昨日は自分の頭に謎の耳が生えてることより\n漫画読むの優先してたの？
01.txt.json	0	*top	465	0	プーカ	普卡	puca0104		「え～……いやでも、耳、こっちだよね。\nうん、聞こえるのはこっちだけ」	「诶～……不过，耳朵是这边对吧。\n嗯，能听见声音的也只有这边」	「え～……いやでも、耳、こっちだよね。\nうん、聞こえるのはこっちだけ」
01.txt.json	0	*top	466	0	プーカ	普卡	puca0105		「じゃあなんなのこの耳～」	「那这对耳朵到底是怎么回事啦～」	「じゃあなんなのこの耳～」
01.txt.json	0	*top	467	0					頭の横についている、人間タイプの耳と、\n頭の上のやつを交互に触り比べてる。	她交替摸着比较头侧的人类耳朵和头顶上的那对耳朵。	頭の横についている、人間タイプの耳と、\n頭の上のやつを交互に触り比べてる。
01.txt.json	0	*top	468	0	プーカ	普卡	puca0106		「どうしよ稔くん。これ病院とか行った方がいい？」	「怎么办啊，稔君。这个要不要去医院看看？」	「どうしよ稔くん。これ病院とか行った方がいい？」
01.txt.json	0	*top	469	0	稔	稔			「まあ……気になるなら行った方がいいかな」	「嗯……你要是在意的话，还是去看看比较好吧」	「まあ……気になるなら行った方がいいかな」
01.txt.json	0	*top	470	0	プーカ	普卡	puca0107		「……」	「……」	「……」
01.txt.json	0	*top	471	0	プーカ	普卡	puca0108		「あれ！？　ちょっと待ってまさか！」	「咦！？　等一下，难道说！」	「あれ！？　ちょっと待ってまさか！」
01.txt.json	0	*top	472	0					今度は腰をぽんぽんした。	这次她拍了拍腰。	今度は腰をぽんぽんした。
01.txt.json	0	*top	473	0	プーカ	普卡	puca0109		「……」	「……」	「……」
01.txt.json	0	*top	474	0	プーカ	普卡	puca0110		「ある！　うわこっちも感覚ある！」	「有！　呜哇，这边也有感觉！」	「ある！　うわこっちも感覚ある！」
01.txt.json	0	*top	475	0	プーカ	普卡	puca0111		「ヤバい稔くん！　見てこれ！　しっぽ！\nしっぽもこれあたしから生えてる！」	「糟了，稔君！　你看这个！　尾巴！\n尾巴也是从我身上长出来的！」	「ヤバい稔くん！　見てこれ！　しっぽ！\nしっぽもこれあたしから生えてる！」
01.txt.json	0	*top	476	0	稔	稔			「お、おう」	「哦、哦」	「お、おう」
01.txt.json	0	*top	477	0					お尻のちょっと上についてるぽわぽわを見せてくる。	她把屁股上方一点的位置那团蓬松的东西展示给我看。	お尻のちょっと上についてるぽわぽわを見せてくる。
01.txt.json	0	*top	478	0					こっちも肌から生えてるのか。	这边也是从皮肤里长出来的吗。	こっちも肌から生えてるのか。
01.txt.json	0	*top	479	0					……ってことはあのバニースーツ、\n結構アレな位置に穴があいてるんだな？	……这么说来，那件兔女郎服在相当不得了的位置开了个洞啊？	……ってことはあのバニースーツ、\n結構アレな位置に穴があいてるんだな？
01.txt.json	0	*top	480	0					破れたら大変だぞ。	要是撕破了可就麻烦了。	破れたら大変だぞ。
01.txt.json	0	*top	481	0	プーカ	普卡	puca0112		「うわうわうわうわ気になってきた」	「呜哇呜哇呜哇呜哇，开始在意起来了」	「うわうわうわうわ気になってきた」
01.txt.json	0	*top	482	0	プーカ	普卡	puca0113		「お風呂借りるね！」	「我借用一下浴室哦！」	「お風呂借りるね！」
01.txt.json	0	*top	483	0					飛び込んでいった。	她一头冲了进去。	飛び込んでいった。
01.txt.json	0	*top	484	0					ふむ。	嗯。	ふむ。
01.txt.json	0	*top	485	0					あっちが大パニックだったので、逆に俺は冷静になって\n見届けていたわけだが。	因为那边已经乱成一团了，反倒是我冷静了下来，\n就这么看着事态发展。	あっちが大パニックだったので、逆に俺は冷静になって\n見届けていたわけだが。
01.txt.json	0	*top	486	0					バニースーツはともかく、ウサギの耳としっぽが生えてた。	兔女郎服先不说，她还长着兔子的耳朵和尾巴。	バニースーツはともかく、ウサギの耳としっぽが生えてた。
01.txt.json	0	*top	487	0					普通の人間ではないな。	她不是普通人类啊。	普通の人間ではないな。
01.txt.json	0	*top	488	0					こうなると幽霊説の確率がやや下がる。\nやはり宇宙人か？	这样一来，幽灵说的可能性就稍微降低了。\n果然是外星人吗？	こうなると幽霊説の確率がやや下がる。\nやはり宇宙人か？
01.txt.json	0	*top	489	0					いや待て。改造人間パターンもありうる。	不，等等。改造人模式也不是没有可能。	いや待て。改造人間パターンもありうる。
01.txt.json	0	*top	490	0					頭に生えてたってことは、脳がどうこうされてるのかも。\n記憶が途切れてるのはそのせい？	既然是从脑袋上长出来的，说不定是大脑被动了什么手脚。\n记忆中断也是因为这个？	頭に生えてたってことは、脳がどうこうされてるのかも。\n記憶が途切れてるのはそのせい？
01.txt.json	0	*top	491	0					でも俺以外に見えてないのはどう説明する。	但除了我以外没人看得见她，这又该怎么解释。	でも俺以外に見えてないのはどう説明する。
01.txt.json	0	*top	492	0					んー。	嗯。	んー。
01.txt.json	0	*top	493	0					……関わりたくないなあ。	……真不想和她扯上关系啊。	……関わりたくないなあ。
01.txt.json	0	*top	494	0					思うのだが、	我是这么想的、	思うのだが、
01.txt.json	0	*top	495	0					でも一緒にメシ食った流れで、\n面と向かって出てけと言うのは、やはり罪悪感。	可既然都一起吃过饭了，要当面叫她出去，果然还是会有罪恶感。	でも一緒にメシ食った流れで、\n面と向かって出てけと言うのは、やはり罪悪感。
01.txt.json	0	*top	496	0					困った。どうする。	麻烦了。该怎么办。	困った。どうする。
01.txt.json	0	*top	497	0	プーカ	普卡	puca0114		「はあ～、耳としっぽだけだった。\n他は普通だったわ」	「哈啊～，就只有耳朵和尾巴。\n其他地方都很普通嘛」	「はあ～、耳としっぽだけだった。\n他は普通だったわ」
01.txt.json	0	*top	498	0	稔	稔			「そうか。なによりだ」	「这样啊。那就好」	「そうか。なによりだ」
01.txt.json	0	*top	499	0					裸になって確かめたらしい。	听说她还脱光了确认过。	裸になって確かめたらしい。
01.txt.json	0	*top	500	0					ということはあのバニースーツは脱げるんだな。	这么说来，那套兔女郎服是能脱下来的啊。	ということはあのバニースーツは脱げるんだな。
01.txt.json	0	*top	501	0					基準が分からん。	我搞不懂判断标准了。	基準が分からん。
01.txt.json	0	*top	502	0	プーカ	普卡	puca0115		「ん～」	「嗯～」	「ん～」
01.txt.json	0	*top	503	0	プーカ	普卡	puca0116		「まいっか別に、ただ生えてるだけだし。\n耳だって２コより４コあるほうがお得だよね」	「算了，也没什么大不了的，反正只是长出来而已。\n耳朵嘛，四只肯定比两只划算，对吧」	「まいっか別に、ただ生えてるだけだし。\n耳だって２コより４コあるほうがお得だよね」
01.txt.json	0	*top	504	0	プーカ	普卡	puca0117		「ねえねえ昨日の続きなんだけどさあ。\nぎゅんたま、１１巻どこ？」	「那个，接着昨天的话题啊。\n《ぎゅんたま》第11卷在哪儿？」	「ねえねえ昨日の続きなんだけどさあ。\nぎゅんたま、１１巻どこ？」
01.txt.json	0	*top	505	0					ベッドに腰掛けるプーカ。	普卡坐在床边。	ベッドに腰掛けるプーカ。
01.txt.json	0	*top	506	0					え、耳としっぽ問題、もう終わり？	「诶，耳朵和尾巴的问题，这就结束了？	え、耳としっぽ問題、もう終わり？
01.txt.json	0	*top	507	0	プーカ	普卡	puca0118		「ねえねえ１１巻」	「那个，第11卷呢」	「ねえねえ１１巻」
01.txt.json	0	*top	508	0	稔	稔			「ああ……いや、もともと１０巻までしか持ってない」	「啊……不是，我本来就只买到第10卷」	「ああ……いや、もともと１０巻までしか持ってない」
01.txt.json	0	*top	509	0	プーカ	普卡	puca0119		「え～、なにそれ中途半端」	「诶～，什么嘛，真是半吊子」	「え～、なにそれ中途半端」
01.txt.json	0	*top	510	0	稔	稔			「あれ全部だと７０巻とか行くから、棚を圧迫するんだよ」	「那部漫画要是全买下来，可是会到70卷左右的，会把书架都塞满」	「あれ全部だと７０巻とか行くから、棚を圧迫するんだよ」
01.txt.json	0	*top	511	0					ヒマなとき読むように持ってるだけで\n全巻揃えるとかではない。	只是无聊的时候拿来读，\n并不是打算把全套都凑齐。	ヒマなとき読むように持ってるだけで\n全巻揃えるとかではない。
01.txt.json	0	*top	512	0	プーカ	普卡	puca0120		「う～、続き気になるよぉ」	「呜～好在意后面的剧情啊」	「う～、続き気になるよぉ」
01.txt.json	0	*top	513	0	稔	稔			「５０巻くらいまではほぼ１話完結モノだろ。我慢しなさい」	「到第50卷左右基本都是一集完结的故事。忍一忍吧」	「５０巻くらいまではほぼ１話完結モノだろ。我慢しなさい」
01.txt.json	0	*top	514	0	プーカ	普卡	puca0121		「ぶー」	「哼」	「ぶー」
01.txt.json	0	*top	515	0	プーカ	普卡	puca0122		「まあいいや。また１巻から読も」	「算了，还是从第1卷开始重读吧」	「まあいいや。また１巻から読も」
01.txt.json	0	*top	516	0	プーカ	普卡	puca0123		「ぬほーほほほ。このカツアゲシーン何回見ても笑うわ～」	「呜哈哈哈哈哈。这个敲诈场面不管看几遍都觉得好笑～」	「ぬほーほほほ。このカツアゲシーン何回見ても笑うわ～」
01.txt.json	0	*top	517	0	稔	稔			「……」	「……」	「……」
01.txt.json	0	*top	518	0					昨日の状態に戻った。	恢复成了昨天的状态。	昨日の状態に戻った。
01.txt.json	0	*top	519	0					あくまで出て行く気はないんだな。	看来你是打定主意不出去了啊。	あくまで出て行く気はないんだな。
01.txt.json	0	*top	520	0					あと自分が何者で、なんで耳としっぽが生えてるかとか。\nそういうのもスルーか。	还有你到底是谁，以及为什么会长出耳朵和尾巴之类的。\n连这种事也不管了吗。	あと自分が何者で、なんで耳としっぽが生えてるかとか。\nそういうのもスルーか。
01.txt.json	0	*top	521	0					ったく、大したメンタルしてる。	真是的，心理素质够强的。	ったく、大したメンタルしてる。
01.txt.json	0	*top	522	0	稔	稔			「……」	「……」	「……」
01.txt.json	0	*top	523	0					耳としっぽは……あっちの問題として、	耳朵和尾巴……先当作是另一个问题、	耳としっぽは……あっちの問題として、
01.txt.json	0	*top	524	0					俺以外に姿が見えない。って点は、\n俺としても気になるんだが。	除了我以外没人看得见她。这个事实，\n我自己也很在意。	俺以外に姿が見えない。って点は、\n俺としても気になるんだが。
01.txt.json	0	*top	525	0					まるでこの子の存在が……。	简直就像这孩子的存在……。	まるでこの子の存在が……。
01.txt.json	0	*top	526	0	プーカ	普卡	puca0124		「ねえねえお菓子食べたい」	「呐呐，我想吃点心」	「ねえねえお菓子食べたい」
01.txt.json	0	*top	527	0	稔	稔			「いまメシ食ったばっかりだろ。そんな時間じゃ――」	「你才刚吃完饭吧。现在这个时间」	「いまメシ食ったばっかりだろ。そんな時間じゃ――」
01.txt.json	0	*top	528	0	美世	美世	miyo0023		「どんな時間？」	「什么时间？」	「どんな時間？」
01.txt.json	0	*top	529	0					おわ。	哇。	おわ。
01.txt.json	0	*top	530	0	美世	美世	miyo0024		「誰と話してんの？」	「你在跟谁说话？」	「誰と話してんの？」
01.txt.json	0	*top	531	0	稔	稔			「姉さん」	「姐姐」	「姉さん」
01.txt.json	0	*top	532	0					今日も来たのか。	今天也来了啊。	今日も来たのか。
01.txt.json	0	*top	533	0					いや、まあ、姉弟だからいいんだけど。	不过，毕竟是姐弟，这倒也没什么。	いや、まあ、姉弟だからいいんだけど。
01.txt.json	0	*top	534	0	美世	美世	miyo0025		「７０巻とか５０巻とか……ぎゅんたま？」	「七十卷还是五十卷来着……《银魂？」	「７０巻とか５０巻とか……ぎゅんたま？」
01.txt.json	0	*top	535	0	稔	稔			「いや……うん」	「不是……嗯」	「いや……うん」
01.txt.json	0	*top	536	0	美世	美世	miyo0026		「分かる分かる。あれもともと私が買ったんだもんね。\n後半はシリアス多くなって離れたけど」	"「我懂我懂。那本书本来就是我买的嘛。
不过后半部分变得越来越严肃，我就没再看了」"	「分かる分かる。あれもともと私が買ったんだもんね。\n後半はシリアス多くなって離れたけど」
01.txt.json	0	*top	537	0	稔	稔			「う、うん」	「嗯、嗯」	「う、うん」
01.txt.json	0	*top	538	0	美世	美世	miyo0027		「誰と話してたの？」	「刚才在和谁说话？」	「誰と話してたの？」
01.txt.json	0	*top	539	0					ベッドを一瞥する姉さん。	姐姐瞥了一眼床铺。	ベッドを一瞥する姉さん。
01.txt.json	0	*top	540	0					プーカは相変わらず楽しそうに笑ってるが。	普卡却依旧开心地笑着。	プーカは相変わらず楽しそうに笑ってるが。
01.txt.json	0	*top	541	0	美世	美世	miyo0028		「また、誰かいるの？」	「又有人在吗？」	「また、誰かいるの？」
01.txt.json	0	*top	542	0	稔	稔			「えと」	「呃」	「えと」
01.txt.json	0	*top	543	0	美世	美世	miyo0029		「はあ……」	「唉……」	「はあ……」
01.txt.json	0	*top	544	0					頭を抱えた。	我抱住了脑袋。	頭を抱えた。
01.txt.json	0	*top	545	0	美世	美世	miyo0030		「いいかい弟よ。たしか、バニーガールだったよね」	「听好了，弟弟。记得是个兔女郎，对吧」	「いいかい弟よ。たしか、バニーガールだったよね」
01.txt.json	0	*top	546	0	美世	美世	miyo0031		「うん。男の子なんだ。そういうエロ子を\nはべらす妄想までなら、お姉ちゃん許容する」	「嗯。是男孩子嘛。要是只是妄想着让那种色色的女孩陪在身边，姐姐我还能接受」	「うん。男の子なんだ。そういうエロ子を\nはべらす妄想までなら、お姉ちゃん許容する」
01.txt.json	0	*top	547	0	美世	美世	miyo0032		「でもソレはマズい」	「但那可不妙」	「でもソレはマズい」
01.txt.json	0	*top	548	0					テーブルを指さした。	她指了指桌子。	テーブルを指さした。
01.txt.json	0	*top	549	0					食べたまま後片付けしていない、朝メシ用の皿が、	吃完后还没收拾的、早餐用的盘子、	食べたまま後片付けしていない、朝メシ用の皿が、
01.txt.json	0	*top	550	0					……２枚。	……两只。	……２枚。
01.txt.json	0	*top	551	0	美世	美世	miyo0033		「それはマズい。本当にマズい。\n妄想ちゃんの分まで用意してるのはお姉ちゃん、怖い」	「这可不妙。真的很不妙。连妄想出来的女孩那份都准备好了，姐姐我害怕」	「それはマズい。本当にマズい。\n妄想ちゃんの分まで用意してるのはお姉ちゃん、怖い」
01.txt.json	0	*top	552	0	稔	稔			「いや、だから、本当にメシ食ったんだってソイツと」	「不是，所以我都说了，我真的和那家伙一起吃了饭」	「いや、だから、本当にメシ食ったんだってソイツと」
01.txt.json	0	*top	553	0	美世	美世	miyo0034		「うおおお……神よ。どうしよう弟がどんどんヤバいです」	「呜哦哦哦……神啊。怎么办，弟弟越来越不妙了」	「うおおお……神よ。どうしよう弟がどんどんヤバいです」
01.txt.json	0	*top	554	0	美世	美世	miyo0035		「ねえ両方のお皿にパンくずついてるよね。\n２人分用意して、２人分食べたの？」	「喂，两个盘子上都有面包屑吧。\n准备了两人份，还真的吃了两人份？」	「ねえ両方のお皿にパンくずついてるよね。\n２人分用意して、２人分食べたの？」
01.txt.json	0	*top	555	0					めざとく状況を見てる姉さん。	姐姐敏锐地观察着现场。	めざとく状況を見てる姉さん。
01.txt.json	0	*top	556	0					確かに、ベッドに何かいる！　って言い張るくらいなら\nまだジョークの可能性があるけど、	如果只是坚持说床上有东西！那还有可能是在开玩笑、	確かに、ベッドに何かいる！　って言い張るくらいなら\nまだジョークの可能性があるけど、
01.txt.json	0	*top	557	0					食事を２人分用意するのは、本格的なやつだ。	可准备两人份的饭菜，就是真的不对劲了。	食事を２人分用意するのは、本格的なやつだ。
01.txt.json	0	*top	558	0					プーカが見えてる俺以外からすれば、\nはっきりと『奇行』だろう。	在除了能看见普卡的我以外的人看来，\n这无疑就是『怪异行为』吧。	プーカが見えてる俺以外からすれば、\nはっきりと『奇行』だろう。
01.txt.json	0	*top	559	0	美世	美世	miyo0036		「病院行こう稔。看てもらおう。早い内に」	「我们去医院吧，稔。让医生看看。趁还来得及」	「病院行こう稔。看てもらおう。早い内に」
01.txt.json	0	*top	560	0	美世	美世	miyo0037		「あー、いや、お寺？　お化けが見えてるのかも。\nねえ除霊ってどこいけばやってくれる？」	「啊——不对，要不去寺庙？说不定你看到的是鬼。\n喂，要驱魔的话该去哪里？」	「あー、いや、お寺？　お化けが見えてるのかも。\nねえ除霊ってどこいけばやってくれる？」
01.txt.json	0	*top	561	0	美世	美世	miyo0038		「いやでも、まずは病院。ね？\n大丈夫お姉ちゃんもついてくから」	「不管怎样，先去医院。好吗？\n没关系，姐姐也会陪你去」	「いやでも、まずは病院。ね？\n大丈夫お姉ちゃんもついてくから」
01.txt.json	0	*top	562	0	稔	稔			「いや、だから」	「不是，所以说」	「いや、だから」
01.txt.json	0	*top	563	0	美世	美世	miyo0039		「予約入れるよ。いいね」	「我来预约。就这么定了」	「予約入れるよ。いいね」
01.txt.json	0	*top	564	0	稔	稔			「わ、分かった分かった！」	「好、好啦好啦！」	「わ、分かった分かった！」
01.txt.json	0	*top	565	0					さすがに姉さんを口で追い出すのは無理そうで、\n言われるまま外へ。	看来光靠嘴是没法把姐姐赶走了，\n只好按她说的出了门。	さすがに姉さんを口で追い出すのは無理そうで、\n言われるまま外へ。
01.txt.json	0	*top	566	0	プーカ	普卡	puca0125		「どこ行くのー？」	「你要去哪儿？」	「どこ行くのー？」
01.txt.json	0	*top	567	0	稔	稔			「ちょ、ちょっと待ってなさい」	「等、等一下」	「ちょ、ちょっと待ってなさい」
01.txt.json	0	*top	568	0	プーカ	普卡	puca0126		「あたしも行くー」	「我也要去」	「あたしも行くー」
01.txt.json	0	*top	569	0	稔	稔			「いや、お前は大人しく」	「不，你给我老实待着」	「いや、お前は大人しく」
01.txt.json	0	*top	570	0	美世	美世	miyo0040		「誰と話してるの！　ほら行くよ！」	「你在跟谁说话呢！来，走了！」	「誰と話してるの！　ほら行くよ！」
01.txt.json	0	*top	571	0					連れ出された。	我被带了出去。	連れ出された。
01.txt.json	0	*top	572	0					・・・・・	……	・・・・・
01.txt.json	0	*top	573	0					・・・・	・・・・	・・・・
01.txt.json	0	*top	574	0					・・・	・・・	・・・
01.txt.json	0	*top	575	0	稔	稔			「ええ。ちょっと前からですね」	「嗯，应该有一阵子了」	「ええ。ちょっと前からですね」
01.txt.json	0	*top	576	0	稔	稔			「いえ、これまでにそういうことは」	「不，以前从来没有过这种事」	「いえ、これまでにそういうことは」
01.txt.json	0	*top	577	0	稔	稔			「とくに不安とかはないです。\nええ、仕事も安定していますので」	「没什么特别不安的。\n嗯，工作也很稳定」	「とくに不安とかはないです。\nええ、仕事も安定していますので」
01.txt.json	0	*top	578	0	稔	稔			「はあ、その幻ですか？」	「啊，那个幻觉吗？」	「はあ、その幻ですか？」
01.txt.json	0	*top	579	0	稔	稔			「いまそこにいますね」	「她现在就在那儿呢」	「いまそこにいますね」
01.txt.json	0	*top	580	0					病院にて。	在医院。	病院にて。
01.txt.json	0	*top	581	0	稔	稔			「座ってます」	「她坐着呢」	「座ってます」
01.txt.json	0	*top	582	0	医師	医生	m_doctor0001		「はあ……」	「唉……」	「はあ……」
01.txt.json	0	*top	583	0					予約がなかったのですげー時間待たされたけど、\n今日のうちに看てもらえることになった。	因为没有预约，被迫等了超久，\n不过总算能在今天之内接受检查了。	予約がなかったのですげー時間待たされたけど、\n今日のうちに看てもらえることになった。
01.txt.json	0	*top	584	0					まあ来たのは無理矢理だったとはいえ、	虽说我是被硬拉过来的、	まあ来たのは無理矢理だったとはいえ、
01.txt.json	0	*top	585	0					正直なところ、一度医師にはかかっておきたいところだ。	但说实话，我还是想找医生看一次。	正直なところ、一度医師にはかかっておきたいところだ。
01.txt.json	0	*top	586	0					俺も自分が正気だって言い切れる自信はないからな。	毕竟我也没自信断言自己神志清醒。	俺も自分が正気だって言い切れる自信はないからな。
01.txt.json	0	*top	587	0	医師	医生	m_doctor0002		「そこに、ですか？」	「在那边吗？」	「そこに、ですか？」
01.txt.json	0	*top	588	0	稔	稔			「はい。座ってます」	「嗯。她坐着呢」	「はい。座ってます」
01.txt.json	0	*top	589	0	プーカ	普卡	puca0127		「はーああ。病院の匂いって苦手。\n注射器の匂いって感じ」	「哈——啊。医院的味道我不太喜欢。\n感觉就像注射器的味道」	「はーああ。病院の匂いって苦手。\n注射器の匂いって感じ」
01.txt.json	0	*top	590	0					待ち時間が長すぎたのか、\n退屈そうにしてるプーカを指さす。	是不是等得太久了，我指了指看起来很无聊的普卡。	待ち時間が長すぎたのか、\n退屈そうにしてるプーカを指さす。
01.txt.json	0	*top	591	0	医師	医生	m_doctor0003		「なるほど」	「原来如此」	「なるほど」
01.txt.json	0	*top	592	0					俺の指した先を見てる先生。	医生看向我指的方向。	俺の指した先を見てる先生。
01.txt.json	0	*top	593	0					先生には……プーカの姿は見えてない。	医生……看不见普卡。	先生には……プーカの姿は見えてない。
01.txt.json	0	*top	594	0					プーカはお行儀悪く机に腰掛けているのだが、\n俺が『座ってる』と言ったせいで、\n椅子のほうを見てる。	普卡没规矩地坐在桌子上，\n但因为我说了『坐着』，\n她正看着椅子。	プーカはお行儀悪く机に腰掛けているのだが、\n俺が『座ってる』と言ったせいで、\n椅子のほうを見てる。
01.txt.json	0	*top	595	0					俺には『椅子に座ってる何かが見えてる』と\n思ってるようだ。	看来医生以为我『看见了某个坐在椅子上的东西。	俺には『椅子に座ってる何かが見えてる』と\n思ってるようだ。
01.txt.json	0	*top	596	0					机に座ってるバニー服のガキは見えてない。	他看不见那个坐在桌子上的兔女郎服小鬼。	机に座ってるバニー服のガキは見えてない。
01.txt.json	0	*top	597	0	稔	稔			「どうでしょう。やっぱこれ、幻ですか」	「您觉得呢？果然这是幻觉吗」	「どうでしょう。やっぱこれ、幻ですか」
01.txt.json	0	*top	598	0	医師	医生	m_doctor0004		「……」	「……」	「……」
01.txt.json	0	*top	599	0	医師	医生	m_doctor0005		「まあ、それはともかく」	「不过，先不说这个」	「まあ、それはともかく」
01.txt.json	0	*top	600	0	医師	医生	m_doctor0006		「落ち着いておられるようですので、そう心配されることは\nないでしょう」	「既然您看起来很平静，应该不用太过担心。\n」	「落ち着いておられるようですので、そう心配されることは\nないでしょう」
01.txt.json	0	*top	601	0					にっこり笑って言う先生。	医生笑眯眯地说道。	にっこり笑って言う先生。
01.txt.json	0	*top	602	0					幻です。と明言するのは避けたな。優しい。	他避开了明确说这是幻觉啊。真温柔。	幻です。と明言するのは避けたな。優しい。
01.txt.json	0	*top	603	0					つまり完全に『幻が見えてる人間』として\n処理されたようだ。	也就是说，我完全被当成了『看得见幻觉的人』来处理。	つまり完全に『幻が見えてる人間』として\n処理されたようだ。
01.txt.json	0	*top	604	0					覚悟してたとはいえ、モヤるな、さすがに。	虽说早有心理准备，但果然还是让人心里发堵。	覚悟してたとはいえ、モヤるな、さすがに。
01.txt.json	0	*top	605	0	医師	医生	m_doctor0007		「ぐっすり眠れる薬を処方しますので、しばらく\nそれを服用して様子を見ましょう。\n来週また来てください」	「我会给您开些能让您熟睡的药，暂时服用一段时间观察情况吧。\n下周请再来一趟」	「ぐっすり眠れる薬を処方しますので、しばらく\nそれを服用して様子を見ましょう。\n来週また来てください」
01.txt.json	0	*top	606	0	稔	稔			「はあ……」	「唉……」	「はあ……」
01.txt.json	0	*top	607	0	医師	医生	m_doctor0008		「猫村さん、ご案内して」	「猫村先生，带他去办手续」	「猫村さん、ご案内して」
01.txt.json	0	*top	608	0	秋穂	秋穗	akiho0001	・・・	「はい」	「好的」	「はい」
01.txt.json	0	*top	609	0					手続きに移る医師。	医生开始处理手续。	手続きに移る医師。
01.txt.json	0	*top	610	0	プーカ	普卡	puca0128		「ねえまだー？　お腹空いた、ごはん食べたーい」	「喂，还没好吗？我肚子饿了，想吃饭」	「ねえまだー？　お腹空いた、ごはん食べたーい」
01.txt.json	0	*top	611	0	稔	稔			「もうちょっと待ってろ」	「再等一会儿」	「もうちょっと待ってろ」
01.txt.json	0	*top	612	0	秋穂	秋穗	akiho0002	ナース	「はい？」	「嗯？」	「はい？」
01.txt.json	0	*top	613	0					あっ。	啊。	あっ。
01.txt.json	0	*top	614	0					やべ。後ろに控えてた看護師さんが来たタイミングで\nプーカと話してしまった。	糟了。身后的护士小姐正好过来了，我却跟普卡说起话来。	やべ。後ろに控えてた看護師さんが来たタイミングで\nプーカと話してしまった。
01.txt.json	0	*top	615	0					つまり独り言を言ってしまった。	也就是说，我不小心自言自语了。	つまり独り言を言ってしまった。
01.txt.json	0	*top	616	0	稔	稔			「いえ、なんでも」	「没什么，什么都没有」	「いえ、なんでも」
01.txt.json	0	*top	617	0	秋穂	秋穗	akiho0003	ナース	「そうですか」	「这样啊」	「そうですか」
01.txt.json	0	*top	618	0					独り言を言う患者の相手は慣れてるんだろう。\nあっちはとくに気にした様子はなかった。	她大概已经习惯应付自言自语的患者了吧。\n看起来她完全没有在意。	独り言を言う患者の相手は慣れてるんだろう。\nあっちはとくに気にした様子はなかった。
01.txt.json	0	*top	619	0					ありがたいのと恥ずかしいのでこっちは複雑……。	既觉得庆幸，又觉得丢脸，我这边的心情很复杂……。	ありがたいのと恥ずかしいのでこっちは複雑……。
01.txt.json	0	*top	620	0	秋穂	秋穗	akiho0004	ナース	「えと、今日はお薬手帳はお持ちよりですか？」	「那个，您今天带药手册了吗？」	「えと、今日はお薬手帳はお持ちよりですか？」
01.txt.json	0	*top	621	0					あっちは完全に俺の態度なんて無視。\n俺の幻は肯定も否定もしない。	她完全无视了我的态度。\n我的幻觉既没有肯定，也没有否定。	あっちは完全に俺の態度なんて無視。\n俺の幻は肯定も否定もしない。
01.txt.json	0	*top	622	0					やれやれ。	真是的。	やれやれ。
01.txt.json	0	*top	623	0	稔	稔			「いえ。えと、合わなかった薬はこれまでないんで。\n適当にお願いします」	「没有。呃，我之前没遇到过不合适的药。\n您看着开就行」	「いえ。えと、合わなかった薬はこれまでないんで。\n適当にお願いします」
01.txt.json	0	*top	624	0	秋穂	秋穗	akiho0005	ナース	「はい。では、こちらを持って受付でお待ちください」	「好的。那么，请拿着这个在挂号处等候」	「はい。では、こちらを持って受付でお待ちください」
01.txt.json	0	*top	625	0					俺の診察証が張られた、バーコード付きの紙を渡してくる。	她递给我一张贴着我的就诊卡、带有条形码的纸。	俺の診察証が張られた、バーコード付きの紙を渡してくる。
01.txt.json	0	*top	626	0	秋穂	秋穗	akiho0006	ナース	「えっと、ご本人のご確認をお願いします。\n大賀稔さん……」	「那个，请确认一下本人信息。\n大贺稔先生……」	「えっと、ご本人のご確認をお願いします。\n大賀稔さん……」
01.txt.json	0	*top	627	0	稔	稔			「はい」	「好的」	「はい」
01.txt.json	0	*top	628	0	秋穂	秋穗	akiho0007	ナース	「……え」	「……诶」	「……え」
01.txt.json	0	*top	629	0					？	？	？
01.txt.json	0	*top	630	0	秋穂	秋穗	akiho0008	ナース	「……」	「……」	「……」
01.txt.json	0	*top	631	0	秋穂	秋穗	akiho0009	ナース	「いえ、失礼しました。\nでは受付へ」	「没什么，失礼了。\n那么，请到挂号处」	「いえ、失礼しました。\nでは受付へ」
01.txt.json	0	*top	632	0	稔	稔			「あ、ああ」	「啊，哦」	「あ、ああ」
01.txt.json	0	*top	633	0					なんか一瞬詰まったけど、用紙を渡され外へ。	她好像一瞬间卡了一下，不过还是把纸递给我，让我出去了。	なんか一瞬詰まったけど、用紙を渡され外へ。
01.txt.json	0	*top	634	0	プーカ	普卡	puca0129		「また待つのぉ？」	「还要等吗？」	「また待つのぉ？」
01.txt.json	0	*top	635	0	稔	稔			「病院で過ごす９割は待ち時間だ」	「在医院里，九成时间都在等」	「病院で過ごす９割は待ち時間だ」
01.txt.json	0	*top	636	0					診察が終わったあとの、会計待ち。\n病院で一番ストレスの溜まる時間を迎える。	看完诊之后，还要等着结账。\n迎来了在医院里最让人积攒压力的时间。	診察が終わったあとの、会計待ち。\n病院で一番ストレスの溜まる時間を迎える。
01.txt.json	0	*top	637	0	プーカ	普卡	puca0130		「探検してくるっ」	「我去探险啦」	「探検してくるっ」
01.txt.json	0	*top	638	0					もう待ちきれないのか、飛び出していってしまうプーカ。	似乎已经等不及了，普卡飞奔了出去。	もう待ちきれないのか、飛び出していってしまうプーカ。
01.txt.json	0	*top	639	0					やれやれ。	真是的。	やれやれ。
01.txt.json	0	*top	640	0	稔	稔			「……」	「……」	「……」
01.txt.json	0	*top	641	0					後ろ姿を目で追うが……。	我的视线追随着她的背影……。	後ろ姿を目で追うが……。
01.txt.json	0	*top	642	0					平日の病院。ジイさんバアさんでごった返すなかを、\nバニースーツのガキが走って行く。	工作日的医院里，在挤满老头老太太的人群中，\n一个穿着兔女郎服的小鬼跑了过去。	平日の病院。ジイさんバアさんでごった返すなかを、\nバニースーツのガキが走って行く。
01.txt.json	0	*top	643	0					明らかに異様な光景なのに、誰もプーカには\n目を向けなかった。	明明是显而易见的诡异场景，却没有任何人\n把目光投向普卡。	明らかに異様な光景なのに、誰もプーカには\n目を向けなかった。
01.txt.json	0	*top	644	0					誰にも。	谁都没有。	誰にも。
01.txt.json	0	*top	645	0					誰一人見えていない。	没有一个人看得见她。	誰一人見えていない。
01.txt.json	0	*top	646	0					さっきの先生も、看護師も、微塵も反応しない。	刚才那位医生和护士也都没有半点反应。	さっきの先生も、看護師も、微塵も反応しない。
01.txt.json	0	*top	647	0					俺以外の誰もプーカが、いるとは思ってない。	除了我以外，谁都不认为普卡是存在的。	俺以外の誰もプーカが、いるとは思ってない。
01.txt.json	0	*top	648	0					ほんとどうなってんだこれ……。	这到底是怎么回事啊……。	ほんとどうなってんだこれ……。
01.txt.json	0	*top	649	0	美世	美世	miyo0041		「どうだった？」	「怎么样？」	「どうだった？」
01.txt.json	0	*top	650	0					ついてきた姉さんと合流。	和跟过来的姐姐汇合。	ついてきた姉さんと合流。
01.txt.json	0	*top	651	0	稔	稔			「わかんね。よく寝てくださいってさ」	「不知道。医生说要好好睡觉」	「わかんね。よく寝てくださいってさ」
01.txt.json	0	*top	652	0	美世	美世	miyo0042		「それは大事だね」	「那确实很重要」	「それは大事だね」
01.txt.json	0	*top	653	0					肩をすくめる姉さん。	姐姐耸了耸肩。	肩をすくめる姉さん。
01.txt.json	0	*top	654	0					やがて小さくため息をついて。	过了一会儿，她轻轻叹了口气。	やがて小さくため息をついて。
01.txt.json	0	*top	655	0	美世	美世	miyo0043		「ねえ、夜の仕事に身体が合ってないんじゃない？\n毎日朝に寝て昼に起きる生活でしょ」	「我说，你的身体是不是不适合做夜班工作啊？\n毕竟你每天都是早上睡觉，中午起床的生活吧」	「ねえ、夜の仕事に身体が合ってないんじゃない？\n毎日朝に寝て昼に起きる生活でしょ」
01.txt.json	0	*top	656	0	美世	美世	miyo0044		「バーの仕事で知らず知らずストレスがどうとか、\nそういうのかも」	「也许是不知不觉间因为酒吧的工作积累了什么压力，\n可能是那种原因吧」	「バーの仕事で知らず知らずストレスがどうとか、\nそういうのかも」
01.txt.json	0	*top	657	0	美世	美世	miyo0045		「ちがう仕事を探してみたら？」	「要不要试着找份别的工作？」	「ちがう仕事を探してみたら？」
01.txt.json	0	*top	658	0	稔	稔			「……」	「……」	「……」
01.txt.json	0	*top	659	0					姉さんは夜のパブでも、元気に働いてたじゃん。	姐姐明明在夜间酒吧工作时也一直精神饱满啊。	姉さんは夜のパブでも、元気に働いてたじゃん。
01.txt.json	0	*top	660	0	美世	美世	miyo0046		「あたしはほら、もともと料理とか好きだし」	「我嘛，你看，我本来就喜欢做饭什么的」	「あたしはほら、もともと料理とか好きだし」
01.txt.json	0	*top	661	0	稔	稔			「うっせーな」	「吵死了」	「うっせーな」
01.txt.json	0	*top	662	0					今時転職なんて気軽には出来ないだろ。	现在这个时代，想跳槽也不是那么容易吧。	今時転職なんて気軽には出来ないだろ。
01.txt.json	0	*top	663	0					確かに昨日今日はプーカのせいで睡眠時間少ないけど、\n仕事には満足してる。	确实这两天因为普卡的缘故睡眠时间变少了，\n但我对这份工作很满意。	確かに昨日今日はプーカのせいで睡眠時間少ないけど、\n仕事には満足してる。
01.txt.json	0	*top	664	0	美世	美世	miyo0047		「……」	「……」	「……」
01.txt.json	0	*top	665	0	美世	美世	miyo0048		「いまのはさすがに大きなお世話だね。ごめん」	「刚才那话确实是多管闲事了。对不起」	「いまのはさすがに大きなお世話だね。ごめん」
01.txt.json	0	*top	666	0	美世	美世	miyo0049		「お姉ちゃん、心配しすぎ？」	「姐姐，是不是太担心了？」	「お姉ちゃん、心配しすぎ？」
01.txt.json	0	*top	667	0	稔	稔			「……」	「……」	「……」
01.txt.json	0	*top	668	0	稔	稔			「かもな」	「可能吧」	「かもな」
01.txt.json	0	*top	669	0	美世	美世	miyo0050		「ごめん」	「对不起」	「ごめん」
01.txt.json	0	*top	670	0	美世	美世	miyo0051		「父さん母さんが急にいなくなったせいか……どうもね」	「也许是因为爸爸妈妈突然不在了……总觉得不太放心」	「父さん母さんが急にいなくなったせいか……どうもね」
01.txt.json	0	*top	671	0	稔	稔			「……」	「……」	「……」
01.txt.json	0	*top	672	0	美世	美世	miyo0052		「はは、子供扱いしすぎかな」	「哈哈，是不是太把你当小孩子了」	「はは、子供扱いしすぎかな」
01.txt.json	0	*top	673	0	稔	稔			「それはほんとそう」	「确实如此」	「それはほんとそう」
01.txt.json	0	*top	674	0	美世	美世	miyo0053		「ごめん」	「对不起」	「ごめん」
01.txt.json	0	*top	675	0	美世	美世	miyo0054		「ま、とにかくお医者さんに任せれば大丈夫だね。\nお姉ちゃん、もう仕事行くから」	「总之，交给医生就没问题了。\n姐姐还要去工作，就先走了」	「ま、とにかくお医者さんに任せれば大丈夫だね。\nお姉ちゃん、もう仕事行くから」
01.txt.json	0	*top	676	0	稔	稔			「ん、ああ」	「嗯，啊」	「ん、ああ」
01.txt.json	0	*top	677	0					連れてくるときは強引だったくせに、\n大人しく診察されたのを見ると、\nさっさと行ってしまう姉さん。	明明带她过来的时候还那么强硬，\n看到她老老实实接受了检查，\n姐姐便头也不回地走了。	連れてくるときは強引だったくせに、\n大人しく診察されたのを見ると、\nさっさと行ってしまう姉さん。
01.txt.json	0	*top	678	0					ほんと、心配しすぎだよ。ったく。	真是的，太过担心了。真是的。	ほんと、心配しすぎだよ。ったく。
01.txt.json	0	*top	679	0					……たった１人の家族だから、気持ちは分かるけどさ。	……毕竟是唯一的家人，我也能理解她的心情就是了。	……たった１人の家族だから、気持ちは分かるけどさ。
01.txt.json	0	*top	680	0	プーカ	普卡	puca0131		「ただいまー」	「我回来了」	「ただいまー」
01.txt.json	0	*top	681	0	稔	稔			「おう。なにしてた？」	「哦。你刚才在干什么？」	「おう。なにしてた？」
01.txt.json	0	*top	682	0	プーカ	普卡	puca0132		「あのねあのね。外に黒い猫ちゃんが……」	「那个呀那个呀。外面有只小黑猫……」	「あのねあのね。外に黒い猫ちゃんが……」
01.txt.json	0	*top	683	0					――ぴんぽーん。	――叮咚。	――ぴんぽーん。
01.txt.json	0	*top	684	0	稔	稔			「っと、ちょい待ち。金払ってくる」	「等等，稍等一下。我去付钱」	「っと、ちょい待ち。金払ってくる」
01.txt.json	0	*top	685	0	プーカ	普卡	puca0133		「うん」	「嗯」	「うん」
01.txt.json	0	*top	686	0					受付にある電光板の数字が、俺の番号に変わった。	接待处的电子屏上的数字变成了我的号码。	受付にある電光板の数字が、俺の番号に変わった。
01.txt.json	0	*top	687	0					・・・・・	……	・・・・・
01.txt.json	0	*top	688	0	秋穂	秋穗	akiho0010	ナース	「……」	「……」	「……」
01.txt.json	0	*top	689	0	プーカ	普卡	puca0134		「もういないや猫ちゃん」	「小猫已经不在了」	「もういないや猫ちゃん」
01.txt.json	0	*top	690	0					帰ることに。	于是我决定回去。	帰ることに。
01.txt.json	0	*top	691	0					来たのは９時くらいだったのに、もう１２時過ぎだ。\nほんと病院って時間とられるよな。	明明大概九点钟来的，现在已经过十二点了。\n医院这地方还真是耽误时间啊。	来たのは９時くらいだったのに、もう１２時過ぎだ。\nほんと病院って時間とられるよな。
01.txt.json	0	*top	692	0	プーカ	普卡	puca0135		「ごはんたべたーい。おなかすいたー」	「我想吃饭——肚子饿了」	「ごはんたべたーい。おなかすいたー」
01.txt.json	0	*top	693	0					ふらふらしてるプーカ。	普卡摇摇晃晃的。	ふらふらしてるプーカ。
01.txt.json	0	*top	694	0					てかこいつ、普通に外に出れるんだな。\n俺の部屋の地縛霊とかではないらしい。	话说回来，这家伙居然能正常出门啊。\n看来她并不是我房间里的地缚灵。	てかこいつ、普通に外に出れるんだな。\n俺の部屋の地縛霊とかではないらしい。
01.txt.json	0	*top	695	0					ならどっか別に住処を探したほうがよくないか？	既然这样，不如去别的地方找个住处怎么样？	ならどっか別に住処を探したほうがよくないか？
01.txt.json	0	*top	696	0					どうせ誰にも見えてないんだし、\n一流ホテルとかに忍び込んでも文句言われないだろうに。	反正也没人看得见她，\n就算偷偷溜进一流酒店，也不会有人抱怨吧。	どうせ誰にも見えてないんだし、\n一流ホテルとかに忍び込んでも文句言われないだろうに。
01.txt.json	0	*top	697	0	プーカ	普卡	puca0136		「あれ、そいえば」	「咦，对了」	「あれ、そいえば」
01.txt.json	0	*top	698	0	プーカ	普卡	puca0137		「お姉さんは？」	「那位姐姐呢？」	「お姉さんは？」
01.txt.json	0	*top	699	0	稔	稔			「うん？」	「嗯？」	「うん？」
01.txt.json	0	*top	700	0	プーカ	普卡	puca0138		「一緒に来たじゃん。稔くんのお姉さん。どこ行ったん？」	「不是和我们一起来的吗？稔君的姐姐。她去哪儿了？」	「一緒に来たじゃん。稔くんのお姉さん。どこ行ったん？」
01.txt.json	0	*top	701	0					小首をかしげるプーカ。	普卡歪着小脑袋。	小首をかしげるプーカ。
01.txt.json	0	*top	702	0	稔	稔			「……」	「……」	「……」
01.txt.json	0	*top	703	0					一緒には来たけど、さっきのやり取りは見てないっけ。	虽然是一起过来的，但她没看到刚才的那段交流吗。	一緒には来たけど、さっきのやり取りは見てないっけ。
01.txt.json	0	*top	704	0	稔	稔			「先に帰った。仕事だとさ」	「她先回去了。说是还有工作」	「先に帰った。仕事だとさ」
01.txt.json	0	*top	705	0	プーカ	普卡	puca0139		「そっかあ。残念。一緒にごはん食べたかったのに」	「这样啊。真遗憾。本来还想和你一起吃饭的」	「そっかあ。残念。一緒にごはん食べたかったのに」
01.txt.json	0	*top	706	0	稔	稔			「姉さんはお前のこと見えてないんだから、\n一緒しててもややこしいだけだ」	「姐姐又看不见你，\n就算你跟着一起去，也只会让事情变得麻烦」	「姉さんはお前のこと見えてないんだから、\n一緒しててもややこしいだけだ」
01.txt.json	0	*top	707	0	プーカ	普卡	puca0140		「あそっか」	「哦，这样啊」	「あそっか」
01.txt.json	0	*top	708	0					なんならこいつと話す俺を見てまた心配させる。	要不然她看到我和这家伙说话，又会担心。	なんならこいつと話す俺を見てまた心配させる。
01.txt.json	0	*top	709	0	プーカ	普卡	puca0141		「美人だよねお姉さん」	「姐姐很漂亮呢」	「美人だよねお姉さん」
01.txt.json	0	*top	710	0	稔	稔			「顔はいいらしいな。昔からモテるとは聞いてる」	「听说长得确实不错。从以前开始就很受欢迎」	「顔はいいらしいな。昔からモテるとは聞いてる」
01.txt.json	0	*top	711	0					弟としてはどうでもいい話だ。	作为弟弟来说，这种事怎样都无所谓。	弟としてはどうでもいい話だ。
01.txt.json	0	*top	712	0	プーカ	普卡	puca0142		「名前は？」	「你叫什么名字？」	「名前は？」
01.txt.json	0	*top	713	0	稔	稔			「美世。大賀美世」	「美世。大贺美世」	「美世。大賀美世」
01.txt.json	0	*top	714	0	プーカ	普卡	puca0143		「美世ちゃんね」	「美世酱啊」	「美世ちゃんね」
01.txt.json	0	*top	715	0					ちゃん付け……。	居然叫她“酱……。	ちゃん付け……。
01.txt.json	0	*top	716	0					いや、俺のことをクン付けする時点でもうアレなやつだし、\nいまさらか。	不，光是叫我“稔君”就已经够奇怪了，\n现在才在意这个也太晚了。	いや、俺のことをクン付けする時点でもうアレなやつだし、\nいまさらか。
01.txt.json	0	*top	717	0	プーカ	普卡	puca0144		「稔くんとこで厄介になってる身だし、\nどっかでご挨拶したほうがいいよね」	「毕竟我现在住在稔君这里，\n还是该找个机会去打声招呼吧」	「稔くんとこで厄介になってる身だし、\nどっかでご挨拶したほうがいいよね」
01.txt.json	0	*top	718	0	プーカ	普卡	puca0145		「はじめましてお姉さん。\n稔くんと同棲しています。ハーヴェイ・プーカです」	「初次见面，姐姐。\n我和稔君同居。我叫哈维·普卡」	「はじめましてお姉さん。\n稔くんと同棲しています。ハーヴェイ・プーカです」
01.txt.json	0	*top	719	0	稔	稔			「同棲はやめろ」	「别说什么同居」	「同棲はやめろ」
01.txt.json	0	*top	720	0	稔	稔			「……同棲する気か？\nこのまま住みつく気か俺の部屋に？」	「……你打算和我同居吗？\n打算就这样住进我的房间吗？」	「……同棲する気か？\nこのまま住みつく気か俺の部屋に？」
01.txt.json	0	*top	721	0	プーカ	普卡	puca0146		「行くとこないんだもん。しょうがないじゃん」	「因为我没地方可去嘛。那也没办法啊」	「行くとこないんだもん。しょうがないじゃん」
01.txt.json	0	*top	722	0	稔	稔			「誰にも見えてないんだし、どうにでもなるだろ。\nほら、そこのホテル。一泊３０万するらしいけど、\nお前なら出入りし放題だぞ」	「反正谁都看不见我，怎么都行吧。\n你看，那边那家酒店。听说住一晚要三十万，\n但你可以随便进出哦」	「誰にも見えてないんだし、どうにでもなるだろ。\nほら、そこのホテル。一泊３０万するらしいけど、\nお前なら出入りし放題だぞ」
01.txt.json	0	*top	723	0	プーカ	普卡	puca0147		「そういうのって泥棒じゃない？」	「那不就是小偷吗？」	「そういうのって泥棒じゃない？」
01.txt.json	0	*top	724	0					無断で俺の部屋に入って俺のメシ食ってるのも\n泥棒っちゃ泥棒だぞ。	未经允许就进我的房间，还吃我的饭，\n说是小偷也没错。	無断で俺の部屋に入って俺のメシ食ってるのも\n泥棒っちゃ泥棒だぞ。
01.txt.json	0	*top	725	0	プーカ	普卡	puca0148		「ん～、どうしてもっていうなら家探すけど」	「嗯～要是你非要的话，我就帮你找找住处吧」	「ん～、どうしてもっていうなら家探すけど」
01.txt.json	0	*top	726	0	プーカ	普卡	puca0149		「ここなんかどう。ハイツ夜空。\nここ今から入れるかな」	「这里怎么样？夜空公寓。\n不知道现在还能不能入住」	「ここなんかどう。ハイツ夜空。\nここ今から入れるかな」
01.txt.json	0	*top	727	0	プーカ	普卡	puca0150		「家賃３万……これって高いの？　安いの？\n安すぎると変な虫とか出そうで怖い」	「房租三万……这算贵吗？　还是便宜？\n要是太便宜了，感觉会有奇怪的虫子冒出来，好可怕」	「家賃３万……これって高いの？　安いの？\n安すぎると変な虫とか出そうで怖い」
01.txt.json	0	*top	728	0	稔	稔			「３万はさすがに安すぎ……いやでもここ、ウィークリーか。\nなら普通かな」	「三万也太便宜了……不过这里是周租公寓吗。\n那倒也算正常」	「３万はさすがに安すぎ……いやでもここ、ウィークリーか。\nなら普通かな」
01.txt.json	0	*top	729	0	プーカ	普卡	puca0151		「ならここに……」	「那就这里……」	「ならここに……」
01.txt.json	0	*top	730	0	プーカ	普卡	puca0152		「って３万円も持ってないよ」	「话说我连三万日元都没有啊」	「って３万円も持ってないよ」
01.txt.json	0	*top	731	0	稔	稔			「……あくまで勝手に入るって発想はないのな」	「……你倒是完全没想过擅自闯进去啊」	「……あくまで勝手に入るって発想はないのな」
01.txt.json	0	*top	732	0					俺には図々しいくせに、モラルはあるっぽい。	明明对我这么厚脸皮，似乎倒还挺有道德感。	俺には図々しいくせに、モラルはあるっぽい。
01.txt.json	0	*top	733	0					ま、でも、	不过、	ま、でも、
01.txt.json	0	*top	734	0					本気で追い出すのはさすがに気が咎めるし、	要我真的把她赶出去，实在有些过意不去、	本気で追い出すのはさすがに気が咎めるし、
01.txt.json	0	*top	735	0					それに……。	而且……。	それに……。
01.txt.json	0	*top	736	0	稔	稔			「……」	「……」	「……」
01.txt.json	0	*top	737	0	美世	美世	miyo0055		「子供扱いしすぎかな」	「是不是太把她当小孩子了」	「子供扱いしすぎかな」
01.txt.json	0	*top	738	0	プーカ	普卡	puca0153		「おーい。ねえってば」	「喂～我说你呢」	「おーい。ねえってば」
01.txt.json	0	*top	739	0	稔	稔			「ああ、うん」	「啊，嗯」	「ああ、うん」
01.txt.json	0	*top	740	0					やれやれ。	真是的。	やれやれ。
01.txt.json	0	*top	741	0					こっちは大人だ。	我才是大人。	こっちは大人だ。
01.txt.json	0	*top	742	0					宇宙人だろうが幽霊だろうが改造人間だろうが幻だろうが、\nガキには甘くなる。	不管她是外星人、幽灵、改造人还是幻觉，\n我都会对小孩子心软。	宇宙人だろうが幽霊だろうが改造人間だろうが幻だろうが、\nガキには甘くなる。
01.txt.json	0	*top	743	0	プーカ	普卡	puca0154		「ねえお昼ご飯食べたいよぅ。どっかで食べてこ」	「我想吃午饭嘛。我们去哪里吃吧」	「ねえお昼ご飯食べたいよぅ。どっかで食べてこ」
01.txt.json	0	*top	744	0	稔	稔			「金は？」	「钱呢？」	「金は？」
01.txt.json	0	*top	745	0	プーカ	普卡	puca0155		「ない。\nあえていえば顔に１００万ドルの価値がある」	「没有。\n非要说的话，我这张脸价值一百万美元」	「ない。\nあえていえば顔に１００万ドルの価値がある」
01.txt.json	0	*top	746	0	稔	稔			「メシはいいけど、食うなら家だ。\n適当につくってやるから。\n金がもったいない」	「吃饭倒是没问题，不过要吃就在家里吃。\n我随便给你做点。\n出去吃太浪费钱了」	「メシはいいけど、食うなら家だ。\n適当につくってやるから。\n金がもったいない」
01.txt.json	0	*top	747	0	プーカ	普卡	puca0156		「なんじゃい。甲斐性がないのう」	「真没用啊」	「なんじゃい。甲斐性がないのう」
01.txt.json	0	*top	748	0	稔	稔			「言うほど稼げる仕事してねーんだ。文句言うな」	「我干的又不是什么能赚大钱的工作。别抱怨了」	「言うほど稼げる仕事してねーんだ。文句言うな」
01.txt.json	0	*top	749	0	稔	稔			「ぎゅんたまの続き買うだけで結構かかるんだから、\n食費は節約しないと」	「光是买《ぎゅんたま》的后续就要花不少钱，所以伙食费得省着点」	「ぎゅんたまの続き買うだけで結構かかるんだから、\n食費は節約しないと」
01.txt.json	0	*top	750	0	プーカ	普卡	puca0157		「えっ！？」	「诶！？」	「えっ！？」
01.txt.json	0	*top	751	0	稔	稔			「中古でいいよな。\n……でも中古のマンガってなんか汚い気がする。\nう～……でも新品は高けーんだよなあ」	「买二手的就行了吧。\n……不过二手漫画总觉得有点脏。\n呜～……可新的又太贵了啊」	「中古でいいよな。\n……でも中古のマンガってなんか汚い気がする。\nう～……でも新品は高けーんだよなあ」
01.txt.json	0	*top	752	0	プーカ	普卡	puca0158		「いいの！？」	「可以吗！？」	「いいの！？」
01.txt.json	0	*top	753	0					ぱっと顔を輝かせるプーカ。	普卡的脸一下子亮了起来。	ぱっと顔を輝かせるプーカ。
01.txt.json	0	*top	754	0					……はあ。	……唉。	……はあ。
01.txt.json	0	*top	755	0					コイツが何者なのかは知らないし、\nどうして俺にしか見えないかも知らないけど、	我不知道这家伙到底是什么，也不知道为什么只有我能看见她，\n但不管怎么说，她似乎和姐姐流着相同的血、	コイツが何者なのかは知らないし、\nどうして俺にしか見えないかも知らないけど、
01.txt.json	0	*top	756	0					俺にはどうにも、姉さんと同じ血が流れてるみたいだ。	对我来说，这家伙似乎和姐姐流着相同的血。	俺にはどうにも、姉さんと同じ血が流れてるみたいだ。
01.txt.json	0	*top	757	0					・・・・・	……	・・・・・
01.txt.json	0	*top	758	0					・・・・	・・・・	・・・・
01.txt.json	0	*top	759	0					・・・	・・・	・・・
02.txt.json	0	*top	0	0					――トントントントントン……。	――咚、咚、咚、咚、咚……。	――トントントントントン……。
02.txt.json	0	*top	1	0	プーカ	普卡	puca0159		「あむあむ」	「啊呜啊呜」	「あむあむ」
02.txt.json	0	*top	2	0					――シャッ、シャッ、シャッ、シャッ。	――唰、唰、唰、唰。	――シャッ、シャッ、シャッ、シャッ。
02.txt.json	0	*top	3	0	プーカ	普卡	puca0160		「ぬふぃふふふふ、このハゲおもろい」	「呜呼呼呼呼，这个秃子真有意思」	「ぬふぃふふふふ、このハゲおもろい」
02.txt.json	0	*top	4	0	稔	稔			「ふぅ」	「呼」	「ふぅ」
02.txt.json	0	*top	5	0					プーカと暮らすようになって、３日が経った。	和普卡一起生活，已经过了三天。	プーカと暮らすようになって、３日が経った。
02.txt.json	0	*top	6	0					いきなり転がり込んできた謎生物にはまだ慣れないが、	虽然我还没习惯这个突然闯进家里的神秘生物、	いきなり転がり込んできた謎生物にはまだ慣れないが、
02.txt.json	0	*top	7	0	プーカ	普卡	puca0161		「んあ～……っ。読んじゃった～」	「嗯啊～……终于读完了～」	「んあ～……っ。読んじゃった～」
02.txt.json	0	*top	8	0	プーカ	普卡	puca0162		「ねえ稔くん、ぎゅんたま２１巻からも買ってぇ」	「呐，稔君，帮我把《ぎゅんたま》第21卷之后的也买了嘛」	「ねえ稔くん、ぎゅんたま２１巻からも買ってぇ」
02.txt.json	0	*top	9	0	稔	稔			「また今度な」	「下次再说」	「また今度な」
02.txt.json	0	*top	10	0	プーカ	普卡	puca0163		「ちぇー。\n最初から読むか」	「切。\n那就从头开始看吧」	「ちぇー。\n最初から読むか」
02.txt.json	0	*top	11	0					基本マンガ読ませとけば大人しいから気にならない。	基本上只要给她看漫画，她就会安静下来，所以不用在意。	基本マンガ読ませとけば大人しいから気にならない。
02.txt.json	0	*top	12	0					俺は仕事の準備で手一杯だからな。	我光是准备工作就已经忙得不可开交了。	俺は仕事の準備で手一杯だからな。
02.txt.json	0	*top	13	0					――シャッ、シャッ、シャッ。	――唰、唰、唰。	――シャッ、シャッ、シャッ。
02.txt.json	0	*top	14	0	プーカ	普卡	puca0164		「んに？」	「嗯？」	「んに？」
02.txt.json	0	*top	15	0	プーカ	普卡	puca0165		「なんかクサい」	「总觉得有股怪味」	「なんかクサい」
02.txt.json	0	*top	16	0	プーカ	普卡	puca0166		「稔くん、体臭がえげつない時期にでも入った？」	「稔君，你该不会是进入体味特别严重的时期了吧？」	「稔くん、体臭がえげつない時期にでも入った？」
02.txt.json	0	*top	17	0	稔	稔			「ニンニクすってるの」	「我在磨蒜呢」	「ニンニクすってるの」
02.txt.json	0	*top	18	0	プーカ	普卡	puca0167		「そっか。びっくりした。\nなにせ稔くんの服の匂いってたまに」	「这样啊。吓我一跳。\n毕竟稔君衣服的味道有时候」	「そっか。びっくりした。\nなにせ稔くんの服の匂いってたまに」
02.txt.json	0	*top	19	0	プーカ	普卡	puca0168		「あれ！？　稔くん泣いてる！？」	「咦！？稔君你哭了！？」	「あれ！？　稔くん泣いてる！？」
02.txt.json	0	*top	20	0	稔	稔			「いや」	「没有」	「いや」
02.txt.json	0	*top	21	0	プーカ	普卡	puca0169		「絶対泣いてる！　目に涙が浮かんでる！」	「绝对哭了！眼里都含着泪了！」	「絶対泣いてる！　目に涙が浮かんでる！」
02.txt.json	0	*top	22	0	プーカ	普卡	puca0170		「なんてこった。慰めないと……」	「不得了。得安慰你才行……」	「なんてこった。慰めないと……」
02.txt.json	0	*top	23	0	プーカ	普卡	puca0171		「そうだ！　こっち見て稔くん！」	「对了！稔君，看这边！」	「そうだ！　こっち見て稔くん！」
02.txt.json	0	*top	24	0	稔	稔			「？」	「？」	「？」
02.txt.json	0	*top	25	0	プーカ	普卡	puca0172		「ぬ～～～～～～～～～～～ん」	「呜」	「ぬ～～～～～～～～～～～ん」
02.txt.json	0	*top	26	0	プーカ	普卡	puca0173		「ぱっ！」	「啪！」	「ぱっ！」
02.txt.json	0	*top	27	0	プーカ	普卡	puca0174		「ほら！　こんな美少女が笑ってる！\nこれで明日地球がぶっ壊れてもハッピーでしょ！」	「你看！这么漂亮的美少女正在笑呢！\n就算明天地球毁灭了，也会觉得很幸福吧！」	「ほら！　こんな美少女が笑ってる！\nこれで明日地球がぶっ壊れてもハッピーでしょ！」
02.txt.json	0	*top	28	0	稔	稔			「分かったから。落ちつけ。\nお前が静かにしてくれるのが一番ハッピーだ」	「知道了，冷静点。\n你能安静下来就是最让我幸福的事了」	「分かったから。落ちつけ。\nお前が静かにしてくれるのが一番ハッピーだ」
02.txt.json	0	*top	29	0	プーカ	普卡	puca0175		「急に泣くからびっくりしたんだよ」	「你突然哭起来，吓了我一跳」	「急に泣くからびっくりしたんだよ」
02.txt.json	0	*top	30	0	稔	稔			「ニンニクの前にタマネギ切ってただけだ」	「我只是在切洋葱而已，还没开始磨蒜呢」	「ニンニクの前にタマネギ切ってただけだ」
02.txt.json	0	*top	31	0	プーカ	普卡	puca0176		「そっか。よかった」	「这样啊。太好了」	「そっか。よかった」
02.txt.json	0	*top	32	0	稔	稔			「……ちなみに俺の服がたまに……なんだって？\n答えによっては泣く」	「……顺便问一句，我的衣服偶尔会……什么来着？\n你要是敢说错，我可是会哭的」	「……ちなみに俺の服がたまに……なんだって？\n答えによっては泣く」
02.txt.json	0	*top	33	0	プーカ	普卡	puca0177		「なにつくってるの？\nんと、ニンニクにタマネギに、りんご？」	「你在做什么？\n嗯，大蒜、洋葱，还有苹果？」	「なにつくってるの？\nんと、ニンニクにタマネギに、りんご？」
02.txt.json	0	*top	34	0	稔	稔			「ああ。こうして」	「啊。像这样」	「ああ。こうして」
02.txt.json	0	*top	35	0					鍋に入れていく。	把它们依次放进锅里。	鍋に入れていく。
02.txt.json	0	*top	36	0					そして醤油とみりんで満たし、\n火に掛けて、煮立ってきたら酒を少々。	然后倒入酱油和味醂，加热煮沸，沸腾后再加少许酒。	そして醤油とみりんで満たし、\n火に掛けて、煮立ってきたら酒を少々。
02.txt.json	0	*top	37	0					隠し味にカツオブシなり赤味噌なり……バジルも入れて、\nルッコラはやや多めに。	再加柴鱼片或赤味噌之类的作为隐藏风味……还要放罗勒，\n芝麻菜则多放一些。	隠し味にカツオブシなり赤味噌なり……バジルも入れて、\nルッコラはやや多めに。
02.txt.json	0	*top	38	0	稔	稔			「最後にこれだ」	「最后是这个」	「最後にこれだ」
02.txt.json	0	*top	39	0					冷蔵庫からジャムを出してくる。	我从冰箱里拿出果酱。	冷蔵庫からジャムを出してくる。
02.txt.json	0	*top	40	0	プーカ	普卡	puca0178		「あっ、カシスのジャム」	「啊，是黑加仑果酱」	「あっ、カシスのジャム」
02.txt.json	0	*top	41	0	稔	稔			「パンにつけても美味いが、こいつの使い道はこっち」	「抹在面包上也很好吃，不过这家伙要这样用」	「パンにつけても美味いが、こいつの使い道はこっち」
02.txt.json	0	*top	42	0					ブラックカラントジャム。	黑加仑果酱。	ブラックカラントジャム。
02.txt.json	0	*top	43	0					砂糖多めのそれを、鍋にどぼんした。	把那瓶糖放得比较多的果酱咕咚一声倒进锅里。	砂糖多めのそれを、鍋にどぼんした。
02.txt.json	0	*top	44	0					あとはとろみが出るまで煮込めばＯＫ。	接下来只要煮到变得浓稠就行了。	あとはとろみが出るまで煮込めばＯＫ。
02.txt.json	0	*top	45	0	プーカ	普卡	puca0179		「何作ってるのこれ？」	「这到底是在做什么？」	「何作ってるのこれ？」
02.txt.json	0	*top	46	0	稔	稔			「ソースだよ。\n……よし、そろそろいいかな」	「是酱汁。\n……好了，差不多了吧」	「ソースだよ。\n……よし、そろそろいいかな」
02.txt.json	0	*top	47	0					指にひとすくいして舐めてみる。	我用手指舀了一点，尝了尝。	指にひとすくいして舐めてみる。
02.txt.json	0	*top	48	0	稔	稔			「……」	「……」	「……」
02.txt.json	0	*top	49	0					８０点、だな。	八十分吧。	８０点、だな。
02.txt.json	0	*top	50	0					７０点以上なら十分に美味いと言える。\nこれで十分だろう。	只要超过七十分，就可以说是相当美味了。\n这样应该够了。	７０点以上なら十分に美味いと言える。\nこれで十分だろう。
02.txt.json	0	*top	51	0					鍋は氷水につけて一気に熱をとりつつ、	把锅浸到冰水里，一口气降下温度，同时、	鍋は氷水につけて一気に熱をとりつつ、
02.txt.json	0	*top	52	0					低温調理器にさっき入れておいたものを取り出した。	我把刚才放进低温烹调机里的东西取了出来。	低温調理器にさっき入れておいたものを取り出した。
02.txt.json	0	*top	53	0					肉の塊が３つ。	三块肉。	肉の塊が３つ。
02.txt.json	0	*top	54	0	プーカ	普卡	puca0180		「あっ！　それあれでしょ、ビーストロース！」	「啊！那就是那个吧，野兽烤肉！」	「あっ！　それあれでしょ、ビーストロース！」
02.txt.json	0	*top	55	0	稔	稔			「ローストビーフ、な」	「是烤牛肉」	「ローストビーフ、な」
02.txt.json	0	*top	56	0					ビーストロースって、これはこれで\nそういう名前の料理ありそうだな。	“野兽烤肉”……这种名字听起来，\n好像还真有这样一道菜。	ビーストロースって、これはこれで\nそういう名前の料理ありそうだな。
02.txt.json	0	*top	57	0	プーカ	普卡	puca0181		「そうそうローストビース。前に食べたよね。\nんまかったー」	「对对，烤肉兽。之前吃过吧。\n好好吃」	「そうそうローストビース。前に食べたよね。\nんまかったー」
02.txt.json	0	*top	58	0	プーカ	普卡	puca0182		「え、これ稔くんが作ったやつなの？」	「诶，这是稔君做的吗？」	「え、これ稔くんが作ったやつなの？」
02.txt.json	0	*top	59	0	稔	稔			「ああ。といっても肉のほうは、この低温調理器が\n勝手に作ってくれるが」	「啊。话虽如此，肉这边是低温烹调机\n自己做出来的」	「ああ。といっても肉のほうは、この低温調理器が\n勝手に作ってくれるが」
02.txt.json	0	*top	60	0	稔	稔			「ソースは俺製だ」	「酱汁可是我亲手做的」	「ソースは俺製だ」
02.txt.json	0	*top	61	0					煮込んだソースを冷やし、ジッパー付きの袋に、\nコショウとオリーブオイルを混ぜつつ入れる。	把炖好的酱汁放凉，装进带拉链的袋子里，\n同时混入胡椒和橄榄油。	煮込んだソースを冷やし、ジッパー付きの袋に、\nコショウとオリーブオイルを混ぜつつ入れる。
02.txt.json	0	*top	62	0					そこに肉の塊をどぼんして、冷蔵庫に放り込んだ。	我把肉块扑通一声丢进去，然后塞进了冰箱。	そこに肉の塊をどぼんして、冷蔵庫に放り込んだ。
02.txt.json	0	*top	63	0	稔	稔			「これで明日には美味しいローストビーフのできあがり」	「这样一来，明天就能做好美味的烤牛肉了」	「これで明日には美味しいローストビーフのできあがり」
02.txt.json	0	*top	64	0	プーカ	普卡	puca0183		「わー、いいな～」	「哇——真不错～」	「わー、いいな～」
02.txt.json	0	*top	65	0	プーカ	普卡	puca0184		「食べたい！」	「我想吃！」	「食べたい！」
02.txt.json	0	*top	66	0	稔	稔			「明日の昼に出してやるよ」	「明天中午给你们做」	「明日の昼に出してやるよ」
02.txt.json	0	*top	67	0	プーカ	普卡	puca0185		「すっごい美味しそ～」	「看起来超级好吃～」	「すっごい美味しそ～」
02.txt.json	0	*top	68	0					まあな。	那当然。	まあな。
02.txt.json	0	*top	69	0					ローストビーフだけはちょいと自信がある。	我唯独对烤牛肉稍微有点自信。	ローストビーフだけはちょいと自信がある。
02.txt.json	0	*top	70	0					うちのバーでは料理の需要も多いが\nこいつを使ったローストビーフサンドが一番出ている。	我们酒吧对料理的需求也很多，\n但用这家伙做的烤牛肉三明治卖得最好。	うちのバーでは料理の需要も多いが\nこいつを使ったローストビーフサンドが一番出ている。
02.txt.json	0	*top	71	0	プーカ	普卡	puca0186		「へー、稔くんって料理上手だったんだねえ」	「欸——原来稔君很会做饭啊」	「へー、稔くんって料理上手だったんだねえ」
02.txt.json	0	*top	72	0	稔	稔			「言うほどじゃないさ」	「没你说的那么夸张」	「言うほどじゃないさ」
02.txt.json	0	*top	73	0	プーカ	普卡	puca0187		「あたしも料理の腕には自信あるけど、\nソース作りなんてたぶんできないよ～」	「我的厨艺也很有自信，不过，\n做酱汁什么的，大概还是做不到吧～」	「あたしも料理の腕には自信あるけど、\nソース作りなんてたぶんできないよ～」
02.txt.json	0	*top	74	0	稔	稔			「やってみりゃ簡単だよ。\nお前が唯一作れる目玉焼きより材料が多いだけだ」	「试试看就知道很简单了。\n只不过比你唯一会做的煎蛋多几样材料而已」	「やってみりゃ簡単だよ。\nお前が唯一作れる目玉焼きより材料が多いだけだ」
02.txt.json	0	*top	75	0	プーカ	普卡	puca0188		「食べたい！」	「我想吃！」	「食べたい！」
02.txt.json	0	*top	76	0	稔	稔			「１０秒前を思い出そうな。明日」	「明天，我们来回想一下十秒前的事吧」	「１０秒前を思い出そうな。明日」
02.txt.json	0	*top	77	0					調理は済んだので、使ったものを片付けていく。	料理已经做好了，于是我开始收拾用过的东西。	調理は済んだので、使ったものを片付けていく。
02.txt.json	0	*top	78	0					鍋を洗って、ゴミを捨てて、	洗好锅，扔掉垃圾、	鍋を洗って、ゴミを捨てて、
02.txt.json	0	*top	79	0	プーカ	普卡	puca0189		「ブラックカラント……カシスのジャムだっけ」	「黑加仑……是叫黑醋栗果酱吧」	「ブラックカラント……カシスのジャムだっけ」
02.txt.json	0	*top	80	0	プーカ	普卡	puca0190		「ぺろぺろ」	「舔舔」	「ぺろぺろ」
02.txt.json	0	*top	81	0	稔	稔			「ああ。\n……空き瓶を舐めるの、せめて隠れてやらないか？」	「嗯。\n……舔空瓶子的时候，至少躲起来做不行吗？」	「ああ。\n……空き瓶を舐めるの、せめて隠れてやらないか？」
02.txt.json	0	*top	82	0	プーカ	普卡	puca0191		「ローストビーフって、ソースにこんなの使うんだね」	「原来烤牛肉的酱汁会用这种东西啊」	「ローストビーフって、ソースにこんなの使うんだね」
02.txt.json	0	*top	83	0	稔	稔			「これはうちのオリジナルだよ」	「这是我们店的原创配方」	「これはうちのオリジナルだよ」
02.txt.json	0	*top	84	0					あれのソースレシピ、いくつか探ってみて、\n和風、フランス風、チリ風など色々あったけど、	我查了几个那种酱汁的配方，\n有日式风味、法式风味、辣椒风味等等、	あれのソースレシピ、いくつか探ってみて、\n和風、フランス風、チリ風など色々あったけど、
02.txt.json	0	*top	85	0					カシスジャムを使うのは、俺の知るかぎりうちだけ。	据我所知，会用黑醋栗果酱的就只有我们店。	カシスジャムを使うのは、俺の知るかぎりうちだけ。
02.txt.json	0	*top	86	0	プーカ	普卡	puca0192		「はえ～おもろいね～」（ぺろぺろ）	「哇～真有意思～」（舔舔）	「はえ～おもろいね～」（ぺろぺろ）
02.txt.json	0	*top	87	0	稔	稔			「味がしなくなったら水洗いして捨てとけよ」	「等没味道了就用水洗干净再扔掉」	「味がしなくなったら水洗いして捨てとけよ」
02.txt.json	0	*top	88	0	稔	稔			「さて……」	「那么……」	「さて……」
02.txt.json	0	*top	89	0					時計を見る。	我看了看时钟。	時計を見る。
02.txt.json	0	*top	90	0					昼の３時。	下午三点。	昼の３時。
02.txt.json	0	*top	91	0					まだ出勤には早い。	离上班还早。	まだ出勤には早い。
02.txt.json	0	*top	92	0					ちょっと時間潰すか。スマホを取り出した。	要不要打发一下时间呢？我拿出了手机。	ちょっと時間潰すか。スマホを取り出した。
02.txt.json	0	*top	93	0	プーカ	普卡	puca0193		「あっ、何見るの何見るの？　よーつべ？」	「啊，要看什么要看什么？　YouTube？」	「あっ、何見るの何見るの？　よーつべ？」
02.txt.json	0	*top	94	0	稔	稔			「いや、あー……んじゃ見るか」	「不了，啊——……那就看吧」	「いや、あー……んじゃ見るか」
02.txt.json	0	*top	95	0					プーカが食いついてしまった。	普卡一下子来了兴致。	プーカが食いついてしまった。
02.txt.json	0	*top	96	0					後ろから覗き込んでくる。	她从后面探头看过来。	後ろから覗き込んでくる。
02.txt.json	0	*top	97	0					ゲームでもやるかと思ったが……。\n……やってるソシャゲは薄着の女の子がどどーん系だから\n見られるのは避けたい。	本来想玩会儿游戏的……\n……可我玩的手游是那种穿着清凉的女孩子成群结队登场的类型，\n不想被她看到。	ゲームでもやるかと思ったが……。\n……やってるソシャゲは薄着の女の子がどどーん系だから\n見られるのは避けたい。
02.txt.json	0	*top	98	0					つべでも見るか。	看会儿YouTube吧。	つべでも見るか。
02.txt.json	0	*top	99	0	プーカ	普卡	puca0194		「なに見るなに見る？　ぎゅんたまのアニメもあるよね」	「看什么看什么？　也有银魂的动画吧」	「なに見るなに見る？　ぎゅんたまのアニメもあるよね」
02.txt.json	0	*top	100	0	稔	稔			「あれは……公式が出してるやつはもう全部見ちゃったよ」	「那个啊……官方出的已经全都看完了」	「あれは……公式が出してるやつはもう全部見ちゃったよ」
02.txt.json	0	*top	101	0	プーカ	普卡	puca0195		「え～」	「诶～」	「え～」
02.txt.json	0	*top	102	0	稔	稔			「２、３ヶ月おきに新しいの流してるっぽいから我慢しろ」	「好像每隔两三个月就会放新的，忍一忍吧」	「２、３ヶ月おきに新しいの流してるっぽいから我慢しろ」
02.txt.json	0	*top	103	0	プーカ	普卡	puca0196		「はぁい」	「好」	「はぁい」
02.txt.json	0	*top	104	0					大人しくなるプーカ。	普卡安分了下来。	大人しくなるプーカ。
02.txt.json	0	*top	105	0					さすがに配信のサブスク入りたいとかは\n言われなくてよかった。	还好她没说想订阅直播之类的。	さすがに配信のサブスク入りたいとかは\n言われなくてよかった。
02.txt.json	0	*top	106	0					……ところでこいつ、\n２、３ヶ月後もここに居座るつもりなんだろーか。	……话说回来，这家伙打算两三个月后也继续赖在这里吗。	……ところでこいつ、\n２、３ヶ月後もここに居座るつもりなんだろーか。
02.txt.json	0	*top	107	0	プーカ	普卡	puca0197		「じゃあじゃあ……」	「那就那就……」	「じゃあじゃあ……」
02.txt.json	0	*top	108	0	プーカ	普卡	puca0198		「んえ？　これ何？」	「嗯诶？　这是什么？」	「んえ？　これ何？」
02.txt.json	0	*top	109	0	稔	稔			「あー……ショートだな」	「啊——……这是Shorts」	「あー……ショートだな」
02.txt.json	0	*top	110	0					最近のつべは、短い動画需要にともなって\nやたらとおすすめの上位にショート動画を出してくる。	如今的YouTube迎合短视频的需求，\n总是把Shorts视频推到推荐列表的前排。	最近のつべは、短い動画需要にともなって\nやたらとおすすめの上位にショート動画を出してくる。
02.txt.json	0	*top	111	0					俺はあんまり見ない派だ。\nつべは長時間のを垂れ流しにして別作業するタイプで、\nいちいち新しいのを探さなきゃいけないショートは面倒。	我属于不太看那种的人。\n我一般会放着长视频当背景音，同时做别的事，\n而Shorts还得一个个找新视频，太麻烦了。	俺はあんまり見ない派だ。\nつべは長時間のを垂れ流しにして別作業するタイプで、\nいちいち新しいのを探さなきゃいけないショートは面倒。
02.txt.json	0	*top	112	0	プーカ	普卡	puca0199		「ふーん」	「哦」	「ふーん」
02.txt.json	0	*top	113	0	プーカ	普卡	puca0200		「最近は短いのが流行りなんだ。へ～」	「最近流行的是短视频啊。哦～」	「最近は短いのが流行りなんだ。へ～」
02.txt.json	0	*top	114	0	稔	稔			「……」	「……」	「……」
02.txt.json	0	*top	115	0	稔	稔			「お前、ショートには興味なし？」	「你对短视频没兴趣？」	「お前、ショートには興味なし？」
02.txt.json	0	*top	116	0	プーカ	普卡	puca0201		「え、うん。\n面白いのかもだけど、よく分かんない」	「诶，嗯。\n可能挺有意思的吧，但我不太明白」	「え、うん。\n面白いのかもだけど、よく分かんない」
02.txt.json	0	*top	117	0	稔	稔			「へえ」	「哦」	「へえ」
02.txt.json	0	*top	118	0					こういう短い動画って、ちくとくから来た流行りで、\nようするに学生文化だと思ってた。	我原以为这种短视频是从抖音传来的潮流，\n说到底算是学生文化。	こういう短い動画って、ちくとくから来た流行りで、\nようするに学生文化だと思ってた。
02.txt.json	0	*top	119	0					プーカくらいのガキがメインの客層だと思ってたが……。	我还以为主要受众是普卡这种年纪的小鬼……。	プーカくらいのガキがメインの客層だと思ってたが……。
02.txt.json	0	*top	120	0	プーカ	普卡	puca0202		「他の他の」	「别的别的」	「他の他の」
02.txt.json	0	*top	121	0	プーカ	普卡	puca0203		「んえ？　ねーねーこれなに？\nメイクラの動画……って書いてあるけど、\nメイクラにこんなキャラいる？」	「嗯？　喂喂，这是什么？\n上面写着是《メイクラ》的视频……\n《メイクラ》里有这种角色吗？」	「んえ？　ねーねーこれなに？\nメイクラの動画……って書いてあるけど、\nメイクラにこんなキャラいる？」
02.txt.json	0	*top	122	0	稔	稔			「ん……、Ｖつーばーだな」	「嗯……是虚拟主播吧」	「ん……、Ｖつーばーだな」
02.txt.json	0	*top	123	0					タイトルにはシブいゲーム名があるのに\nサムネがこってこての美少女な動画に食いついた。	明明标题写着个很硬派的游戏名，\n她却被缩略图上那副俗到不行的美少女形象吸引了。	タイトルにはシブいゲーム名があるのに\nサムネがこってこての美少女な動画に食いついた。
02.txt.json	0	*top	124	0	プーカ	普卡	puca0204		「Ｖ……あー、聞いたことある」	「虚拟……啊——我听说过」	「Ｖ……あー、聞いたことある」
02.txt.json	0	*top	125	0	プーカ	普卡	puca0205		「あれだよねなんか。絵が動くやつだよね」	「就是那个吧，好像是。让画动起来的那种」	「あれだよねなんか。絵が動くやつだよね」
02.txt.json	0	*top	126	0	稔	稔			「アバターにしゃべらせるやつだな」	「让虚拟形象开口说话的那种」	「アバターにしゃべらせるやつだな」
02.txt.json	0	*top	127	0	プーカ	普卡	puca0206		「前にニュースで見た。\nアニメにハマる孤独な男性の闇！　みたいな」	「我以前在新闻里看到过。\n沉迷动漫的孤独男性的黑暗面！　之类的」	「前にニュースで見た。\nアニメにハマる孤独な男性の闇！　みたいな」
02.txt.json	0	*top	128	0	稔	稔			「こういう産業ってもうお客は男女比率同じくらいらしいけど\nなんで男だけ闇になるんだろうな」	「听说这种产业现在的男女顾客比例已经差不多了，\n为什么只有男人会变成黑暗面呢」	「こういう産業ってもうお客は男女比率同じくらいらしいけど\nなんで男だけ闇になるんだろうな」
02.txt.json	0	*top	129	0					こっちは知ってる模様。	看来她知道这个。	こっちは知ってる模様。
02.txt.json	0	*top	130	0					ショート系の流行ったここ数年は知らないが、\nＶは知ってるのか。	虽然不知道这几年流行的短视频，\n但她知道虚拟主播吗。	ショート系の流行ったここ数年は知らないが、\nＶは知ってるのか。
02.txt.json	0	*top	131	0	プーカ	普卡	puca0207		「おすすめに出るってことは、よく見るの？」	「会被推荐出来，说明你经常看？」	「おすすめに出るってことは、よく見るの？」
02.txt.json	0	*top	132	0	稔	稔			「最近の配信系はそういうのばっか来るから」	「因为最近直播类的内容总是推这种」	「最近の配信系はそういうのばっか来るから」
02.txt.json	0	*top	133	0	プーカ	普卡	puca0208		「ハマってるのかい？\n孤独な男性の闇なのかい？」	「你沉迷了？\n还是孤独男性的黑暗面？」	「ハマってるのかい？\n孤独な男性の闇なのかい？」
02.txt.json	0	*top	134	0	稔	稔			「狙って見るほどじゃねーようっせーな。\n好きなタイプの動画が多いってだけ」	「又不是专门挑着看的，啰嗦死了。\n只是因为里面有很多我喜欢类型的视频而已」	「狙って見るほどじゃねーようっせーな。\n好きなタイプの動画が多いってだけ」
02.txt.json	0	*top	135	0	プーカ	普卡	puca0209		「どんなん？」	「什么样的？」	「どんなん？」
02.txt.json	0	*top	136	0	稔	稔			「ガチャ動画」	「抽卡视频」	「ガチャ動画」
02.txt.json	0	*top	137	0	稔	稔			「俺は、自分がやってるソシャゲでいい引きをした日は、\nそのガチャで爆死してるやつの動画を見て回るのが\n心の底から好きなんだ」	「我啊，每当自己玩的手游抽卡手气很好时，\n就会去把那些在同一池子里抽到血本无归的人的视频看个遍，\n那可是发自内心地喜欢」	「俺は、自分がやってるソシャゲでいい引きをした日は、\nそのガチャで爆死してるやつの動画を見て回るのが\n心の底から好きなんだ」
02.txt.json	0	*top	138	0	プーカ	普卡	puca0210		「アニメにハマるより闇が深い」	「比沉迷动画还要阴暗」	「アニメにハマるより闇が深い」
02.txt.json	0	*top	139	0	絵利	绘利	eri0004	Ｖ	「みんな～、こんにちＣＨＡＣＨＡＣＨＡ～♪」	「大家～，こんにちＣＨＡＣＨＡＣＨＡ～♪」	「みんな～、こんにちＣＨＡＣＨＡＣＨＡ～♪」
02.txt.json	0	*top	140	0	プーカ	普卡	puca0211		「あっ、始まった」	「啊，开始了」	「あっ、始まった」
02.txt.json	0	*top	141	0					選んじゃったらしい。動画がスタートする。	看来是选好了。视频开始播放。	選んじゃったらしい。動画がスタートする。
02.txt.json	0	*top	142	0	絵利	绘利	eri0005	Ｖ	「みんな～、ちゃちゃだよ～」	「大家～，ちゃちゃ来啦～」	「みんな～、ちゃちゃだよ～」
02.txt.json	0	*top	143	0					やたらとサイケデリックな髪色の女が\nひらひらと手を振っている。	一个发色异常赛博朋克的女人\n正轻飘飘地挥着手。	やたらとサイケデリックな髪色の女が\nひらひらと手を振っている。
02.txt.json	0	*top	144	0	稔	稔			「最近のアバターは手も動くのか」	「现在的虚拟形象连手都能动了吗」	「最近のアバターは手も動くのか」
02.txt.json	0	*top	145	0	プーカ	普卡	puca0212		「来てるねえ未来」	「未来还真是来了啊」	「来てるねえ未来」
02.txt.json	0	*top	146	0	絵利	绘利	eri0006	Ｖ	「それでね、歯を磨こうとしたら歯磨き粉がなくて、\n昔おばあちゃんに言われた塩で磨こうとしたんだけどぉ」	「然后呢，我想刷牙的时候发现牙膏没了，\n就想用以前奶奶说过的盐来刷，结果」	「それでね、歯を磨こうとしたら歯磨き粉がなくて、\n昔おばあちゃんに言われた塩で磨こうとしたんだけどぉ」
02.txt.json	0	*top	147	0	稔	稔			「そのくせトーク内容は所帯じみまくってんな」	「话题内容倒是相当居家啊」	「そのくせトーク内容は所帯じみまくってんな」
02.txt.json	0	*top	148	0	プーカ	普卡	puca0213		「温めるねえ古」	「还真会炒冷饭啊，老掉牙的」	「温めるねえ古」
02.txt.json	0	*top	149	0					えっと？　Ｖつーばーの……『南部ちゃちゃちゃ』。	呃？　V主播的……『南部ちゃちゃちゃ』。	えっと？　Ｖつーばーの……『南部ちゃちゃちゃ』。
02.txt.json	0	*top	150	0					知らない名前だけど……開始直後で視聴者数が\n２００を超えてる。	虽然没听说过这个名字……但刚开播没多久，观看人数\n就已经超过２００人了。	知らない名前だけど……開始直後で視聴者数が\n２００を超えてる。
02.txt.json	0	*top	151	0					人気あるんだな。\n前に見たガチャ動画の人なんて俺含めて３人だったぞ。	还挺有人气的嘛。\n之前看过的那个抽卡视频，连我在内也就３个人观看。	人気あるんだな。\n前に見たガチャ動画の人なんて俺含めて３人だったぞ。
02.txt.json	0	*top	152	0	絵利	绘利	eri0007	ちゃちゃちゃ	「えへへ、それで今日やることだけどぉ」	「诶嘿嘿，那么今天要做的事呢」	「えへへ、それで今日やることだけどぉ」
02.txt.json	0	*top	153	0	絵利	绘利	eri0008	ちゃちゃちゃ	「どーん。\n久しぶりのカメラ配信でーす」	「咚——。\n今天是久违的露脸直播」	「どーん。\n久しぶりのカメラ配信でーす」
02.txt.json	0	*top	154	0					アバターの横にカメラで撮った、実際の映像が出てきた。	头像旁边出现了用摄像头拍摄的实际画面。	アバターの横にカメラで撮った、実際の映像が出てきた。
02.txt.json	0	*top	155	0	絵利	绘利	eri0009	ちゃちゃちゃ	「やほーい」	「呀吼」	「やほーい」
02.txt.json	0	*top	156	0					生の手を映してぐーちょきぱーしてる。	她把自己的手映出来，做着石头剪刀布。	生の手を映してぐーちょきぱーしてる。
02.txt.json	0	*top	157	0	プーカ	普卡	puca0214		「顔には分厚い仮面を被ってるのに\n手は映していいんだろうか」	「明明脸上戴着厚厚的面具，\n手却可以露出来吗」	「顔には分厚い仮面を被ってるのに\n手は映していいんだろうか」
02.txt.json	0	*top	158	0	稔	稔			「まあ……こういう逆説的矛盾は、大人の世界には\n往々にしてあることだから」	「不过……这种反论式的矛盾，在大人的世界里\n往往是很常见的」	「まあ……こういう逆説的矛盾は、大人の世界には\n往々にしてあることだから」
02.txt.json	0	*top	159	0	プーカ	普卡	puca0215		「これってどうやって撮影してるんだろ。\n自分を映すカメラと、こっちにもカメラあるんだよね」	「这到底是怎么拍的啊。\n既有拍自己的摄像头，这边也有一个摄像头对吧」	「これってどうやって撮影してるんだろ。\n自分を映すカメラと、こっちにもカメラあるんだよね」
02.txt.json	0	*top	160	0	稔	稔			「ああ」	「嗯」	「ああ」
02.txt.json	0	*top	161	0	プーカ	普卡	puca0216		「すごいお金持ちなの？」	「她是超级有钱人吗？」	「すごいお金持ちなの？」
02.txt.json	0	*top	162	0	稔	稔			「このくらいなら最近じゃタブレット１つでも出来るぞ」	「这种程度的话，最近用一台平板也能做到」	「このくらいなら最近じゃタブレット１つでも出来るぞ」
02.txt.json	0	*top	163	0	プーカ	普卡	puca0217		「ほへー」	「哦」	「ほへー」
02.txt.json	0	*top	164	0					あんまり最近の技術界隈には詳しくなさそう。	她好像不太了解最近的科技圈。	あんまり最近の技術界隈には詳しくなさそう。
02.txt.json	0	*top	165	0					いやでもＶつーばー知ってるなら……んー……。	不过，既然她知道虚拟主播……嗯……。	いやでもＶつーばー知ってるなら……んー……。
02.txt.json	0	*top	166	0					まあいいや、ところで俺のスマホ、\nそろそろ返してほしいんだが……。	算了，话说回来，我的手机……\n差不多该还给我了吧……。	まあいいや、ところで俺のスマホ、\nそろそろ返してほしいんだが……。
02.txt.json	0	*top	167	0	絵利	绘利	eri0010	ちゃちゃちゃ	「じゃあ今日はトイじらすで買った\nいっぱいのスライムをレビューしていきまぁす」	「那么今天就来测评一下\n在玩具反斗城买的一大堆史莱姆吧」	「じゃあ今日はトイじらすで買った\nいっぱいのスライムをレビューしていきまぁす」
02.txt.json	0	*top	168	0	プーカ	普卡	puca0218		「スライムだって！　見たい！」	「史莱姆！我想看！」	「スライムだって！　見たい！」
02.txt.json	0	*top	169	0					でもプーカが食いついた。	不过普卡一下子来了兴趣。	でもプーカが食いついた。
02.txt.json	0	*top	170	0					おもちゃレビューか……ガチで興味ないやつだ。	玩具测评啊……是我完全提不起兴趣的东西。	おもちゃレビューか……ガチで興味ないやつだ。
02.txt.json	0	*top	171	0	絵利	绘利	eri0011	ちゃちゃちゃ	「こぉんなにむにゅむにゅでーす」	「看，软绵绵到这种程度哦」	「こぉんなにむにゅむにゅでーす」
02.txt.json	0	*top	172	0	プーカ	普卡	puca0219		「わあ～むにゅむにゅ～」	「哇～软绵绵的～」	「わあ～むにゅむにゅ～」
02.txt.json	0	*top	173	0					スマホを完全に取られた。	手机被她彻底抢走了。	スマホを完全に取られた。
02.txt.json	0	*top	174	0					動画見る用のタブレットならあるんだから\nそっちで見れや。	不是有用来看视频的平板吗？\n用那个看去。	動画見る用のタブレットならあるんだから\nそっちで見れや。
02.txt.json	0	*top	175	0					ヒマを潰したいってのに、くそう。\nぎゅんたまでも読めってか？	我明明是想打发时间的，真是的。\n难道要我看《ぎゅんたま》吗？	ヒマを潰したいってのに、くそう。\nぎゅんたまでも読めってか？
02.txt.json	0	*top	176	0					思ってると、	就在我这么想着的时候、	思ってると、
02.txt.json	0	*top	177	0					――カタッ。	――咔哒。	――カタッ。
02.txt.json	0	*top	178	0	稔	稔			「ん？」	「嗯？」	「ん？」
02.txt.json	0	*top	179	0					物音。	有声音。	物音。
02.txt.json	0	*top	180	0					外からだった。	是从外面传来的。	外からだった。
02.txt.json	0	*top	181	0	稔	稔			「……」	「……」	「……」
02.txt.json	0	*top	182	0	プーカ	普卡	puca0220		「どうかした？」	「怎么了？」	「どうかした？」
02.txt.json	0	*top	183	0	稔	稔			「いや。動画見てろ」	「没什么。看你的动画去」	「いや。動画見てろ」
02.txt.json	0	*top	184	0					まさか、とは思うが。	虽然我觉得不至于。	まさか、とは思うが。
02.txt.json	0	*top	185	0					ドアの外に……。	难道门外……。	ドアの外に……。
02.txt.json	0	*top	186	0					人の気配？	有人在？	人の気配？
02.txt.json	0	*top	187	0					――ガチャッ！	――咔嚓！	――ガチャッ！
02.txt.json	0	*top	188	0	秋穂	秋穗	akiho0011	・・・	「ひゃあっ」	「呀啊」	「ひゃあっ」
02.txt.json	0	*top	189	0	稔	稔			「うおっ！？」	「呜哇！？」	「うおっ！？」
02.txt.json	0	*top	190	0					まさかと思ってドアを開けたら、マジでいた。	我心想不可能，却打开了门，结果她真的就在那儿。	まさかと思ってドアを開けたら、マジでいた。
02.txt.json	0	*top	191	0	秋穂	秋穗	akiho0012	・・・	「あ、あう、あの」	「啊、啊呜、那个」	「あ、あう、あの」
02.txt.json	0	*top	192	0					な、なんだこの女。	这、这女人是怎么回事。	な、なんだこの女。
02.txt.json	0	*top	193	0					……あれ。	……咦。	……あれ。
02.txt.json	0	*top	194	0	稔	稔			「あ……病院の？」	「啊……是医院的那个？」	「あ……病院の？」
02.txt.json	0	*top	195	0					私服なので一瞬分からなかったが、看護師だ。\n前に行った心療内科で会ってる。	虽然穿着便服，一瞬间没认出来，但她是护士。\n之前去心疗科的时候见过她。	私服なので一瞬分からなかったが、看護師だ。\n前に行った心療内科で会ってる。
02.txt.json	0	*top	196	0	稔	稔			「なんすか？」	「干吗？」	「なんすか？」
02.txt.json	0	*top	197	0	秋穂	秋穗	akiho0013	ナース	「いえ、あの、あの……」	「不，那个，那个……」	「いえ、あの、あの……」
02.txt.json	0	*top	198	0					急に出てきた俺に、きょどってるナース。	面对突然出现的我，护士慌了手脚。	急に出てきた俺に、きょどってるナース。
02.txt.json	0	*top	199	0					人の気配は部屋の前からした。	人的气息是从房间门前传来的。	人の気配は部屋の前からした。
02.txt.json	0	*top	200	0					けど、物音がするほど近くだったのに\nチャイムもノックもしなかった。	可是，明明离得那么近，近到连动静都能听见，\n她却既没按门铃，也没敲门。	けど、物音がするほど近くだったのに\nチャイムもノックもしなかった。
02.txt.json	0	*top	201	0	稔	稔			「……」	「……」	「……」
02.txt.json	0	*top	202	0	稔	稔			「聞き耳立ててた？」	「你刚才在偷听？」	「聞き耳立ててた？」
02.txt.json	0	*top	203	0	秋穂	秋穗	akiho0014	ナース	「っ！」	「！」	「っ！」
02.txt.json	0	*top	204	0					嘘はつけないタイプらしい。	看来她是不擅长撒谎的类型。	嘘はつけないタイプらしい。
02.txt.json	0	*top	205	0	秋穂	秋穗	akiho0015	ナース	「いえ、あの、チャイム、鳴らそうとしたんだけど、\n声が、その」	「不，那个，我本来想按门铃的，可是，听到了声音，所以」	「いえ、あの、チャイム、鳴らそうとしたんだけど、\n声が、その」
02.txt.json	0	*top	206	0	秋穂	秋穗	akiho0016	ナース	「誰かとしゃべってるかと思って……えと」	「我以为你在和谁说话……那个」	「誰かとしゃべってるかと思って……えと」
02.txt.json	0	*top	207	0	稔	稔			「あー、はいはい」	「啊——，行了行了」	「あー、はいはい」
02.txt.json	0	*top	208	0					彼女にはプーカの声は聞こえないのは前に見た通りだ。	正如之前所见，她听不见普卡的声音。	彼女にはプーカの声は聞こえないのは前に見た通りだ。
02.txt.json	0	*top	209	0					つまり俺の、会話風独り言が聞こえちゃって、\nつい聞き耳を……ってとこだろう。	也就是说，她听到了我那像是在对话一样的自言自语，\n于是就忍不住偷听了……大概就是这么回事吧。	つまり俺の、会話風独り言が聞こえちゃって、\nつい聞き耳を……ってとこだろう。
02.txt.json	0	*top	210	0					気持ちは分からないでもないが、	虽然也不是不能理解她的心情、	気持ちは分からないでもないが、
02.txt.json	0	*top	211	0					失礼だな。	但这也太失礼了。	失礼だな。
02.txt.json	0	*top	212	0	稔	稔			「まあ言い訳はしませんよ。そっちは事情知ってるでしょ」	「好吧，我就不找借口了。你也知道其中的情况吧」	「まあ言い訳はしませんよ。そっちは事情知ってるでしょ」
02.txt.json	0	*top	213	0	稔	稔			「なんか用ですか？　病院関係？」	「有什么事吗？　和医院有关？」	「なんか用ですか？　病院関係？」
02.txt.json	0	*top	214	0	秋穂	秋穗	akiho0017	ナース	「いえ、その、私は……その」	「不，那个，我……那个」	「いえ、その、私は……その」
02.txt.json	0	*top	215	0					まだ動揺して、話にならない彼女。	她还在动摇，根本没法好好说话。	まだ動揺して、話にならない彼女。
02.txt.json	0	*top	216	0					ったく、めんどくせーな。	真是的，麻烦死了。	ったく、めんどくせーな。
02.txt.json	0	*top	217	0					驚いたのはわかるけど、\nこの場合、落ち度があるのはあっちだ。	我知道你很惊讶，但\n这种情况下，有错的是对方。	驚いたのはわかるけど、\nこの場合、落ち度があるのはあっちだ。
02.txt.json	0	*top	218	0					用があるならさっさと……。	有事的话就快点……。	用があるならさっさと……。
02.txt.json	0	*top	219	0	絵利	绘利	eri0012	お隣さん	「あっ、やっと来た。あーきほっ」	「啊，终于来了。秋穗」	「あっ、やっと来た。あーきほっ」
02.txt.json	0	*top	220	0	秋穂	秋穗	akiho0018	ナース	「っ、え、絵利さん」	「呃、绘、绘利小姐」	「っ、え、絵利さん」
02.txt.json	0	*top	221	0					だがそこで邪魔が１人。	不过这时却有一个人来碍事。	だがそこで邪魔が１人。
02.txt.json	0	*top	222	0					お隣さんが出てきた。	邻居出来了。	お隣さんが出てきた。
02.txt.json	0	*top	223	0	絵利	绘利	eri0013	お隣さん	「さんきゅー悪いね、出勤前の忙しいときに\n来てもらっちゃって」	「谢啦，真不好意思，明明是你上班前最忙的时候\n还让你过来一趟」	「さんきゅー悪いね、出勤前の忙しいときに\n来てもらっちゃって」
02.txt.json	0	*top	224	0	秋穂	秋穗	akiho0019	ナース	「いえ、あの、近くですから」	「不，那个，因为就在附近」	「いえ、あの、近くですから」
02.txt.json	0	*top	225	0	絵利	绘利	eri0014	お隣さん	「ごめんねどうしても鎮痛剤……あれ」	「对不起，我实在需要止痛药……咦」	「ごめんねどうしても鎮痛剤……あれ」
02.txt.json	0	*top	226	0					そこで俺にも気付くお隣さん。	这时，邻居也注意到了我。	そこで俺にも気付くお隣さん。
02.txt.json	0	*top	227	0	絵利	绘利	eri0015	お隣さん	「あ、ど、どもです……」	「啊，你、你好……」	「あ、ど、どもです……」
02.txt.json	0	*top	228	0	稔	稔			「どもです」	「你好」	「どもです」
02.txt.json	0	*top	229	0	絵利	绘利	eri0016	お隣さん	「……デュヒ、ヒヒ」	「……嘻嘿，嘿嘿」	「……デュヒ、ヒヒ」
02.txt.json	0	*top	230	0					女同士だと明るいのに、俺と目があった途端\nキモ笑いしながら下を向く。	她和女性相处时明明很开朗，可一和我对上视线，就发出恶心的笑声低下了头。	女同士だと明るいのに、俺と目があった途端\nキモ笑いしながら下を向く。
02.txt.json	0	*top	231	0					えっと、	呃、	えっと、
02.txt.json	0	*top	232	0	稔	稔			「用事ってのは、こっち？」	「你说的事，是这边？」	「用事ってのは、こっち？」
02.txt.json	0	*top	233	0	秋穂	秋穗	akiho0020	ナース	「あ……はい。来た理由は」	「啊……是。来这里的理由是」	「あ……はい。来た理由は」
02.txt.json	0	*top	234	0	秋穂	秋穗	akiho0021	ナース	「で、その……住所。前に見て、お隣さんだなーって\n思ってて、その」	「还有那个……地址。我之前看到过，想着原来是邻居啊\n然后，就」	「で、その……住所。前に見て、お隣さんだなーって\n思ってて、その」
02.txt.json	0	*top	235	0	稔	稔			「ああ……はいはい」	「啊……好好」	「ああ……はいはい」
02.txt.json	0	*top	236	0					別に俺に用があったとかではないらしい。	看来并不是特意有事找我。	別に俺に用があったとかではないらしい。
02.txt.json	0	*top	237	0					偶然にも知り合いが俺と部屋が隣で。\nんで部屋の前を通ったら俺が１人でぎゃーぎゃー言ってて。\nって感じか。	碰巧认识的人房间就在我隔壁。\n然后她路过房门前时，正好听见我一个人在里面大喊大叫。\n大概就是这么回事吧。	偶然にも知り合いが俺と部屋が隣で。\nんで部屋の前を通ったら俺が１人でぎゃーぎゃー言ってて。\nって感じか。
02.txt.json	0	*top	238	0					あくまで偶然ではある。	说到底也确实只是个巧合。	あくまで偶然ではある。
02.txt.json	0	*top	239	0					聞き耳立てる理由にはならんが……、まあいいや。\n問い詰めるのも面倒くさい。	虽然这也不能成为偷听的理由……算了。\n追问下去也麻烦。	聞き耳立てる理由にはならんが……、まあいいや。\n問い詰めるのも面倒くさい。
02.txt.json	0	*top	240	0	稔	稔			「じゃ、まあ、今度からはやめてくださいね」	「那，今后还是请不要再这样了」	「じゃ、まあ、今度からはやめてくださいね」
02.txt.json	0	*top	241	0	秋穂	秋穗	akiho0022	ナース	「はい……すいません」	「好的……对不起」	「はい……すいません」
02.txt.json	0	*top	242	0	絵利	绘利	eri0017	お隣さん	「？」	「？」	「？」
02.txt.json	0	*top	243	0					――ガチャ。	——咔嚓。	――ガチャ。
02.txt.json	0	*top	244	0					ドアをしめる。	关上门。	ドアをしめる。
02.txt.json	0	*top	245	0					ったく。	真是的。	ったく。
02.txt.json	0	*top	246	0					だいぶ失礼なことをされたわけだが、	虽然对方确实做了相当失礼的事、	だいぶ失礼なことをされたわけだが、
02.txt.json	0	*top	247	0	プーカ	普卡	puca0221		「どうかした？」	「怎么了？」	「どうかした？」
02.txt.json	0	*top	248	0	稔	稔			「なーんでもね」	「没什么嘛」	「なーんでもね」
02.txt.json	0	*top	249	0					考えないようにしよう。	还是别去想了。	考えないようにしよう。
02.txt.json	0	*top	250	0					最大限好意的に解釈するなら、心配してくれた、\nとかだろうしな。	如果要尽可能往好的方面解释，那大概就是担心我吧，\n之类的。	最大限好意的に解釈するなら、心配してくれた、\nとかだろうしな。
02.txt.json	0	*top	251	0					知り合いの隣人が妄想を見てる男で、\nそんなやつが昼間から騒いでたら……まあ、うん。	认识的人隔壁住着一个会产生妄想的男人，\n而那种人大白天还在吵吵嚷嚷……嗯，换作是我也会担心吧。	知り合いの隣人が妄想を見てる男で、\nそんなやつが昼間から騒いでたら……まあ、うん。
02.txt.json	0	*top	252	0					……はあ。やっぱ病院なんて行くんじゃなかった。	……唉。果然不该去什么医院。	……はあ。やっぱ病院なんて行くんじゃなかった。
02.txt.json	0	*top	253	0					来週も予約いれたけど、ブッチしたほうがいいか。\nもうあの人とは顔あわせたくない。	虽然还预约了下周，但还是爽约算了。\n我已经不想再和那个人见面了。	来週も予約いれたけど、ブッチしたほうがいいか。\nもうあの人とは顔あわせたくない。
02.txt.json	0	*top	254	0					やれやれ……。	真是的……。	やれやれ……。
02.txt.json	0	*top	255	0					無駄に気疲れした。ベッドに腰を下ろす。	白白累得心力交瘁。我在床边坐下。	無駄に気疲れした。ベッドに腰を下ろす。
02.txt.json	0	*top	256	0	稔	稔			「……」	「……」	「……」
02.txt.json	0	*top	257	0					にしても聞き耳立てることはねーよな。	不过话说回来，也没必要偷听吧。	にしても聞き耳立てることはねーよな。
02.txt.json	0	*top	258	0					てか、住所覚えるなよ。\nそういうのプライベートだろ。	话说，你记什么住址啊。\n那种东西属于个人隐私吧。	てか、住所覚えるなよ。\nそういうのプライベートだろ。
02.txt.json	0	*top	259	0					なんだっけあの女、確かアキホ……。	那女人叫什么来着，记得是秋穗……。	なんだっけあの女、確かアキホ……。
02.txt.json	0	*top	260	0	稔	稔			「……」	「……」	「……」
02.txt.json	0	*top	261	0					……あきほ。	……秋穗。	……あきほ。
02.txt.json	0	*top	262	0					秋穂？	秋穗？	秋穂？
02.txt.json	0	*top	263	0	医師	医生	m_doctor0009		「猫村くん」	「猫村君」	「猫村くん」
02.txt.json	0	*top	264	0					――ガバッ！	――猛地坐起！	――ガバッ！
02.txt.json	0	*top	265	0	プーカ	普卡	puca0222		「ちょわあびっくりした！」	「哇，吓我一跳！」	「ちょわあびっくりした！」
02.txt.json	0	*top	266	0					飛び起きた。	我猛地坐起身来。	飛び起きた。
02.txt.json	0	*top	267	0					ねこむらあきほ。	猫村秋穗。	ねこむらあきほ。
02.txt.json	0	*top	268	0					マズい。	糟了。	マズい。
02.txt.json	0	*top	269	0					猫村秋穂……。	猫村秋穗……。	猫村秋穂……。
02.txt.json	0	*top	270	0					――ガチャッ！	――咔嚓！	――ガチャッ！
02.txt.json	0	*top	271	0					また外に出る。	又出门了。	また外に出る。
02.txt.json	0	*top	272	0	絵利	绘利	eri0018	お隣さん	「わっ」	「哇」	「わっ」
02.txt.json	0	*top	273	0					いたのはお隣さんだけ。	在那里的只有隔壁邻居。	いたのはお隣さんだけ。
02.txt.json	0	*top	274	0	絵利	绘利	eri0019	お隣さん	「あ、あ、ども……ヒヒ」	「啊、啊，你好……嘿嘿」	「あ、あ、ども……ヒヒ」
02.txt.json	0	*top	275	0	稔	稔			「さっきの彼女は？」	「刚才那位姑娘呢？」	「さっきの彼女は？」
02.txt.json	0	*top	276	0	絵利	绘利	eri0020	お隣さん	「え、え？　秋穂、ですか？」	「诶、诶？您是说秋穗吗？」	「え、え？　秋穂、ですか？」
02.txt.json	0	*top	277	0	絵利	绘利	eri0021	お隣さん	「もう病院、仕事いきましたけど……へひひ」	「她已经去医院上班了……嘿嘿嘿」	「もう病院、仕事いきましたけど……へひひ」
02.txt.json	0	*top	278	0	稔	稔			「……」	「……」	「……」
02.txt.json	0	*top	279	0					辺りを見わたす。	我环顾四周。	辺りを見わたす。
02.txt.json	0	*top	280	0					ダメだ。いない。	不行。她不在。	ダメだ。いない。
02.txt.json	0	*top	281	0					薬を届けただけみたいだし、すぐ行ってしまったらしい。	她好像只是来送药的，似乎很快就离开了。	薬を届けただけみたいだし、すぐ行ってしまったらしい。
02.txt.json	0	*top	282	0	稔	稔			「くそっ」	「可恶」	「くそっ」
02.txt.json	0	*top	283	0					中に戻る。	我回到屋里。	中に戻る。
02.txt.json	0	*top	284	0	絵利	绘利	eri0022	お隣さん	「？？」	「？？」	「？？」
02.txt.json	0	*top	285	0	絵利	绘利	eri0023	お隣さん	「なんだあいつ。変なお隣」	「那家伙是怎么回事。真是个奇怪的邻居」	「なんだあいつ。変なお隣」
02.txt.json	0	*top	286	0	絵利	绘利	eri0024	お隣さん	「……」	「……」	「……」
02.txt.json	0	*top	287	0	絵利	绘利	eri0025	お隣さん	「でも……へひひ」	「不过……嘿嘿嘿」	「でも……へひひ」
02.txt.json	0	*top	288	0	絵利	绘利	eri0026	お隣さん	「いまなんかＶつーばー見てたなあ」	「刚才好像在看V主播来着」	「いまなんかＶつーばー見てたなあ」
02.txt.json	0	*top	289	0	稔	稔			「プーカ。スマホ寄越せ」	「普卡。把手机给我」	「プーカ。スマホ寄越せ」
02.txt.json	0	*top	290	0	プーカ	普卡	puca0223		「えー、いま見てるのに～」	「诶——我正在看呢～」	「えー、いま見てるのに～」
02.txt.json	0	*top	291	0	稔	稔			「いいから」	「少废话」	「いいから」
02.txt.json	0	*top	292	0					ひったくる形で返してもらう。	我一把抢了回来。	ひったくる形で返してもらう。
02.txt.json	0	*top	293	0					で……ＳＮＳの、えっと、	然后……SNS的，那个、	で……ＳＮＳの、えっと、
02.txt.json	0	*top	294	0					えー……。	呃……。	えー……。
02.txt.json	0	*top	295	0					とー……。	呃……。	とー……。
02.txt.json	0	*top	296	0	稔	稔			「……」	「……」	「……」
02.txt.json	0	*top	297	0					ぐあ。	呜啊。	ぐあ。
02.txt.json	0	*top	298	0					出た。	找到了。	出た。
02.txt.json	0	*top	299	0					最近は便利なもので、ＳＮＳを探れば、\nどこそこの小中学校のどの年代卒業生とかは\n一発で調べがつくわけだが。	如今倒是方便，只要翻翻SNS，\n不管是哪个地方的中小学、哪一届毕业生，\n一下子就能查个清楚。	最近は便利なもので、ＳＮＳを探れば、\nどこそこの小中学校のどの年代卒業生とかは\n一発で調べがつくわけだが。
02.txt.json	0	*top	300	0					あった。	有了。	あった。
02.txt.json	0	*top	301	0					たぶん成人式だろう。どっかのカラオケで\n１０人くらいで撮った写真が出てきて、	应该是成人式吧。在某家卡拉OK，\n出现了一张大约十个人一起拍的照片、	たぶん成人式だろう。どっかのカラオケで\n１０人くらいで撮った写真が出てきて、
02.txt.json	0	*top	302	0					そのなかにさっきの看護師女が写っていた。	刚才那个护士女的身影就在其中。	そのなかにさっきの看護師女が写っていた。
02.txt.json	0	*top	303	0					隅っこで控えめにピースしてる。	她在角落里低调地比着剪刀手。	隅っこで控えめにピースしてる。
02.txt.json	0	*top	304	0					……いつも隅っこにいたな。小学生のころから。	……她一直都待在角落里。从小学时候起就是这样。	……いつも隅っこにいたな。小学生のころから。
02.txt.json	0	*top	305	0	プーカ	普卡	puca0224		「どしたの稔くん？」	「怎么了，稔君？」	「どしたの稔くん？」
02.txt.json	0	*top	306	0	稔	稔			「……」	「……」	「……」
02.txt.json	0	*top	307	0	稔	稔			「なーんでもない」	「没——什么」	「なーんでもない」
02.txt.json	0	*top	308	0					スマホを渡す。\nさっきの動画の続きにもどるプーカ。	把手机递过去。\n普卡回到了刚才那段视频的后续。	スマホを渡す。\nさっきの動画の続きにもどるプーカ。
02.txt.json	0	*top	309	0					俺はもう、ぐったり来てしまい、\nあらためてベッドに転がった。	我已经彻底没力气了，\n再次倒在了床上。	俺はもう、ぐったり来てしまい、\nあらためてベッドに転がった。
02.txt.json	0	*top	310	0					あー。	啊。	あー。
02.txt.json	0	*top	311	0					うあー。	呜啊。	うあー。
02.txt.json	0	*top	312	0	稔	稔			「……」	「……」	「……」
02.txt.json	0	*top	313	0	稔	稔			「ああああああああああああああああ」	「啊啊啊啊啊啊啊啊啊啊啊啊啊啊啊啊」	「ああああああああああああああああ」
02.txt.json	0	*top	314	0	プーカ	普卡	puca0225		「だからどした。\nなに、あたしが動画に夢中だから、構って欲しい合図？」	「所以怎么了。\n什么，难道是因为我看视频看得入迷了，你在暗示想让我陪你？」	「だからどした。\nなに、あたしが動画に夢中だから、構って欲しい合図？」
02.txt.json	0	*top	315	0	稔	稔			「いらん。スライム見てろ」	「不用。看你的史莱姆去」	「いらん。スライム見てろ」
02.txt.json	0	*top	316	0	プーカ	普卡	puca0226		「わかった。ぬはは変な色～」	「知道了。呜哈哈，好奇怪的颜色～」	「わかった。ぬはは変な色～」
02.txt.json	0	*top	317	0					くそう。	可恶。	くそう。
02.txt.json	0	*top	318	0					最悪だ。	糟透了。	最悪だ。
02.txt.json	0	*top	319	0					猫村秋穂。	猫村秋穗。	猫村秋穂。
02.txt.json	0	*top	320	0					知り合いだ。	是我认识的人。	知り合いだ。
02.txt.json	0	*top	321	0					同じ小学校で中学校。	小学和中学都在同一所学校。	同じ小学校で中学校。
02.txt.json	0	*top	322	0					小学生のころは……結構仲良かった。\n幼なじみと言っても良い。	小学的时候……关系还挺好的。\n说是青梅竹马也不为过。	小学生のころは……結構仲良かった。\n幼なじみと言っても良い。
02.txt.json	0	*top	323	0					中学で縁がうすれて、高校で切れて……１０年？\n顔見ても思い出せなかった。	上了中学后关系渐渐疏远，高中时就断了联系……十年？\n就算看到脸，我也没能想起来。	中学で縁がうすれて、高校で切れて……１０年？\n顔見ても思い出せなかった。
02.txt.json	0	*top	324	0	稔	稔			「……」	「……」	「……」
02.txt.json	0	*top	325	0					うううううううう。	呜呜呜呜呜呜呜呜。	うううううううう。
02.txt.json	0	*top	326	0					再会はいい。うん。美人に育ってたな。\nまた会えて嬉しいよ。	重逢倒是挺好。嗯。你长成美人了啊。\n能再见到你，我很高兴。	再会はいい。うん。美人に育ってたな。\nまた会えて嬉しいよ。
02.txt.json	0	*top	327	0					でも病院はダメだろ。	但偏偏是在医院，未免也太糟了吧。	でも病院はダメだろ。
02.txt.json	0	*top	328	0					ましてや見えちゃいけないものが見えてる人間として\n再会するのは避けたかった。	更何况，我不想以一个能看见不该看见之物的人的身份\n与她重逢。	ましてや見えちゃいけないものが見えてる人間として\n再会するのは避けたかった。
02.txt.json	0	*top	329	0					あー……。	啊……。	あー……。
02.txt.json	0	*top	330	0					ああああああああ。	啊啊啊啊啊啊啊啊。	ああああああああ。
02.txt.json	0	*top	331	0					やっぱり病院なんか行くんじゃなかった。	我果然不该去什么医院。	やっぱり病院なんか行くんじゃなかった。
02.txt.json	0	*top	332	0	絵利	绘利	eri0027	ちゃちゃちゃ	「はーいじゃあ今日はここまで。\nセンキュふぉウォッチンあんどプリーズすとらーいぶ」	「好——那么今天就到这里。\n感谢观看，请继续努力」	「はーいじゃあ今日はここまで。\nセンキュふぉウォッチンあんどプリーズすとらーいぶ」
02.txt.json	0	*top	333	0	絵利	绘利	eri0028	・・・	「おつおつＣＨＡＣＨＡＣＨＡ～♪」	「辛苦啦CHACHACHA～♪」	「おつおつＣＨＡＣＨＡＣＨＡ～♪」
02.txt.json	0	*top	334	0					・・・・・	……	・・・・・
02.txt.json	0	*top	335	0					・・・・	・・・・	・・・・
02.txt.json	0	*top	336	0					・・・	・・・	・・・
02.txt.json	0	*top	337	0					どんなに暗い気分でも、\n仕事は休めないのが大人というモノだ。	无论心情多么低落，\n工作也不能请假，这就是所谓的大人。	どんなに暗い気分でも、\n仕事は休めないのが大人というモノだ。
02.txt.json	0	*top	338	0					夕方には留守をプーカに任せて家を出て、\n１８時には店を開けた。	傍晚时把家里交给普卡照看后出了门，\n18点准时开了店。	夕方には留守をプーカに任せて家を出て、\n１８時には店を開けた。
02.txt.json	0	*top	339	0					店の形態として、メインは２１時過ぎだが、\nまだ早いこの時間でも客は入る。	按照店里的经营情况，主要客流是在21点以后，\n不过即使是现在这个还早的时间，也会有客人光顾。	店の形態として、メインは２１時過ぎだが、\nまだ早いこの時間でも客は入る。
02.txt.json	0	*top	340	0	客１	客1	m_custa0001		「なんか腹に溜まるモノ頼む」	「给我来点能填饱肚子的东西」	「なんか腹に溜まるモノ頼む」
02.txt.json	0	*top	341	0	客２	客2	m_custb0001		「こっちもおねがい」	「我这边也拜托了」	「こっちもおねがい」
02.txt.json	0	*top	342	0	稔	稔			「かしこまりました」	「好的」	「かしこまりました」
02.txt.json	0	*top	343	0					むしろこの時間は、酒よりメシ目当ての客が多い。	倒不如说，这个时间来店里的客人，大多是为了吃饭而不是喝酒。	むしろこの時間は、酒よりメシ目当ての客が多い。
02.txt.json	0	*top	344	0					酔って絡まれたりしない分、気が楽だ。	不用应付醉醺醺地纠缠人的客人，心情也轻松多了。	酔って絡まれたりしない分、気が楽だ。
02.txt.json	0	*top	345	0	客１	客1	m_custa0002		「ん～♪　やっぱうめーなここのローストビーフサンド」	「嗯～♪　这家的烤牛肉三明治果然好吃」	「ん～♪　やっぱうめーなここのローストビーフサンド」
02.txt.json	0	*top	346	0	稔	稔			「ありがとうございます」	「谢谢夸奖」	「ありがとうございます」
02.txt.json	0	*top	347	0	客２	客2	m_custb0002		「でもいつもこれだよね。なんか新しいのに挑戦しないの？」	「不过你每次都点这个呢。就不能挑战一下什么新菜吗？」	「でもいつもこれだよね。なんか新しいのに挑戦しないの？」
02.txt.json	0	*top	348	0	稔	稔			「考えてはおりますが、まだ修行不足で」	「我也考虑过，只是还没学到家」	「考えてはおりますが、まだ修行不足で」
02.txt.json	0	*top	349	0	客１	客1	m_custa0003		「うんうん、これで十分。\nこいつがある限り週１で通うよマスター」	「嗯嗯，这样就够了。\n只要还有这家伙，我每周都会来一次哦，老板」	「うんうん、これで十分。\nこいつがある限り週１で通うよマスター」
02.txt.json	0	*top	350	0	稔	稔			「ありがとうございます」	「谢谢夸奖」	「ありがとうございます」
02.txt.json	0	*top	351	0					ちょうど仕事終わりのサラリーマン相手に、\n適当に相づちをうって過ごす。	面对刚下班的工薪族，\n我随意应和着打发时间。	ちょうど仕事終わりのサラリーマン相手に、\n適当に相づちをうって過ごす。
02.txt.json	0	*top	352	0					プーカにも言ったがローストビーフサンドには自信がある。	我也对普卡说过，我对烤牛肉三明治还是很有自信的。	プーカにも言ったがローストビーフサンドには自信がある。
02.txt.json	0	*top	353	0					酔ってない客に味を褒められるのは、\nこの仕事で一番の贅沢だった。	被没喝醉的客人夸奖味道，\n是这份工作中最奢侈的享受。	酔ってない客に味を褒められるのは、\nこの仕事で一番の贅沢だった。
02.txt.json	0	*top	354	0					酒メインの客が入り出すのは２０時ごろ、\n切り替わるのは２１時半くらいからかな。	以酒为主的客人差不多会在２０点左右开始进店，\n大概从２１点半左右就会转换成那个时段吧。	酒メインの客が入り出すのは２０時ごろ、\n切り替わるのは２１時半くらいからかな。
02.txt.json	0	*top	355	0					その時間帯は、サンドイッチじゃなく\n酒のつまみでもローストビーフは使える。	那个时间段，不做三明治，\n用烤牛肉来做下酒菜也行。	その時間帯は、サンドイッチじゃなく\n酒のつまみでもローストビーフは使える。
02.txt.json	0	*top	356	0					多めに切っておくか。\n客が離れた隙に、肉包丁を取り――。	要不要多切一些。\n趁客人离开的空档，拿起切肉刀。	多めに切っておくか。\n客が離れた隙に、肉包丁を取り――。
02.txt.json	0	*top	357	0					――っと。	——哎。	――っと。
02.txt.json	0	*top	358	0	乃良	乃良	nora0001	ガキ	「……」	「……」	「……」
02.txt.json	0	*top	359	0	稔	稔			「いらっしゃいませ」	「欢迎光临」	「いらっしゃいませ」
02.txt.json	0	*top	360	0	乃良	乃良	nora0002	ガキ	「１人」	「一个人」	「１人」
02.txt.json	0	*top	361	0	稔	稔			「はい。お好きなお席へどうぞ」	「好的。请随意找个喜欢的座位吧」	「はい。お好きなお席へどうぞ」
02.txt.json	0	*top	362	0					作業中断。お冷やとおしぼりを用意した。	中断手上的工作。我准备好了冰水和湿毛巾。	作業中断。お冷やとおしぼりを用意した。
02.txt.json	0	*top	363	0					一番隅っこの、小さい席につくお客。	客人坐到了最角落的那张小桌旁。	一番隅っこの、小さい席につくお客。
02.txt.json	0	*top	364	0					珍しいタイプだな。	真是少见的类型啊。	珍しいタイプだな。
02.txt.json	0	*top	365	0					完全にガキだ。	完全就是个小鬼。	完全にガキだ。
02.txt.json	0	*top	366	0					落ち着いた感じで、雰囲気に子供っぽさはないけど、\n体つきが完全に子供。	感觉很沉稳，气质上没有半点孩子气，\n但身形完全就是个孩子。	落ち着いた感じで、雰囲気に子供っぽさはないけど、\n体つきが完全に子供。
02.txt.json	0	*top	367	0					んー。	嗯。	んー。
02.txt.json	0	*top	368	0					一番身近にいるガキと比べて……。	和离我最近的那个小鬼比起来……。	一番身近にいるガキと比べて……。
02.txt.json	0	*top	369	0					んーむ。	嗯。	んーむ。
02.txt.json	0	*top	370	0					困ったな。	这下麻烦了。	困ったな。
02.txt.json	0	*top	371	0					見た感じはかなり子供なんだが、\nプーカみたいなクソガキ感はない。	看起来确实很像个孩子，\n但没有普卡那种十足的臭小鬼气质。	見た感じはかなり子供なんだが、\nプーカみたいなクソガキ感はない。
02.txt.json	0	*top	372	0					あっちはもうクソガキｏｆクソガキって感じだが……。	那边已经完全是臭小鬼中的臭小鬼了……。	あっちはもうクソガキｏｆクソガキって感じだが……。
02.txt.json	0	*top	373	0	プーカ	普卡	puca0227		「ふぃっくちん！」	「哈啾！」	「ふぃっくちん！」
02.txt.json	0	*top	374	0	プーカ	普卡	puca0228		「うー、誰か噂してる？」	「呜——，有人在说我吗？」	「うー、誰か噂してる？」
02.txt.json	0	*top	375	0	プーカ	普卡	puca0229		「でもあたしの噂するのなんて稔くんだけ……」	「不过会提起我的也只有稔君……」	「でもあたしの噂するのなんて稔くんだけ……」
02.txt.json	0	*top	376	0	プーカ	普卡	puca0230		「そっかそっかぁ。お仕事中もあたしのことが\n忘れられないんだなあ。思い出しちゃってるんだなあ」	「这样啊这样啊。工作的时候也忘不了我啊。总是想起我啊」	「そっかそっかぁ。お仕事中もあたしのことが\n忘れられないんだなあ。思い出しちゃってるんだなあ」
02.txt.json	0	*top	377	0	プーカ	普卡	puca0231		「しょうがないか。こぉんなに可愛いんだもんね～」	「那也没办法嘛。谁让人家这么可爱呢～」	「しょうがないか。こぉんなに可愛いんだもんね～」
02.txt.json	0	*top	378	0	プーカ	普卡	puca0232		「愛されてごーめーん」	「被人喜欢真是对不起啦」	「愛されてごーめーん」
02.txt.json	0	*top	379	0					あんな全身の毛穴という毛穴からウザさがにじみ出る\nクソガキ最終爆弾なら対応しやすいんだけど。	要是那种从全身上下每个毛孔都渗出烦人劲儿的\n臭小鬼终极炸弹，反而还比较好应付。	あんな全身の毛穴という毛穴からウザさがにじみ出る\nクソガキ最終爆弾なら対応しやすいんだけど。
02.txt.json	0	*top	380	0					こっちは雰囲気が大人びてる。	但这个给人的感觉更成熟。	こっちは雰囲気が大人びてる。
02.txt.json	0	*top	381	0					となると……。	这么说来……。	となると……。
02.txt.json	0	*top	382	0	乃良	乃良	nora0003	少女	「あの」	「那个」	「あの」
02.txt.json	0	*top	383	0	稔	稔			「はい」	「好的」	「はい」
02.txt.json	0	*top	384	0	乃良	乃良	nora0004	少女	「オレンジジュース……とか」	「橙汁……之类的」	「オレンジジュース……とか」
02.txt.json	0	*top	385	0	稔	稔			「ああ。はい。かしこまりました」	「啊。好的。明白了」	「ああ。はい。かしこまりました」
02.txt.json	0	*top	386	0					……大丈夫か。	……没事吧。	……大丈夫か。
02.txt.json	0	*top	387	0					ここはバーとはいえ、一応は飲食店。\n未成年立ち入り禁止とかにはしてない。	这里虽然是酒吧，但姑且也算餐饮店。\n并没有规定未成年人禁止入内。	ここはバーとはいえ、一応は飲食店。\n未成年立ち入り禁止とかにはしてない。
02.txt.json	0	*top	388	0					たださすがにアルコールは出せないので、\n頼まれたらどうしようかと思った。	不过酒精饮料肯定是不能提供的，\n所以我还在想，要是她点酒该怎么办。	たださすがにアルコールは出せないので、\n頼まれたらどうしようかと思った。
02.txt.json	0	*top	389	0					見た目は子供なのに２０歳こえてる人も普通にいるしな。\nそういう客が来たとき、どうあしらうかが\nこの仕事してて一番気をつかうところである。	毕竟也有些人看起来像小孩，实际上已经超过20岁了。\n遇到这种客人时该怎么应付，\n是做这份工作最需要费心的地方。	見た目は子供なのに２０歳こえてる人も普通にいるしな。\nそういう客が来たとき、どうあしらうかが\nこの仕事してて一番気をつかうところである。
02.txt.json	0	*top	390	0					オレジューで助かった。	还好她点的是橙汁。	オレジューで助かった。
02.txt.json	0	*top	391	0	稔	稔			「どうぞ」	「给」	「どうぞ」
02.txt.json	0	*top	392	0	乃良	乃良	nora0005	少女	「……」	「……」	「……」
02.txt.json	0	*top	393	0					注文を済ませた。	点单结束了。	注文を済ませた。
02.txt.json	0	*top	394	0					さて、それで、	好了，那么、	さて、それで、
02.txt.json	0	*top	395	0					この地区の条例では……、なんだっけ？\n未成年は何時以降客にしちゃダメとか。	这个地区的条例是……，来着？\n好像是规定未成年人过了几点之后不能作为客人之类的。	この地区の条例では……、なんだっけ？\n未成年は何時以降客にしちゃダメとか。
02.txt.json	0	*top	396	0					ま、いっか。	算了。	ま、いっか。
02.txt.json	0	*top	397	0					あれ系の条例は、何時以降は『入店を禁じる』であって、\n『もう入店してるやつを追い出せ』とは書いてない。	那类条例写的是过了几点之后『禁止入店』，\n可没写『把已经进店的人赶出去。	あれ系の条例は、何時以降は『入店を禁じる』であって、\n『もう入店してるやつを追い出せ』とは書いてない。
02.txt.json	0	*top	398	0	客９	客9	m_custh0001		「マスター、ビールおねがーい」	「老板，来杯啤酒」	「マスター、ビールおねがーい」
02.txt.json	0	*top	399	0	客１４	客14	m_custj0001		「ジントニック４つね」	「四杯金汤力」	「ジントニック４つね」
02.txt.json	0	*top	400	0	稔	稔			「はーい」	「好」	「はーい」
02.txt.json	0	*top	401	0					他の客の相手に戻った。	我回去招呼其他客人。	他の客の相手に戻った。
02.txt.json	0	*top	402	0					・・・・・	……	・・・・・
02.txt.json	0	*top	403	0					が。	但是。	が。
02.txt.json	0	*top	404	0					２３時過ぎ。	过了23点。	２３時過ぎ。
02.txt.json	0	*top	405	0	客３２	客３２	m_custs0001		「うぃー、えっとぉ、次はカクテルにしよっかな」	「呜——，那个，接下来要不要来杯鸡尾酒呢」	「うぃー、えっとぉ、次はカクテルにしよっかな」
02.txt.json	0	*top	406	0	客３８	客３８	m_custt0001		「すいませーん、お水おねがいしまーす」	「不好意思——，麻烦给我杯水」	「すいませーん、お水おねがいしまーす」
02.txt.json	0	*top	407	0	稔	稔			「はーい」	「好」	「はーい」
02.txt.json	0	*top	408	0					そろそろ店は、酔客ばかりになって、\n新しい客は入らない時間帯に突入していた。	店里差不多已经全是醉醺醺的客人，也进入了不会再有新客人进来的时间段。\n。	そろそろ店は、酔客ばかりになって、\n新しい客は入らない時間帯に突入していた。
02.txt.json	0	*top	409	0					なのだが、	不过、	なのだが、
02.txt.json	0	*top	410	0	乃良	乃良	nora0006	少女	「……」	「……」	「……」
02.txt.json	0	*top	411	0					まだいる。	她还在。	まだいる。
02.txt.json	0	*top	412	0					開店してすぐ。１９時前に入った彼女が、\n２３時をすぎてもまだいた。	她在刚开店没多久、还不到19点时进来了，\n过了23点竟然还在。	開店してすぐ。１９時前に入った彼女が、\n２３時をすぎてもまだいた。
02.txt.json	0	*top	413	0					注文したのは最初のオレンジジュース１つ。\n……これも店としては微妙な話だが。	她点的只有最开始的那杯橙汁。\n……不过，从店家的角度来说，这也挺微妙的。	注文したのは最初のオレンジジュース１つ。\n……これも店としては微妙な話だが。
02.txt.json	0	*top	414	0					長すぎないか？	是不是太久了？	長すぎないか？
02.txt.json	0	*top	415	0					バーというからには、ウイスキーのショット１杯で\n２、３時間粘る客も珍しくはないが。	既然是酒吧，点一杯威士忌纯饮后磨上两三个小时的客人也不算少见，\n但。	バーというからには、ウイスキーのショット１杯で\n２、３時間粘る客も珍しくはないが。
02.txt.json	0	*top	416	0					ジュース１杯で５時間はさすがに初めてだ。	一杯果汁喝上五个小时，我还真是头一次见。	ジュース１杯で５時間はさすがに初めてだ。
02.txt.json	0	*top	417	0					んーむ。	嗯。	んーむ。
02.txt.json	0	*top	418	0	客４２	客42	m_custv0001		「マスタぁ、なんかご飯になるもの欲しいわ」	「老板——，我想吃点能当饭的东西」	「マスタぁ、なんかご飯になるもの欲しいわ」
02.txt.json	0	*top	419	0	稔	稔			「本日ですと、温かいものなら季節野菜のポトフ。\n軽いものならローストビーフサンドがご用意できますが」	「今天的话，热食可以选时令蔬菜炖肉。\n想吃点简单的，也可以给您准备烤牛肉三明治」	「本日ですと、温かいものなら季節野菜のポトフ。\n軽いものならローストビーフサンドがご用意できますが」
02.txt.json	0	*top	420	0	客４２	客42	m_custv0002		「あー、いいねサンドイッチ、ここのやつ美味しかった」	「啊——，三明治不错，这里的味道挺好吃的」	「あー、いいねサンドイッチ、ここのやつ美味しかった」
02.txt.json	0	*top	421	0	客３９	客39	m_custu0001		「ローストビーフのやつあるの？\nじゃあこっちも頼むわ」	「有烤牛肉的吗？\n那我也要这个」	「ローストビーフのやつあるの？\nじゃあこっちも頼むわ」
02.txt.json	0	*top	422	0	稔	稔			「かしこまりました」	「好的」	「かしこまりました」
02.txt.json	0	*top	423	0					狙っていた通り、今日もローストビーフは好調。\n先に多めにさばいておいた分がだいぶ減ってきた。	正如我所料，今天的烤牛肉生意也很不错。\n之前提前多处理了一些，现在已经卖掉不少了。	狙っていた通り、今日もローストビーフは好調。\n先に多めにさばいておいた分がだいぶ減ってきた。
02.txt.json	0	*top	424	0	客３９	客39	m_custu0002		「ここのやつってなんか美味しいよね。\nなに、肉がちがうの？」	「这里的东西总觉得特别好吃呢。\n怎么，肉不一样吗？」	「ここのやつってなんか美味しいよね。\nなに、肉がちがうの？」
02.txt.json	0	*top	425	0	稔	稔			「はは、ありがとうございます」	「哈哈，谢谢夸奖」	「はは、ありがとうございます」
02.txt.json	0	*top	426	0					肉はスーパーで売れ残りの安いやつだよ。	肉就是超市里卖剩下的便宜货。	肉はスーパーで売れ残りの安いやつだよ。
02.txt.json	0	*top	427	0					が、酔った客にソースがどうこう味がどうこう\nうんちくをふりまく必要はない。	不过，没必要对喝醉的客人滔滔不绝地讲什么酱汁啊味道啊\n之类的门道。	が、酔った客にソースがどうこう味がどうこう\nうんちくをふりまく必要はない。
02.txt.json	0	*top	428	0	客４２	客42	m_custv0003		「ぶえっぷ。あーうまかったー」	「呃——嗝。啊——真好吃」	「ぶえっぷ。あーうまかったー」
02.txt.json	0	*top	429	0	客３９	客39	m_custu0003		「お会計お願いしまーす」	「麻烦结账」	「お会計お願いしまーす」
02.txt.json	0	*top	430	0					アルコールで満ちた腹が食事でも膨れて、\nふらふらしながらレジに向かうお客。	肚子里装满了酒，又被饭菜撑得鼓鼓的客人，\n摇摇晃晃地朝收银台走来。	アルコールで満ちた腹が食事でも膨れて、\nふらふらしながらレジに向かうお客。
02.txt.json	0	*top	431	0					今日の客はここまでかな。\n２３時５２分……。	今天的客人到此为止了吧。\n23点52分……。	今日の客はここまでかな。\n２３時５２分……。
02.txt.json	0	*top	432	0	乃良	乃良	nora0007	少女	「……」	「……」	「……」
02.txt.json	0	*top	433	0					まだいる。	她还在。	まだいる。
02.txt.json	0	*top	434	0					テーブルには空になったオレンジジュースのコップ。\n氷も全部溶けている。	桌上放着喝空的橙汁杯。\n冰块也全都融化了。	テーブルには空になったオレンジジュースのコップ。\n氷も全部溶けている。
02.txt.json	0	*top	435	0					んーむ。	嗯。	んーむ。
02.txt.json	0	*top	436	0					まあ閉店時間は３時なので、まだまだ時間がある。\n邪険にするわけじゃないが。	不过，关店时间是凌晨3点，所以还早着呢。\n倒也不是要把她拒之门外。	まあ閉店時間は３時なので、まだまだ時間がある。\n邪険にするわけじゃないが。
02.txt.json	0	*top	437	0					日付を跨いでお客が１人もいなくなったら\nその日は店を閉めていい、というのが\nこの店のオーナーの方針だ。	这家店的老板定下的规矩是，\n只要过了午夜一个客人都没有，\n那天就可以关店。	日付を跨いでお客が１人もいなくなったら\nその日は店を閉めていい、というのが\nこの店のオーナーの方針だ。
02.txt.json	0	*top	438	0					つまり俺の帰宅時刻は、いま、彼女に握られた。	也就是说，我什么时候能回家，现在已经掌握在她手里了。	つまり俺の帰宅時刻は、いま、彼女に握られた。
02.txt.json	0	*top	439	0					帰りたーいなー。	好想回家啊。	帰りたーいなー。
02.txt.json	0	*top	440	0	稔	稔			「……」	「……」	「……」
02.txt.json	0	*top	441	0	乃良	乃良	nora0008	少女	「……」	「……」	「……」
02.txt.json	0	*top	442	0					もっといえば、未成年（かも）を夜中までおいておくと\nなんかトラブルになりそうだから、正直帰ってほしい。	再说了，把一个未成年人（也许是）留到半夜，\n感觉可能会惹出什么麻烦，所以说实话，我希望她赶紧回去。	もっといえば、未成年（かも）を夜中までおいておくと\nなんかトラブルになりそうだから、正直帰ってほしい。
02.txt.json	0	*top	443	0					とはいえ、こういうとき露骨に『帰ってくれないかな』って\n態度を出すのは好きじゃない。	话虽如此，我不喜欢在这种时候\n明显摆出一副“你能不能回去”的态度。	とはいえ、こういうとき露骨に『帰ってくれないかな』って\n態度を出すのは好きじゃない。
02.txt.json	0	*top	444	0					１人でもいるなら、ちゃんと店を維持する。	只要还有一个客人，我就会好好维持店里的营业。	１人でもいるなら、ちゃんと店を維持する。
02.txt.json	0	*top	445	0					ここら辺はもう、バーのマスターを\nやらせてもらってるプライドみたいなものがある。	这已经算是让我当酒吧老板的\n一种自尊了。	ここら辺はもう、バーのマスターを\nやらせてもらってるプライドみたいなものがある。
02.txt.json	0	*top	446	0					……でもジュース１杯で５時間粘る客には\nちょっと思うところがあるのも事実だ。	……不过，对于只点一杯果汁却赖上五个小时的客人，\n我确实也有点意见。	……でもジュース１杯で５時間粘る客には\nちょっと思うところがあるのも事実だ。
02.txt.json	0	*top	447	0					んーむ。	嗯。	んーむ。
02.txt.json	0	*top	448	0	稔	稔			「……」	「……」	「……」
02.txt.json	0	*top	449	0					あそうだ。	啊，对了。	あそうだ。
02.txt.json	0	*top	450	0					こういうときは、北風と太陽というやつで。	这种时候，就该用北风与太阳那一套。	こういうときは、北風と太陽というやつで。
02.txt.json	0	*top	451	0					切っておいたローストビーフ。\nもう客は来ないとみれば、あとは廃棄するだけ。	已经切好的烤牛肉。\n既然认定不会再有客人来了，接下来就只能丢掉。	切っておいたローストビーフ。\nもう客は来ないとみれば、あとは廃棄するだけ。
02.txt.json	0	*top	452	0					パンも残った分は捨てるよう言われているし、\nなので捨てるものが２つあるなら……。	面包也被要求把剩下的部分扔掉，\n所以要是有两样东西要扔的话……。	パンも残った分は捨てるよう言われているし、\nなので捨てるものが２つあるなら……。
02.txt.json	0	*top	453	0					・・・・・	……	・・・・・
02.txt.json	0	*top	454	0					――カチャ。	――咔哒。	――カチャ。
02.txt.json	0	*top	455	0	乃良	乃良	nora0009	少女	「えっ？」	「欸？」	「えっ？」
02.txt.json	0	*top	456	0	稔	稔			「サービスです」	「这是赠送的」	「サービスです」
02.txt.json	0	*top	457	0					ローストビーフサンドと、\nオレンジジュースも新しいのを入れてあげた。	我还给她的烤牛肉三明治和\n橙汁换了新的。	ローストビーフサンドと、\nオレンジジュースも新しいのを入れてあげた。
02.txt.json	0	*top	458	0					ジュースに関してはガチのサービスだ。	至于果汁，那可是货真价实的赠送。	ジュースに関してはガチのサービスだ。
02.txt.json	0	*top	459	0	乃良	乃良	nora0010	少女	「や、でも」	「不，可是」	「や、でも」
02.txt.json	0	*top	460	0	稔	稔			「ローストビーフ、お口に合いませんか？」	「烤牛肉不合您的胃口吗？」	「ローストビーフ、お口に合いませんか？」
02.txt.json	0	*top	461	0	乃良	乃良	nora0011	少女	「……」	「……」	「……」
02.txt.json	0	*top	462	0	稔	稔			「合わないなら残していただいても結構ですので」	「如果不合口味，您不吃也没关系」	「合わないなら残していただいても結構ですので」
02.txt.json	0	*top	463	0					言って、カウンターの奥へ戻る。	说完，我回到了吧台里面。	言って、カウンターの奥へ戻る。
02.txt.json	0	*top	464	0					もう５時間である。夕飯、食ってるかどうかは知らないが、\nどっちにしろ軽食くらい欲しいころだろう。	已经五个小时了。虽然不知道她吃没吃晚饭，\n但不管怎么说，也该想吃点轻食了。	もう５時間である。夕飯、食ってるかどうかは知らないが、\nどっちにしろ軽食くらい欲しいころだろう。
02.txt.json	0	*top	465	0	乃良	乃良	nora0012	少女	「……」	「……」	「……」
02.txt.json	0	*top	466	0	乃良	乃良	nora0013	少女	「あむ」	「啊呜」	「あむ」
02.txt.json	0	*top	467	0					最初の内は遠慮していたが、俺がカウンターの奥で座り、\n姿が見えなくなると、手を伸ばした。	一开始她还有些拘谨，但我坐到吧台里面，\n身影消失不见后，她便伸出了手。	最初の内は遠慮していたが、俺がカウンターの奥で座り、\n姿が見えなくなると、手を伸ばした。
02.txt.json	0	*top	468	0	乃良	乃良	nora0014	少女	「……」（もくもくもく）	「……」（大口大口地吃）	「……」（もくもくもく）
02.txt.json	0	*top	469	0					結構なスピードで食べていく。	她吃得相当快。	結構なスピードで食べていく。
02.txt.json	0	*top	470	0					やっぱ腹減ってたか。	果然是饿了吧。	やっぱ腹減ってたか。
02.txt.json	0	*top	471	0					そういうときは、なんか頼むのも礼儀だぞ。\nバーなんだから。	这种时候，好歹点点什么也是礼貌。\n毕竟这里是酒吧。	そういうときは、なんか頼むのも礼儀だぞ。\nバーなんだから。
02.txt.json	0	*top	472	0					まあでもうちの店、\n酒以外のものはメニューに載せてないから\n値段を示してないんだよな。	不过，我们店里除了酒以外的东西，\n都没有列在菜单上，\n自然也没标价格。	まあでもうちの店、\n酒以外のものはメニューに載せてないから\n値段を示してないんだよな。
02.txt.json	0	*top	473	0					子供の小遣いでは頼みづらいだろう。仕方ない。	以小孩子的零花钱来说，应该不太好意思点吧。没办法。	子供の小遣いでは頼みづらいだろう。仕方ない。
02.txt.json	0	*top	474	0					今日だけはサービスだ。	今天就算是我请客。	今日だけはサービスだ。
02.txt.json	0	*top	475	0					そして、	然后、	そして、
02.txt.json	0	*top	476	0	乃良	乃良	nora0015	少女	「……」	「……」	「……」
02.txt.json	0	*top	477	0	乃良	乃良	nora0016	少女	「あ、お、お会計お願いします」	「啊，那、那个，麻烦结账」	「あ、お、お会計お願いします」
02.txt.json	0	*top	478	0					食べ終わると、粘るのをやめて席を立つ彼女。	吃完后，她不再磨蹭，起身离开座位。	食べ終わると、粘るのをやめて席を立つ彼女。
02.txt.json	0	*top	479	0					成功。北風と太陽作戦。	成功。北风与太阳作战。	成功。北風と太陽作戦。
02.txt.json	0	*top	480	0					店員という存在を意識してなければ何時間でも粘れるけど、\n意識すれば、どうしても客である自分が\n何時間も居座ってる状況は意識してしまう。	如果不去意识到店员这个存在，待上几个小时也没关系，\n可一旦意识到了，就会不由自主地注意到自己这个客人\n在店里一待就是好几个小时的状况。	店員という存在を意識してなければ何時間でも粘れるけど、\n意識すれば、どうしても客である自分が\n何時間も居座ってる状況は意識してしまう。
02.txt.json	0	*top	481	0	乃良	乃良	nora0017	少女	「えと……」	「那个……」	「えと……」
02.txt.json	0	*top	482	0					レジに立った彼女は、可愛らしい柄物ピンクの\nサイフを出して、	她站到收银台前，拿出一个印有可爱图案的粉色\n钱包、	レジに立った彼女は、可愛らしい柄物ピンクの\nサイフを出して、
02.txt.json	0	*top	483	0					１０００円札を２枚とりだした。	取出了两张一千日元的钞票。	１０００円札を２枚とりだした。
02.txt.json	0	*top	484	0	稔	稔			「……」	「……」	「……」
02.txt.json	0	*top	485	0					ふむ。	嗯。	ふむ。
02.txt.json	0	*top	486	0	稔	稔			「５００円になります」	「一共五百日元」	「５００円になります」
02.txt.json	0	*top	487	0	乃良	乃良	nora0018	少女	「んぅ……」	「唔……」	「んぅ……」
02.txt.json	0	*top	488	0	稔	稔			「ソフトドリンクは５００円」	「软饮料是五百日元」	「ソフトドリンクは５００円」
02.txt.json	0	*top	489	0	乃良	乃良	nora0019	少女	「……」	「……」	「……」
02.txt.json	0	*top	490	0	乃良	乃良	nora0020	少女	「ど、ども」	「谢、谢谢」	「ど、ども」
02.txt.json	0	*top	491	0					お札を１枚置いて、おつりの５００円玉を受け取る。	放下一张钞票，接过找回的五百日元硬币。	お札を１枚置いて、おつりの５００円玉を受け取る。
02.txt.json	0	*top	492	0					自分の席をちらちら見ながら出て行った。	她一边不时瞄向自己的座位，一边走了出去。	自分の席をちらちら見ながら出て行った。
02.txt.json	0	*top	493	0					ドリンク５００円はメニュー表に書いてある。\nただ２０００円だそうとしてたな。	饮料五百日元，菜单上写着呢。\n不过她刚才好像是想拿出两千日元。	ドリンク５００円はメニュー表に書いてある。\nただ２０００円だそうとしてたな。
02.txt.json	0	*top	494	0					サービスと言ったサンドイッチ代も出そうとしてた。	连我说请客的三明治钱，她也打算付。	サービスと言ったサンドイッチ代も出そうとしてた。
02.txt.json	0	*top	495	0					子供かと思ったが、ある程度は大人かな。	我还以为是个孩子，不过某种程度上也算是大人吧。	子供かと思ったが、ある程度は大人かな。
02.txt.json	0	*top	496	0					本当は席のチャージ料とかもあるんだけど、\n今日のところは勘弁してやるさ。	其实还有座位费之类的，\n但今天就放你一马吧。	本当は席のチャージ料とかもあるんだけど、\n今日のところは勘弁してやるさ。
02.txt.json	0	*top	497	0					・・・・・	……	・・・・・
02.txt.json	0	*top	498	0					狙い通りお客がいなくなったので、１時前には\n店を閉めた。	正如我所料，客人都走光了，所以不到1点\n就关了店。	狙い通りお客がいなくなったので、１時前には\n店を閉めた。
02.txt.json	0	*top	499	0					もう人のいない商店街。	已经没有人的商店街。	もう人のいない商店街。
02.txt.json	0	*top	500	0					近くのレンタルビデオ屋が、店は閉まってるけど\n人はいるのか、カーテンの向こうで灯りがついていた。	附近的出租录像店虽然关着门，\n也不知道里面有没有人，窗帘后面却亮着灯。	近くのレンタルビデオ屋が、店は閉まってるけど\n人はいるのか、カーテンの向こうで灯りがついていた。
02.txt.json	0	*top	501	0					あそこの店員より早く帰れる。\nちょっと優越感だ。	比那家店的店员更早回去。\n还真有点优越感。	あそこの店員より早く帰れる。\nちょっと優越感だ。
02.txt.json	0	*top	502	0					くだらないレースだな。	真是场无聊的比赛。	くだらないレースだな。
02.txt.json	0	*top	503	0					戻ってくると、	回来的时候、	戻ってくると、
02.txt.json	0	*top	504	0	絵利	绘利	eri0029	お隣さん	「うんうん、いまそっち行くー。\n夜勤お疲れさまー」	「嗯嗯，我这就过去——。\n上夜班辛苦啦」	「うんうん、いまそっち行くー。\n夜勤お疲れさまー」
02.txt.json	0	*top	505	0	絵利	绘利	eri0030	お隣さん	「いいじゃん飲もうよ。\n今日めちゃくちゃ良いことあったんだよ。\nうひひひひなんと接続が６０００をね」	「有什么不好嘛，一起喝吧。\n今天可是遇到了特别棒的事哦。\n呜嘻嘻嘻嘻，没想到连接数居然达到6000了呢」	「いいじゃん飲もうよ。\n今日めちゃくちゃ良いことあったんだよ。\nうひひひひなんと接続が６０００をね」
02.txt.json	0	*top	506	0					っと。	来着。	っと。
02.txt.json	0	*top	507	0					お隣さんがちょうど出てくるところだった。	正好碰上隔壁邻居要出来。	お隣さんがちょうど出てくるところだった。
02.txt.json	0	*top	508	0					俺には気付かず、浮かれた足取りで出て行く。	她没注意到我，迈着轻快的步子走了出去。	俺には気付かず、浮かれた足取りで出て行く。
02.txt.json	0	*top	509	0					誰かと待ち合わせかな？\n彼氏か友達か知らないが、	是要和谁碰面吗？\n虽然不知道是男朋友还是朋友、	誰かと待ち合わせかな？\n彼氏か友達か知らないが、
02.txt.json	0	*top	510	0					……秋穂？	……秋穗？	……秋穂？
02.txt.json	0	*top	511	0					どうでもいいか。	算了，怎样都好。	どうでもいいか。
02.txt.json	0	*top	512	0	稔	稔			「ただいま」	「我回来了」	「ただいま」
02.txt.json	0	*top	513	0	プーカ	普卡	puca0233		「すやー」	「呼」	「すやー」
02.txt.json	0	*top	514	0					部屋に戻ったのは１時半少し過ぎ。	回到房间时已经过了1点半一会儿。	部屋に戻ったのは１時半少し過ぎ。
02.txt.json	0	*top	515	0					プーカはとっくにおねむの時間だった。	普卡早就到了该睡觉的时间。	プーカはとっくにおねむの時間だった。
02.txt.json	0	*top	516	0					寝かしといてやろう。\n静かに洗面所へ移り、ざっと身体を流す。	就让她睡着吧。\n我悄悄走进洗漱间，简单冲了冲身子。	寝かしといてやろう。\n静かに洗面所へ移り、ざっと身体を流す。
02.txt.json	0	*top	517	0	稔	稔			「……」	「……」	「……」
02.txt.json	0	*top	518	0					ふぅ。	呼。	ふぅ。
02.txt.json	0	*top	519	0					いつもなら、仕事のあとはスマホでもいじりながら\nぐだぐだして、\n寝るのは朝の６時か７時ってところだが。	换作平时，我下班后会一边摆弄手机一边\n磨磨蹭蹭，\n通常要到早上6点或7点才睡。	いつもなら、仕事のあとはスマホでもいじりながら\nぐだぐだして、\n寝るのは朝の６時か７時ってところだが。
02.txt.json	0	*top	520	0					それでこいつを起こすのもアレだし、\n俺ももう寝よう。	既然叫醒这家伙也不太好，那我也睡了。	それでこいつを起こすのもアレだし、\n俺ももう寝よう。
02.txt.json	0	*top	521	0					ソファに作った俺用ベッドへ……。	去沙发上我铺好的床……。	ソファに作った俺用ベッドへ……。
02.txt.json	0	*top	522	0	プーカ	普卡	puca0234		「稔くん？」	「稔？」	「稔くん？」
02.txt.json	0	*top	523	0	稔	稔			「ん、あれ、起こしたか」	「嗯，怎么，吵醒你了吗」	「ん、あれ、起こしたか」
02.txt.json	0	*top	524	0	プーカ	普卡	puca0235		「うー、んー、おかえりー」	「唔——嗯——欢迎回来」	「うー、んー、おかえりー」
02.txt.json	0	*top	525	0					ぽやぽやしながら、身体を起こすプーカ。	普卡迷迷糊糊地坐起身来。	ぽやぽやしながら、身体を起こすプーカ。
02.txt.json	0	*top	526	0	稔	稔			「起きなくていい。寝てろ」	「不用起来。睡你的」	「起きなくていい。寝てろ」
02.txt.json	0	*top	527	0	プーカ	普卡	puca0236		「うー、でもー」	「唔——可是」	「うー、でもー」
02.txt.json	0	*top	528	0	稔	稔			「俺ももう寝るから。な？」	「我也要睡了。好吧？」	「俺ももう寝るから。な？」
02.txt.json	0	*top	529	0	プーカ	普卡	puca0237		「……うん」	「……嗯」	「……うん」
02.txt.json	0	*top	530	0					眠気には勝てず、すぐにこてんとまた横になる。	抵不过睡意，她很快又啪嗒一声躺了回去。	眠気には勝てず、すぐにこてんとまた横になる。
02.txt.json	0	*top	531	0					……眠いときだけは可愛いなコイツ。	……这家伙也就只有困的时候才可爱啊。	……眠いときだけは可愛いなコイツ。
02.txt.json	0	*top	532	0					思ってると、	就在我这么想着的时候、	思ってると、
02.txt.json	0	*top	533	0	プーカ	普卡	puca0238		「ねえねえ、こっち来て」	「呐呐，过来这边」	「ねえねえ、こっち来て」
02.txt.json	0	*top	534	0	稔	稔			「うん？」	「嗯？」	「うん？」
02.txt.json	0	*top	535	0	プーカ	普卡	puca0239		「一緒に寝よ。こっち」	「一起睡吧。来这边」	「一緒に寝よ。こっち」
02.txt.json	0	*top	536	0					自分の隣をぽんぽんする。	她拍了拍自己身旁的位置。	自分の隣をぽんぽんする。
02.txt.json	0	*top	537	0	稔	稔			「いや、でも」	「不了，可是」	「いや、でも」
02.txt.json	0	*top	538	0	プーカ	普卡	puca0240		「ソファじゃ背中痛くなるでしょ。\n来て、ほらほらぁ」	「睡沙发背会疼的吧。\n过来，快来嘛」	「ソファじゃ背中痛くなるでしょ。\n来て、ほらほらぁ」
02.txt.json	0	*top	539	0					眠気がキツいようで、めんどくさそうにベッドをぽんぽん。	看来困得厉害，她嫌麻烦似的拍了拍床。	眠気がキツいようで、めんどくさそうにベッドをぽんぽん。
02.txt.json	0	*top	540	0					もともと俺のベッドをお前が勝手に占拠してんだろうが。\nったく……。	本来就是你擅自占了我的床吧。\n真是的……。	もともと俺のベッドをお前が勝手に占拠してんだろうが。\nったく……。
02.txt.json	0	*top	541	0	稔	稔			「じゃ、お邪魔します」	「那我就打扰了」	「じゃ、お邪魔します」
02.txt.json	0	*top	542	0					確かにソファで寝るのは正直キツい。	确实，睡在沙发上说实话挺难受的。	確かにソファで寝るのは正直キツい。
02.txt.json	0	*top	543	0					最初のうちは良かったけど、連日続けたせいか\nだんだん身体が痛くなってきてる。	一开始还好，但可能是连续好几天都这么睡的缘故，\n身体渐渐开始疼起来了。	最初のうちは良かったけど、連日続けたせいか\nだんだん身体が痛くなってきてる。
02.txt.json	0	*top	544	0					ガキと一緒に寝るくらいいいだろう。\n俺の部屋だ。	和个小鬼一起睡也没什么吧。\n这里可是我的房间。	ガキと一緒に寝るくらいいいだろう。\n俺の部屋だ。
02.txt.json	0	*top	545	0					横になった。	我躺了下来。	横になった。
02.txt.json	0	*top	546	0	プーカ	普卡	puca0241		「んふ～」	「嗯呼～」	「んふ～」
02.txt.json	0	*top	547	0					くっついてくるプーカ。	普卡贴了过来。	くっついてくるプーカ。
02.txt.json	0	*top	548	0					やれやれ。	真是的。	やれやれ。
02.txt.json	0	*top	549	0					これはこれで寝にくいんだが、	不过这样反而更难睡了、	これはこれで寝にくいんだが、
02.txt.json	0	*top	550	0					――なでなで。	——摸摸。	――なでなで。
02.txt.json	0	*top	551	0	プーカ	普卡	puca0242		「えへへ」	「嘿嘿」	「えへへ」
02.txt.json	0	*top	552	0	プーカ	普卡	puca0243		「おやすみぃ……すー……」	「晚安……呼……」	「おやすみぃ……すー……」
02.txt.json	0	*top	553	0					髪を撫でてやると、やがて本格的に寝に入った。	我摸了摸她的头发，她很快便沉沉睡去。	髪を撫でてやると、やがて本格的に寝に入った。
02.txt.json	0	*top	554	0	稔	稔			「……」	「……」	「……」
02.txt.json	0	*top	555	0	稔	稔			「おやすみプーカ」	「晚安，普卡」	「おやすみプーカ」
02.txt.json	0	*top	556	0					俺も目を閉じる。	我也闭上了眼睛。	俺も目を閉じる。
02.txt.json	0	*top	557	0					そんなに眠気はなかったが、	虽然并没有那么困、	そんなに眠気はなかったが、
02.txt.json	0	*top	558	0					こうしていると自然と睡魔に包まれていく。	但就这样躺着，自然而然地便被睡意包裹。	こうしていると自然と睡魔に包まれていく。
02.txt.json	0	*top	559	0					最後に思ったのは……。	我最后想到的是……。	最後に思ったのは……。
02.txt.json	0	*top	560	0					誰かにおやすみを言うなんて、何年ぶりだっけな……。	像这样对别人说晚安，已经有好几年了吧……。	誰かにおやすみを言うなんて、何年ぶりだっけな……。
02.txt.json	0	*top	561	0					・・・・・	……	・・・・・
02.txt.json	0	*top	562	0					・・・・	・・・・	・・・・
02.txt.json	0	*top	563	0					・・・	・・・	・・・
02.txt.json	0	*top	564	0					げし。	咚。	げし。
02.txt.json	0	*top	565	0	稔	稔			「……」	「……」	「……」
02.txt.json	0	*top	566	0	プーカ	普卡	puca0244		「すぴー」	「呼」	「すぴー」
02.txt.json	0	*top	567	0	プーカ	普卡	puca0245		「すー」（げしげし）	「呼——」（咚咚）	「すー」（げしげし）
02.txt.json	0	*top	568	0					ガキだから一緒に寝るのは気にしなかったけど、	虽然是个小鬼，一起睡倒是没觉得有什么、	ガキだから一緒に寝るのは気にしなかったけど、
02.txt.json	0	*top	569	0					ガキと一緒に寝るってのは、\nクソガキ旋風脚を食らう危険があるってことだよな。	但和小鬼一起睡，就意味着有可能遭到\n臭小鬼旋风脚的袭击吧。	ガキと一緒に寝るってのは、\nクソガキ旋風脚を食らう危険があるってことだよな。
02.txt.json	0	*top	570	0					ガキってのは往々にして、寝相が悪い。	小鬼通常睡相都很差。	ガキってのは往々にして、寝相が悪い。
02.txt.json	0	*top	571	0	プーカ	普卡	puca0246		「むにゃあ」（げしげし）	「唔喵……」（咚咚）	「むにゃあ」（げしげし）
02.txt.json	0	*top	572	0	プーカ	普卡	puca0247		「んぅうう、せまいぃ」（げしげし）	「唔呜呜，好挤……」（咚咚）	「んぅうう、せまいぃ」（げしげし）
02.txt.json	0	*top	573	0	稔	稔			「いてーよ。\n結局追い出そうとしてんじゃねーか」	「很痛啊。\n结果你不还是想把我赶出去吗」	「いてーよ。\n結局追い出そうとしてんじゃねーか」
02.txt.json	0	*top	574	0					やれやれ。	真是的。	やれやれ。
03.txt.json	0	*top	0	0					朝。	早上。	朝。
03.txt.json	0	*top	1	0					いや正確には起きた時間。\n正午少し前。	不，准确地说，是醒来的时间。\n上午还没到中午。	いや正確には起きた時間。\n正午少し前。
03.txt.json	0	*top	2	0	プーカ	普卡	puca0248		「はーらへったー」	「肚——子——饿——了」	「はーらへったー」
03.txt.json	0	*top	3	0	稔	稔			「はいはい」	「好好好」	「はいはい」
03.txt.json	0	*top	4	0					うるさい野ウサギに言われ、昼メシの準備をしていると、	在吵死人的野兔催促下，我正准备午饭时、	うるさい野ウサギに言われ、昼メシの準備をしていると、
03.txt.json	0	*top	5	0	稔	稔			「ん……オーナーか」	「嗯……是店主吗」	「ん……オーナーか」
03.txt.json	0	*top	6	0					携帯に、店のオーナーから連絡が入っていた。	手机上收到了酒吧店主发来的消息。	携帯に、店のオーナーから連絡が入っていた。
03.txt.json	0	*top	7	0					今日は早めに来てほしいとのこと。	他说希望我今天早点过去。	今日は早めに来てほしいとのこと。
03.txt.json	0	*top	8	0					めんどくせー。	真麻烦。	めんどくせー。
03.txt.json	0	*top	9	0					まあ雇い主様のいうことだから聞くけどさ。	不过毕竟是雇主说的话，我也只能听着。	まあ雇い主様のいうことだから聞くけどさ。
03.txt.json	0	*top	10	0					あのバーにはお世話になっている。	那家酒吧一直很照顾我。	あのバーにはお世話になっている。
03.txt.json	0	*top	11	0					俺みたいなのを雇って、１人で任せてくれてるのも\nありがたいことだし。	愿意雇用我这种人，还放心让我一个人负责，\n已经很感激了。	俺みたいなのを雇って、１人で任せてくれてるのも\nありがたいことだし。
03.txt.json	0	*top	12	0					店で余ったパンとか、持って帰らせてくれるしな。	店里剩下的面包什么的，也会让我带回家。	店で余ったパンとか、持って帰らせてくれるしな。
03.txt.json	0	*top	13	0	稔	稔			「おら。\nお待ちかねのローストビーフサンドだ」	「喏。\n你盼着的烤牛肉三明治」	「おら。\nお待ちかねのローストビーフサンドだ」
03.txt.json	0	*top	14	0	プーカ	普卡	puca0249		「おほ～、んまそ～」	「哦～，看起来好香～」	「おほ～、んまそ～」
03.txt.json	0	*top	15	0					約束した通り、１晩漬け込んだローストビーフを\n食わせてやった。	按照约定，把腌了一晚的烤牛肉\n做给她吃了。	約束した通り、１晩漬け込んだローストビーフを\n食わせてやった。
03.txt.json	0	*top	16	0					分厚いサンドイッチにかぶりつくプーカ。	普卡大口咬着厚厚的三明治。	分厚いサンドイッチにかぶりつくプーカ。
03.txt.json	0	*top	17	0	プーカ	普卡	puca0250		「もぎゅもぎゅもぎゅ」	「吧唧吧唧吧唧」	「もぎゅもぎゅもぎゅ」
03.txt.json	0	*top	18	0	プーカ	普卡	puca0251		「んめえ！\nなんじゃこりゃんめえ！」	「好吃！\n这是什么啊，好吃！」	「んめえ！\nなんじゃこりゃんめえ！」
03.txt.json	0	*top	19	0	稔	稔			「なによりだ」	「那就好」	「なによりだ」
03.txt.json	0	*top	20	0					店と同じく、上々な反響である。	和店里的情况一样，反响相当不错。	店と同じく、上々な反響である。
03.txt.json	0	*top	21	0	プーカ	普卡	puca0252		「これあのジャムが入ってるんだよね」	「这里面放了那个果酱，对吧」	「これあのジャムが入ってるんだよね」
03.txt.json	0	*top	22	0	稔	稔			「ああ」	「嗯」	「ああ」
03.txt.json	0	*top	23	0	プーカ	普卡	puca0253		「味全然しないよ。カシスどころか、甘いのもない」	「完全尝不出味道啊。别说黑加仑了，连甜味都没有」	「味全然しないよ。カシスどころか、甘いのもない」
03.txt.json	0	*top	24	0	稔	稔			「そりゃ隠し味だからな。\n赤味噌とかも感じないだろ」	「因为那是隐藏的调味。\n你也不会尝出红味噌吧」	「そりゃ隠し味だからな。\n赤味噌とかも感じないだろ」
03.txt.json	0	*top	25	0	プーカ	普卡	puca0254		「んーむ、こだわってますなあ。\n納得の味ですなあ」	「嗯——还真是讲究啊。\n这味道确实让人信服」	「んーむ、こだわってますなあ。\n納得の味ですなあ」
03.txt.json	0	*top	26	0					よく分かってなさそうだが、\nとりあえずプーカはにっこにこだった。	她似乎没太明白，\n不过普卡总之笑得开开心心的。	よく分かってなさそうだが、\nとりあえずプーカはにっこにこだった。
03.txt.json	0	*top	27	0					ならそれでいい。\n料理は理屈でなく、美味いかどうかだ。	那样就够了。\n料理不是讲道理，而是看好不好吃。	ならそれでいい。\n料理は理屈でなく、美味いかどうかだ。
03.txt.json	0	*top	28	0	稔	稔			「……」	「……」	「……」
03.txt.json	0	*top	29	0	稔	稔			「でもやっぱ８０点……バジル入れすぎたな。\n香りがキツい」	「不过果然还是只有八十分……罗勒放太多了。\n香味太冲」	「でもやっぱ８０点……バジル入れすぎたな。\n香りがキツい」
03.txt.json	0	*top	30	0	プーカ	普卡	puca0255		「微妙なん？」	「不怎么样吗？」	「微妙なん？」
03.txt.json	0	*top	31	0	稔	稔			「自分で作ると、どうしてもあらが目立つ」	「自己做的话，总会觉得瑕疵格外明显」	「自分で作ると、どうしてもあらが目立つ」
03.txt.json	0	*top	32	0					酔った客に出すモノだ。\n文句は言われないだろうけど、	这是做给醉醺醺的客人吃的。\n他们应该不会抱怨、	酔った客に出すモノだ。\n文句は言われないだろうけど、
03.txt.json	0	*top	33	0					昨日出したものよりは落ちる。\n昨日のは……８６点くらいはあった。	但还是比昨天做的差。\n昨天那份……大概有八十六分吧。	昨日出したものよりは落ちる。\n昨日のは……８６点くらいはあった。
03.txt.json	0	*top	34	0	稔	稔			「……」	「……」	「……」
03.txt.json	0	*top	35	0					姉さんならいつでも１００点出せるんだけどな。	要是姐姐的话，随时都能拿满分啊。	姉さんならいつでも１００点出せるんだけどな。
03.txt.json	0	*top	36	0					ここら辺のセンスの差は、姉に頭が上がらない部分だ。	在品味这方面，我实在是比不上姐姐。	ここら辺のセンスの差は、姉に頭が上がらない部分だ。
03.txt.json	0	*top	37	0	プーカ	普卡	puca0256		「今の自分に満足できないのはよいことじゃ。\n精進なされ若者よ」	「无法满足于现在的自己，这可是件好事。\n年轻人啊，还要继续精进才是」	「今の自分に満足できないのはよいことじゃ。\n精進なされ若者よ」
03.txt.json	0	*top	38	0	プーカ	普卡	puca0257		「作った分はあーしが全部食べちゃげるからさ。\nまぐまぐ、おかわり！」	「你做多少我都能全部吃掉嘛。\n大口大口，再来一份！」	「作った分はあーしが全部食べちゃげるからさ。\nまぐまぐ、おかわり！」
03.txt.json	0	*top	39	0	稔	稔			「はいはい」	「好好好」	「はいはい」
03.txt.json	0	*top	40	0					こいつなら、２０点くらいのが出来ても\n平気で食べてくれそうだな。	如果是这家伙的话，就算做出个大概只有20分的东西，\n估计也会毫不在意地吃下去吧。	こいつなら、２０点くらいのが出来ても\n平気で食べてくれそうだな。
03.txt.json	0	*top	41	0					良い練習台か。	是个不错的练习对象吗。	良い練習台か。
03.txt.json	0	*top	42	0					・・・・・	……	・・・・・
03.txt.json	0	*top	43	0	プーカ	普卡	puca0258		「そういえばさ」	「说起来啊」	「そういえばさ」
03.txt.json	0	*top	44	0	稔	稔			「うん？」	「嗯？」	「うん？」
03.txt.json	0	*top	45	0	プーカ	普卡	puca0259		「昨日、お仕事行くまえの稔くん、なんかヘンだったよね」	「昨天稔君去上班前，感觉有点奇怪，对吧」	「昨日、お仕事行くまえの稔くん、なんかヘンだったよね」
03.txt.json	0	*top	46	0					食後、プーカが昨日のことを掘り返してきた。	饭后，普卡又提起了昨天的事。	食後、プーカが昨日のことを掘り返してきた。
03.txt.json	0	*top	47	0	プーカ	普卡	puca0260		「お隣さん？　と話してたけど」	「你刚才不是在和邻居？　说话吗」	「お隣さん？　と話してたけど」
03.txt.json	0	*top	48	0	プーカ	普卡	puca0261		「隣人問題？　もうここに住めなくなるの？」	「是邻里纠纷吗？　我们以后不能住在这里了吗？」	「隣人問題？　もうここに住めなくなるの？」
03.txt.json	0	*top	49	0	稔	稔			「隣人は関係ねーよ」	「和邻居没关系」	「隣人は関係ねーよ」
03.txt.json	0	*top	50	0					１人暮らしの契約で住んでる若い男が\nバニーガールのガキを住まわせてると大家さんにバレたら\n住めなくなるかもだけど。	不过，要是房东发现，一个以独居名义签约住在这里的年轻男人\n让一个兔女郎小鬼住进来的话，\n说不定就不能继续住下去了。	１人暮らしの契約で住んでる若い男が\nバニーガールのガキを住まわせてると大家さんにバレたら\n住めなくなるかもだけど。
03.txt.json	0	*top	51	0	稔	稔			「隣人より、あっち。\n覚えてるか？　前に病院で会った看護師」	「比起邻居，是那边那个。\n你还记得吗？　之前在医院见过的护士」	「隣人より、あっち。\n覚えてるか？　前に病院で会った看護師」
03.txt.json	0	*top	52	0	プーカ	普卡	puca0262		「看護師……？」	「护士……？」	「看護師……？」
03.txt.json	0	*top	53	0	プーカ	普卡	puca0263		「あー……。……ああ！\nそっか昨日の女の人！　どっかで見たと思ったら\n病院で見たナースさんだ！」	「啊——……。……啊啊！\n原来如此，是昨天那个女人！　我就觉得好像在哪儿见过，\n原来是之前在医院见过的护士小姐！」	「あー……。……ああ！\nそっか昨日の女の人！　どっかで見たと思ったら\n病院で見たナースさんだ！」
03.txt.json	0	*top	54	0					気付いてなかったらしい。	看来她之前没注意到。	気付いてなかったらしい。
03.txt.json	0	*top	55	0	プーカ	普卡	puca0264		「あの人がどったの？」	「那个人怎么了？」	「あの人がどったの？」
03.txt.json	0	*top	56	0	稔	稔			「古い知り合いなんだよ。小中学校が同じだった」	「她是我认识很久的人。我们从小学到初中都在同一所学校」	「古い知り合いなんだよ。小中学校が同じだった」
03.txt.json	0	*top	57	0					猫村秋穂。	猫村秋穗。	猫村秋穂。
03.txt.json	0	*top	58	0					小さいころから知ってるやつだ。	那家伙是我从小就认识的人。	小さいころから知ってるやつだ。
03.txt.json	0	*top	59	0					昔はよく遊んで、小学生のころもまあまあ遊んで、	小时候经常一起玩，上小学时也还算经常一起玩、	昔はよく遊んで、小学生のころもまあまあ遊んで、
03.txt.json	0	*top	60	0					中学になると男女のアレで、縁が遠のいて、\n高校が別なのでそのまま……って感じ。	到了初中，因为男女之间那点事，关系渐渐疏远了，\n高中又去了不同的学校，之后就一直……大概就是这样。	中学になると男女のアレで、縁が遠のいて、\n高校が別なのでそのまま……って感じ。
03.txt.json	0	*top	61	0					まあ、よくあるやつ。	嗯，很常见的那种。	まあ、よくあるやつ。
03.txt.json	0	*top	62	0					まさかあんなところで再会するとは。	没想到会在那种地方重逢。	まさかあんなところで再会するとは。
03.txt.json	0	*top	63	0					……あのタイミングで。	……偏偏是在那个时候。	……あのタイミングで。
03.txt.json	0	*top	64	0					マズいな。	这下糟了。	マズいな。
03.txt.json	0	*top	65	0					幻覚が見える相談中に、幼なじみと１０年ぶりの再会。	在商量自己能看到幻觉的事时，和分别十年的青梅竹马重逢。	幻覚が見える相談中に、幼なじみと１０年ぶりの再会。
03.txt.json	0	*top	66	0					……はあ。	……唉。	……はあ。
03.txt.json	0	*top	67	0					最悪、どう見られようと知ったこっちゃないが、	最糟糕的是，别人怎么看我都无所谓，可是、	最悪、どう見られようと知ったこっちゃないが、
03.txt.json	0	*top	68	0					小中学が同じなので、自然と俺の知り合いにあいつは近い。	因为小学和初中都是同校，她自然而然地和我的熟人圈挨得很近。	小中学が同じなので、自然と俺の知り合いにあいつは近い。
03.txt.json	0	*top	69	0					もしあいつがぽろっとこぼしたら、\nやがて広まるだろう。	要是她一不小心说漏了嘴，\n很快就会传开吧。	もしあいつがぽろっとこぼしたら、\nやがて広まるだろう。
03.txt.json	0	*top	70	0					俺が、人に聞かれるにはアレな理由で\n病院に行ったことを。	我因为一个不太方便让别人知道的理由\n去过医院这件事。	俺が、人に聞かれるにはアレな理由で\n病院に行ったことを。
03.txt.json	0	*top	71	0	稔	稔			「……」	「……」	「……」
03.txt.json	0	*top	72	0					避けたい。	得避免这种情况。	避けたい。
03.txt.json	0	*top	73	0					避けたいが……。	是想避免，可是……。	避けたいが……。
03.txt.json	0	*top	74	0					でも『黙っててくれ！』って言うために\nこっちから連絡とるのもなあ。	但为了说一句“你可千万别说出去！”\n就由我主动联系她，也不太好吧。	でも『黙っててくれ！』って言うために\nこっちから連絡とるのもなあ。
03.txt.json	0	*top	75	0					逆に『お前は言いふらしそうだから黙っててくれ』って\n言ってるみたいで、心象がよくないかも。	反过来就像是在说“因为你看起来像是会到处乱说的人，所以别说出去”，\n给人的印象可能反而不太好。	逆に『お前は言いふらしそうだから黙っててくれ』って\n言ってるみたいで、心象がよくないかも。
03.txt.json	0	*top	76	0					どうしたものか。	该怎么办才好呢。	どうしたものか。
03.txt.json	0	*top	77	0					んー……。	嗯……。	んー……。
03.txt.json	0	*top	78	0	プーカ	普卡	puca0265		「そんな怖いなら、病院いって改めて話したら？」	「既然那么害怕，就去医院再好好谈谈不行吗？」	「そんな怖いなら、病院いって改めて話したら？」
03.txt.json	0	*top	79	0	稔	稔			「それも問題だ」	「那也有问题」	「それも問題だ」
03.txt.json	0	*top	80	0					話し合おうとするも、会うには病院に行く必要がある。	虽然想和她谈谈，但要见面就得去医院。	話し合おうとするも、会うには病院に行く必要がある。
03.txt.json	0	*top	81	0					病院なんて、入ったその時点で\nまた幻覚がどうのの話になって、話がとっちらかる。	医院那种地方，我一进去\n话题肯定又会变成什么幻觉不幻觉的，然后彻底跑题。	病院なんて、入ったその時点で\nまた幻覚がどうのの話になって、話がとっちらかる。
03.txt.json	0	*top	82	0					あいつの実家は知ってるし、ＳＮＳで連絡先くらいは\nたどれるんだが……それはそれで怯えさせそうだし。	我知道她老家的住址，也能通过社交媒体之类的\n找到她的联系方式……但那样反而会吓到她吧。	あいつの実家は知ってるし、ＳＮＳで連絡先くらいは\nたどれるんだが……それはそれで怯えさせそうだし。
03.txt.json	0	*top	83	0					どうしたものか。	该怎么办才好呢。	どうしたものか。
03.txt.json	0	*top	84	0	プーカ	普卡	puca0266		「ふむ」	「嗯」	「ふむ」
03.txt.json	0	*top	85	0	プーカ	普卡	puca0267		「いいかい稔くん。こんなときの君に、\nぴったりの言葉がある」	「听好了，稔君。像你现在这种时候，有一句话再合适不过了」	「いいかい稔くん。こんなときの君に、\nぴったりの言葉がある」
03.txt.json	0	*top	86	0	稔	稔			「うん？」	「嗯？」	「うん？」
03.txt.json	0	*top	87	0	プーカ	普卡	puca0268		「覚えておいて」	「记住了」	「覚えておいて」
03.txt.json	0	*top	88	0	プーカ	普卡	puca0269		「お前の髪をむしり取るぞ。っていうと、\nハゲの人ほど怖がるよね」	「我要把你的头发一根根拔光。一般这么一说，秃子反而会更害怕呢」	「お前の髪をむしり取るぞ。っていうと、\nハゲの人ほど怖がるよね」
03.txt.json	0	*top	89	0	プーカ	普卡	puca0270		「でも考えてみて欲しい」	「不过，我希望你思考一下」	「でも考えてみて欲しい」
03.txt.json	0	*top	90	0	プーカ	普卡	puca0271		「ハゲから髪はむしれない」	「秃子是没法被拔头发的」	「ハゲから髪はむしれない」
03.txt.json	0	*top	91	0	稔	稔			「はあ？」	「哈？」	「はあ？」
03.txt.json	0	*top	92	0	プーカ	普卡	puca0272		「イイ言葉だよね」	「是句好话吧」	「イイ言葉だよね」
03.txt.json	0	*top	93	0	稔	稔			「もっかい言うぞ。はあ？」	「我再说一遍啊。哈？」	「もっかい言うぞ。はあ？」
03.txt.json	0	*top	94	0	プーカ	普卡	puca0273		「だからぁ、怖いと思ったときはうだうだするより\nまずは」	「所以啊，感到害怕的时候，与其磨磨蹭蹭，首先」	「だからぁ、怖いと思ったときはうだうだするより\nまずは」
03.txt.json	0	*top	95	0	プーカ	普卡	puca0274		「んえ？」	「嗯诶？」	「んえ？」
03.txt.json	0	*top	96	0	稔	稔			「どした」	「怎么了」	「どした」
03.txt.json	0	*top	97	0					急に止まるな。\nいや聞いても意味のない話だったけど。	别突然停下来。\n虽然就算问了也没什么意义。	急に止まるな。\nいや聞いても意味のない話だったけど。
03.txt.json	0	*top	98	0	プーカ	普卡	puca0275		「誰か来たみたい」	「好像有人来了」	「誰か来たみたい」
03.txt.json	0	*top	99	0					？	？	？
03.txt.json	0	*top	100	0					入り口のほうを見る。	朝入口的方向看去。	入り口のほうを見る。
03.txt.json	0	*top	101	0					ドア横の窓のところに人影が。	门旁窗户那里出现了一个人影。	ドア横の窓のところに人影が。
03.txt.json	0	*top	102	0	稔	稔			「……」	「……」	「……」
03.txt.json	0	*top	103	0					シルエットしか見えないが、	虽然只能看到剪影、	シルエットしか見えないが、
03.txt.json	0	*top	104	0					ふむ。	嗯。	ふむ。
03.txt.json	0	*top	105	0					なんとなーく分かるもんだな。	但不知怎么的，总觉得能认出来。	なんとなーく分かるもんだな。
03.txt.json	0	*top	106	0					俺の知ってるときよりかなり成長してるのに。	明明比我认识他时长大了不少。	俺の知ってるときよりかなり成長してるのに。
03.txt.json	0	*top	107	0					今日はドアからちょっと離れてる。\n聞き耳を立ててるわけではなさそうである。	今天离门稍微远了些。\n看起来不像是在偷听。	今日はドアからちょっと離れてる。\n聞き耳を立ててるわけではなさそうである。
03.txt.json	0	*top	108	0	稔	稔			「猫村」	「猫村」	「猫村」
03.txt.json	0	*top	109	0					――がっ！	——呃！	――がっ！
03.txt.json	0	*top	110	0					反応した。	他有反应了。	反応した。
03.txt.json	0	*top	111	0	稔	稔			「鍵は開いてるよ」	「门没锁哦」	「鍵は開いてるよ」
03.txt.json	0	*top	112	0					・・・・・	……	・・・・・
03.txt.json	0	*top	113	0	秋穂	秋穗	akiho0023		「ど、どうも」	「啊、谢谢」	「ど、どうも」
03.txt.json	0	*top	114	0					やっぱりか。	果然如此。	やっぱりか。
03.txt.json	0	*top	115	0					昨日のアレが気になってたのは、\n俺とプーカだけではないらしい。	看来在意昨天那件事的，\n不只是我和普卡。	昨日のアレが気になってたのは、\n俺とプーカだけではないらしい。
03.txt.json	0	*top	116	0					ていうか、コイツこそ気になるわな。\n昨日、聞き耳立ててたって負い目があるわけで。	话说回来，这家伙才更在意吧。\n毕竟昨天还偷听了，心里多少有点过意不去。	ていうか、コイツこそ気になるわな。\n昨日、聞き耳立ててたって負い目があるわけで。
03.txt.json	0	*top	117	0	秋穂	秋穗	akiho0024		「あ、あの、ですね。\nまず誤解を解いておきたいのですが、\n昨日は別に、盗み聞きをしたかったわけでは」	「那、那个，事情是这样的。\n我想先消除一个误会，\n我昨天并不是想偷听什么的」	「あ、あの、ですね。\nまず誤解を解いておきたいのですが、\n昨日は別に、盗み聞きをしたかったわけでは」
03.txt.json	0	*top	118	0	秋穂	秋穗	akiho0025		「いえ結果的に、結果的に声を聞いてしまったのは事実ですが\nもとはと言えばお隣のですね」	「不，结果来说，我确实听到了你的声音，\n但说到底，原本是因为隔壁的」	「いえ結果的に、結果的に声を聞いてしまったのは事実ですが\nもとはと言えばお隣のですね」
03.txt.json	0	*top	119	0	稔	稔			「いーよいーよ、そういうのは」	「没事没事，这种事就算了」	「いーよいーよ、そういうのは」
03.txt.json	0	*top	120	0	稔	稔			「あと敬語もいい。思い出したから」	「还有，也不用说敬语了。我想起来了」	「あと敬語もいい。思い出したから」
03.txt.json	0	*top	121	0	秋穂	秋穗	akiho0026		「え……」	「诶……」	「え……」
03.txt.json	0	*top	122	0	稔	稔			「久し振り、ねこむ……、いや、アキ」	「好久不见，猫村……不，秋穗」	「久し振り、ねこむ……、いや、アキ」
03.txt.json	0	*top	123	0	秋穂	秋穗	akiho0027		「……」	「……」	「……」
03.txt.json	0	*top	124	0	秋穂	秋穗	akiho0028		「うん、久し振り、ミィくん」	「嗯，好久不见，稔君」	「うん、久し振り、ミィくん」
03.txt.json	0	*top	125	0					ほろ苦く笑って見せる猫村。	猫村露出了略带苦涩的笑容。	ほろ苦く笑って見せる猫村。
03.txt.json	0	*top	126	0					親しさを演出するためにあえて昔のあだ名を使ったけど、\n……ちょっと気恥ずかしいな。	为了营造亲近感，我故意用了以前的昵称，\n……不过还是有点难为情啊。	親しさを演出するためにあえて昔のあだ名を使ったけど、\n……ちょっと気恥ずかしいな。
03.txt.json	0	*top	127	0					これで俺とこいつは『看護師と患者』でなく\n『あだ名を使いあう幼なじみ』。	这样一来，我和这家伙就不是『护士和患者』，\n而是『互相使用昵称的青梅竹马』了』。	これで俺とこいつは『看護師と患者』でなく\n『あだ名を使いあう幼なじみ』。
03.txt.json	0	*top	128	0					聞き耳くらい「ごめんね」「いいよ」で済む仲だ。	是那种连偷听这种事，说句「对不起」「没关系」就能揭过去的关系。	聞き耳くらい「ごめんね」「いいよ」で済む仲だ。
03.txt.json	0	*top	129	0	秋穂	秋穗	akiho0029		「は、入っていい？」	「我、我可以进去吗？」	「は、入っていい？」
03.txt.json	0	*top	130	0	稔	稔			「ん、ああ……」	「嗯，啊……」	「ん、ああ……」
03.txt.json	0	*top	131	0					ちらっとプーカの方を見る。	我瞥了一眼普卡那边。	ちらっとプーカの方を見る。
03.txt.json	0	*top	132	0	プーカ	普卡	puca0276		「どぞどぞ。あたしぎゅんたま読んでるから」	「请请。我正看着《ぎゅんたま》呢」	「どぞどぞ。あたしぎゅんたま読んでるから」
03.txt.json	0	*top	133	0	稔	稔			「……」	「……」	「……」
03.txt.json	0	*top	134	0					テーブルを挟んだ、俺の向かいをあけるプーカ。	普卡隔着桌子，腾出了我对面的座位。	テーブルを挟んだ、俺の向かいをあけるプーカ。
03.txt.json	0	*top	135	0					こいつは下がっても……ローストビーフサンドを置いてた\n皿２枚がテーブルに並んでいる。	就算这家伙退开了……桌上还是摆着两只放过烤牛肉三明治的盘子。	こいつは下がっても……ローストビーフサンドを置いてた\n皿２枚がテーブルに並んでいる。
03.txt.json	0	*top	136	0					……言い訳は無理そう。	……看来没法找借口了。	……言い訳は無理そう。
03.txt.json	0	*top	137	0	稔	稔			「どうぞ。入れよ」	「请进。进来吧」	「どうぞ。入れよ」
03.txt.json	0	*top	138	0	稔	稔			「いま、幻とメシ食ってたところだ」	「我刚才正在和幻觉一起吃饭呢」	「いま、幻とメシ食ってたところだ」
03.txt.json	0	*top	139	0					あえてその皿を強調して、とんとんと叩いて見せた。	我故意强调了那两只盘子，轻轻敲了敲给她看。	あえてその皿を強調して、とんとんと叩いて見せた。
03.txt.json	0	*top	140	0	秋穂	秋穗	akiho0030		「……」	「……」	「……」
03.txt.json	0	*top	141	0	秋穂	秋穗	akiho0031		「お邪魔します」	「打扰了」	「お邪魔します」
03.txt.json	0	*top	142	0					こっちの、挑発に近い呼び入れに、\n猫村は臆さず靴を脱ぐ。	面对我这近乎挑衅的招呼，猫村毫不畏缩地脱下了鞋。	こっちの、挑発に近い呼び入れに、\n猫村は臆さず靴を脱ぐ。
03.txt.json	0	*top	143	0					……幻が見えてる人種とは思われてても、\nいきなり襲ってくるとかは思ってないようだな。	……看来她虽然觉得我是能看到幻觉的那类人，却没想到我会突然袭击她。	……幻が見えてる人種とは思われてても、\nいきなり襲ってくるとかは思ってないようだな。
03.txt.json	0	*top	144	0					幼なじみの信頼は、まだあるようだ。	看来青梅竹马之间的信任还在。	幼なじみの信頼は、まだあるようだ。
03.txt.json	0	*top	145	0	秋穂	秋穗	akiho0032		「えと、ここでいい？」	「那个，我坐这里可以吗？」	「えと、ここでいい？」
03.txt.json	0	*top	146	0					俺の向かいに回る。	她绕到了我的对面。	俺の向かいに回る。
03.txt.json	0	*top	147	0	稔	稔			「ああ、幻はいまベッドでマンガ読んでる」	「啊，幻觉现在正在床上看漫画」	「ああ、幻はいまベッドでマンガ読んでる」
03.txt.json	0	*top	148	0	秋穂	秋穗	akiho0033		「……」	「……」	「……」
03.txt.json	0	*top	149	0					ちらっとベッドを見た。	我瞥了一眼床铺。	ちらっとベッドを見た。
03.txt.json	0	*top	150	0					この光景、猫村にはどう見えるんだろうな？	不知道在猫村看来，这幅光景会是什么样呢？	この光景、猫村にはどう見えるんだろうな？
03.txt.json	0	*top	151	0					平然としてるからマンガが宙に浮いてるとか、\n勝手にページがめくれてるとかは思わないようだが。	看她一脸平静的样子，应该没觉得漫画是飘在半空中，或者书页会自己翻动吧。	平然としてるからマンガが宙に浮いてるとか、\n勝手にページがめくれてるとかは思わないようだが。
03.txt.json	0	*top	152	0					そう考えると、プーカの謎パワーで\n猫村はブレインウォッシュされてる？	这么一想，难道猫村被普卡那神秘的力量洗脑了？	そう考えると、プーカの謎パワーで\n猫村はブレインウォッシュされてる？
03.txt.json	0	*top	153	0					……洗脳されてるとしたら、まず俺か。	……要说被洗脑了，首先也该是我吧。	……洗脳されてるとしたら、まず俺か。
03.txt.json	0	*top	154	0	秋穂	秋穗	akiho0034		「ご、ごめん、よく分からない」	「对、对不起，我不太明白」	「ご、ごめん、よく分からない」
03.txt.json	0	*top	155	0	稔	稔			「だろうな」	「我就知道」	「だろうな」
03.txt.json	0	*top	156	0	秋穂	秋穗	akiho0035		「でも、その、気にしないで」	「不过，那个，你别放在心上」	「でも、その、気にしないで」
03.txt.json	0	*top	157	0	秋穂	秋穗	akiho0036		「そういう人って意外と多いんだよ。\nほら、うちの病院も、いつでも超満員」	「那种人意外地多哦。\n你看，我们医院也是一直人满为患」	「そういう人って意外と多いんだよ。\nほら、うちの病院も、いつでも超満員」
03.txt.json	0	*top	158	0	稔	稔			「ああ。\n……ほんと人多いよな。何時間待たされたことか」	「啊。\n……人确实很多啊。也不知道有多少次一等就是好几个小时」	「ああ。\n……ほんと人多いよな。何時間待たされたことか」
03.txt.json	0	*top	159	0	秋穂	秋穗	akiho0037		「あはは、すいません」	「啊哈哈，抱歉」	「あはは、すいません」
03.txt.json	0	*top	160	0					苦笑して見せる。	露出一副苦笑。	苦笑して見せる。
03.txt.json	0	*top	161	0					そうだ。これは言っておかないと。	对了，这件事得先说清楚。	そうだ。これは言っておかないと。
03.txt.json	0	*top	162	0	稔	稔			「悪いけど来週の通院、やっぱやめとくわ」	「不好意思，下周的复诊我还是不去了」	「悪いけど来週の通院、やっぱやめとくわ」
03.txt.json	0	*top	163	0	秋穂	秋穗	akiho0038		「え……」	「诶……」	「え……」
03.txt.json	0	*top	164	0	稔	稔			「俺のなかではやっぱりソイツが幻とは思えないし。\nもらった薬も飲んでないけど、快眠できてるからな」	「在我看来，那家伙果然不可能是幻觉。\n你给我的药我也没吃，不过我睡得很好，所以没事」	「俺のなかではやっぱりソイツが幻とは思えないし。\nもらった薬も飲んでないけど、快眠できてるからな」
03.txt.json	0	*top	165	0	稔	稔			「やめとく」	「我不去了」	「やめとく」
03.txt.json	0	*top	166	0	秋穂	秋穗	akiho0039		「そう……、ん、うん。わかった」	「这样啊……嗯，好，我知道了」	「そう……、ん、うん。わかった」
03.txt.json	0	*top	167	0	秋穂	秋穗	akiho0040		「あっ、でも、例えばわたしがいるから来づらいとか。\nその、病院の態度がイヤになったとかなら」	「啊，不过，如果是因为有我在，所以你不方便来的话。\n或者，是对医院的态度感到厌烦了的话」	「あっ、でも、例えばわたしがいるから来づらいとか。\nその、病院の態度がイヤになったとかなら」
03.txt.json	0	*top	168	0	秋穂	秋穗	akiho0041		「辛いときは誰かに吐き出すだけでも……だし。\n他の病院、セカンドオピニオンもちゃんと視野にいれてね」	「难受的时候，哪怕只是找个人倾诉一下也……总之。\n其他医院、寻求第二诊疗意见之类的，也要好好纳入考虑范围哦」	「辛いときは誰かに吐き出すだけでも……だし。\n他の病院、セカンドオピニオンもちゃんと視野にいれてね」
03.txt.json	0	*top	169	0	稔	稔			「ああ」	「嗯」	「ああ」
03.txt.json	0	*top	170	0					さすがに医療関係者だな。\n無理に通院しろとは言わない。	不愧是医护人员。\n她没有强迫我来复诊。	さすがに医療関係者だな。\n無理に通院しろとは言わない。
03.txt.json	0	*top	171	0					ただしあくまで選択肢は広く持て。	不过，无论如何都要把选择范围放宽。	ただしあくまで選択肢は広く持て。
03.txt.json	0	*top	172	0					大事なアドバイスだ。	这是很重要的建议。	大事なアドバイスだ。
03.txt.json	0	*top	173	0					それでいいさ。\nそれが看護師としてのこいつの仕事で、	这样就够了。\n那是她作为护士的工作、	それでいいさ。\nそれが看護師としてのこいつの仕事で、
03.txt.json	0	*top	174	0					でも俺は、もう病院にかかる気はない。	但我已经不打算再去医院了。	でも俺は、もう病院にかかる気はない。
03.txt.json	0	*top	175	0					プーカが何者なのかはまだ知らないけど、	虽然我还不知道普卡到底是什么人、	プーカが何者なのかはまだ知らないけど、
03.txt.json	0	*top	176	0					がんばって通院する気にはならない。	但我可没打算努力去医院就诊。	がんばって通院する気にはならない。
03.txt.json	0	*top	177	0					がんばってプーカを消す気には。	也没打算努力让普卡消失。	がんばってプーカを消す気には。
03.txt.json	0	*top	178	0	稔	稔			「それよりこっちの気がかりとしては、お前だ」	「比起那个，我更担心的是你」	「それよりこっちの気がかりとしては、お前だ」
03.txt.json	0	*top	179	0	稔	稔			「このこと、人には言ってないか？」	「这件事，你没跟别人说吧？」	「このこと、人には言ってないか？」
03.txt.json	0	*top	180	0	秋穂	秋穗	akiho0042		「え」	「诶」	「え」
03.txt.json	0	*top	181	0	秋穂	秋穗	akiho0043		「い、言うわけないよ。\n守秘義務があるんだから」	「我、我怎么可能说出去。\n毕竟有保密义务嘛」	「い、言うわけないよ。\n守秘義務があるんだから」
03.txt.json	0	*top	182	0					守秘義務。	保密义务。	守秘義務。
03.txt.json	0	*top	183	0					それもそうか。	说得也是。	それもそうか。
03.txt.json	0	*top	184	0					病院の仕事なんだから、患者の病理を\nぺらぺら外に出すのは禁じられてるだろう。	既然是在医院工作，肯定禁止把患者的病情\n喋喋不休地泄露到外面吧。	病院の仕事なんだから、患者の病理を\nぺらぺら外に出すのは禁じられてるだろう。
03.txt.json	0	*top	185	0					ただそれは、『患者とナース』である場合。	但那是在『患者和护士』的关系下。	ただそれは、『患者とナース』である場合。
03.txt.json	0	*top	186	0					昔の友達とあって、ふとした拍子に俺の話題が出て\nぽろっと口をすべらす。\nってのが、いまは一番怖い。	和以前的朋友见面，不经意间聊到我的话题，\n一不小心说漏嘴。\n现在最让我害怕的就是这种情况。	昔の友達とあって、ふとした拍子に俺の話題が出て\nぽろっと口をすべらす。\nってのが、いまは一番怖い。
03.txt.json	0	*top	187	0	稔	稔			「ま、頼むわ」	「那就拜托你了」	「ま、頼むわ」
03.txt.json	0	*top	188	0	稔	稔			「信じるよ」	「我相信你」	「信じるよ」
03.txt.json	0	*top	189	0	秋穂	秋穗	akiho0044		「……」	「……」	「……」
03.txt.json	0	*top	190	0	秋穂	秋穗	akiho0045		「……うん。信じて」	「……嗯。相信我吧」	「……うん。信じて」
03.txt.json	0	*top	191	0					深く頷く猫村。	猫村深深地点了点头。	深く頷く猫村。
03.txt.json	0	*top	192	0					？\nなんかちょっと、嬉しそう？	？\n怎么感觉她好像有点高兴？	？\nなんかちょっと、嬉しそう？
03.txt.json	0	*top	193	0					よく分からん。	我不太明白。	よく分からん。
03.txt.json	0	*top	194	0	稔	稔			「……」	「……」	「……」
03.txt.json	0	*top	195	0					ふむ。	嗯。	ふむ。
03.txt.json	0	*top	196	0	稔	稔			「にしても驚いたんだが、お隣さんと知り合いなんだな」	「话说回来，真让我吃了一惊，原来你和邻居认识啊」	「にしても驚いたんだが、お隣さんと知り合いなんだな」
03.txt.json	0	*top	197	0					話題を変えよう。\nこっちの件も気になってはいた。	换个话题吧。\n这件事我也一直有些在意。	話題を変えよう。\nこっちの件も気になってはいた。
03.txt.json	0	*top	198	0	秋穂	秋穗	akiho0046		「あっ、うん。絵利さん……白井絵利先輩」	「啊，嗯。绘利……白井绘利学姐」	「あっ、うん。絵利さん……白井絵利先輩」
03.txt.json	0	*top	199	0					白井絵利さん、というらしい。お隣さん。	听说她叫白井绘利。是住在我隔壁的人。	白井絵利さん、というらしい。お隣さん。
03.txt.json	0	*top	200	0					お隣のポストに『白井』と書いてあるのは知ってるけど、\n名前を聞いたのは初めてだ。	我知道隔壁那家的邮箱上写着“白井”，\n但还是第一次听到她的名字。	お隣のポストに『白井』と書いてあるのは知ってるけど、\n名前を聞いたのは初めてだ。
03.txt.json	0	*top	201	0	秋穂	秋穗	akiho0047		「こっちこそ驚いたよ。ひさしぶりにミィくんの顔みて\n気になってたら、住所が絵利さんのお隣なんだもん」	「我才是吓了一跳呢。久违地见到小稔的脸，\n正觉得有点在意，没想到你的住址就在绘利学姐隔壁」	「こっちこそ驚いたよ。ひさしぶりにミィくんの顔みて\n気になってたら、住所が絵利さんのお隣なんだもん」
03.txt.json	0	*top	202	0	稔	稔			「こっちはガチで隣ってだけで、顔合わせたら挨拶するだけ\nなんだが……そっちは？」	「我这边真的就只是住隔壁而已，碰到面也只是打个招呼\n……你们呢？」	「こっちはガチで隣ってだけで、顔合わせたら挨拶するだけ\nなんだが……そっちは？」
03.txt.json	0	*top	203	0	秋穂	秋穗	akiho0048		「大学のころの先輩なんだ」	「她是我上大学时的学姐」	「大学のころの先輩なんだ」
03.txt.json	0	*top	204	0	秋穂	秋穗	akiho0049		「住んでるのがここだから、私の家と近いでしょ。\n自然といまでも連絡とって」	「她住在这里，离我家很近吧。\n所以自然而然地，到现在也一直有联系」	「住んでるのがここだから、私の家と近いでしょ。\n自然といまでも連絡とって」
03.txt.json	0	*top	205	0	秋穂	秋穗	akiho0050		「あっちの、その……頼みがあれば、って感じ」	「就是她那边……那个……有事求我的时候会联系我」	「あっちの、その……頼みがあれば、って感じ」
03.txt.json	0	*top	206	0	稔	稔			「ほーん」	「哦」	「ほーん」
03.txt.json	0	*top	207	0					こいつはまだ実家暮らしらしい。\nなら、確かに近いな。	看来这家伙现在还住在父母家。\n那确实挺近的。	こいつはまだ実家暮らしらしい。\nなら、確かに近いな。
03.txt.json	0	*top	208	0	稔	稔			「ちなみに、どういう人なんだ？\n俺的にはちょっと不気味なんだが」	「顺便问一句，她是个什么样的人？\n在我看来，她有点吓人」	「ちなみに、どういう人なんだ？\n俺的にはちょっと不気味なんだが」
03.txt.json	0	*top	209	0	秋穂	秋穗	akiho0051		「え……不気味は言い過ぎだよ」	「呃……说吓人也太过分了吧」	「え……不気味は言い過ぎだよ」
03.txt.json	0	*top	210	0	秋穂	秋穗	akiho0052		「ちょっと人見知り激しいけど、いい人だよ。\n優しいし、面倒見もよくて」	「她只是有点怕生过头了，但人很好。\n很温柔，也很会照顾人」	「ちょっと人見知り激しいけど、いい人だよ。\n優しいし、面倒見もよくて」
03.txt.json	0	*top	211	0					ほーん。	哦。	ほーん。
03.txt.json	0	*top	212	0	稔	稔			「俺が言うのもなんだが、生活リズムがヘンなんだよな。\n真夜中に起きてることが多いし、といって昼も出かけない」	「虽然由我来说这话有点奇怪，但她的生活作息很不正常。\n经常半夜还醒着，可白天也不出门」	「俺が言うのもなんだが、生活リズムがヘンなんだよな。\n真夜中に起きてることが多いし、といって昼も出かけない」
03.txt.json	0	*top	213	0					お隣さんなので、会話はなくても\n部屋の電気とかで生活サイクルは見えてくる。	因为是住在隔壁的人，就算没有交谈，\n也能从房间的灯光之类的地方看出她的生活规律。	お隣さんなので、会話はなくても\n部屋の電気とかで生活サイクルは見えてくる。
03.txt.json	0	*top	214	0	稔	稔			「なんの仕事してるんだあの人？\n全然外出しないし、家の仕事？」	「那个人是做什么工作的？\n几乎从不出门，难道是在家工作？」	「なんの仕事してるんだあの人？\n全然外出しないし、家の仕事？」
03.txt.json	0	*top	215	0	秋穂	秋穗	akiho0053		「うん。絵利さんは……」	「嗯。绘利学姐她……」	「うん。絵利さんは……」
03.txt.json	0	*top	216	0	秋穂	秋穗	akiho0054		「……」	「……」	「……」
03.txt.json	0	*top	217	0	秋穂	秋穗	akiho0055		「待って。これいま私のこと試してる？」	「等一下。她现在是在试探我吗？」	「待って。これいま私のこと試してる？」
03.txt.json	0	*top	218	0					お。	哦。	お。
03.txt.json	0	*top	219	0					引っかからなかったか。	没上钩吗。	引っかからなかったか。
03.txt.json	0	*top	220	0					口の軽さを計るために色々聞いてみたが、\n気付かれたようだ。	为了衡量她是否口风不严，我试着问了各种问题，\n但好像被她察觉了。	口の軽さを計るために色々聞いてみたが、\n気付かれたようだ。
03.txt.json	0	*top	221	0					聞けたのは名前と、大学程度。\n職業は聞けなかった。	能问到的只有名字和就读的大学。\n职业没能问出来。	聞けたのは名前と、大学程度。\n職業は聞けなかった。
03.txt.json	0	*top	222	0					あと昨日は、猫村が鎮痛剤を届けていた。	还有，昨天猫村送来了止痛药。	あと昨日は、猫村が鎮痛剤を届けていた。
03.txt.json	0	*top	223	0					たぶん病院にも何かしら縁があるんだろうが、\n『頼みがあれば』程度の表現で、それは出さなかった。	她大概和医院也有某种关系吧，\n但她只用了『有事相求的话』这种程度的说法，并没有说出来。	たぶん病院にも何かしら縁があるんだろうが、\n『頼みがあれば』程度の表現で、それは出さなかった。
03.txt.json	0	*top	224	0					総じて、俺はお隣さんの個人情報にはひとつも触れてない。	总的来说，我一点都没打听到邻居的个人信息。	総じて、俺はお隣さんの個人情報にはひとつも触れてない。
03.txt.json	0	*top	225	0					つまりこいつは口が軽いとは言えない。	也就是说，不能说这家伙口风不严。	つまりこいつは口が軽いとは言えない。
03.txt.json	0	*top	226	0	稔	稔			「あっぱれだ猫村」	「真了不起啊，猫村」	「あっぱれだ猫村」
03.txt.json	0	*top	227	0	秋穂	秋穗	akiho0056		「もう、やめてよいきなり」	「真是的，别突然这样啊」	「もう、やめてよいきなり」
03.txt.json	0	*top	228	0					ため息をつく猫村。	猫村叹了口气。	ため息をつく猫村。
03.txt.json	0	*top	229	0					ちょっと性格悪かったかな。まあいいさ。	我是不是有点性格恶劣了？算了，没关系。	ちょっと性格悪かったかな。まあいいさ。
03.txt.json	0	*top	230	0	秋穂	秋穗	akiho0057		「ミィく……大賀くんって昔からそうだよね。\nすぐ人のことからかって」	「稔……大贺君，你从以前开始就是这样呢。\n总是马上拿别人开玩笑」	「ミィく……大賀くんって昔からそうだよね。\nすぐ人のことからかって」
03.txt.json	0	*top	231	0	稔	稔			「そうだっけ？」	「是这样吗？」	「そうだっけ？」
03.txt.json	0	*top	232	0	秋穂	秋穗	akiho0058		「そうだよ」	「就是这样」	「そうだよ」
03.txt.json	0	*top	233	0	秋穂	秋穗	akiho0059		「ここ２日で君のこと思い出してたけど……。なんか、\nからかわれた記憶しか出てこなかった」	「这两天我一直在回想你的事……可是，\n脑子里浮现出来的记忆好像只有被你捉弄的事」	「ここ２日で君のこと思い出してたけど……。なんか、\nからかわれた記憶しか出てこなかった」
03.txt.json	0	*top	234	0					む。	唔。	む。
03.txt.json	0	*top	235	0	稔	稔			「それ言ったらそっちだって」	「你这么说的话，你不也是一样」	「それ言ったらそっちだって」
03.txt.json	0	*top	236	0	稔	稔			「……」	「……」	「……」
03.txt.json	0	*top	237	0	稔	稔			「からかわれて怒ってる記憶ばっかりだ」	「我满脑子也都是被你捉弄后生气的记忆」	「からかわれて怒ってる記憶ばっかりだ」
03.txt.json	0	*top	238	0	秋穂	秋穗	akiho0060		「ほら」	「你看」	「ほら」
03.txt.json	0	*top	239	0					ごめんて。	对不起嘛。	ごめんて。
03.txt.json	0	*top	240	0	稔	稔			「まあガキのころは……な。やるよな」	「不过小时候嘛……也是。都会那样的」	「まあガキのころは……な。やるよな」
03.txt.json	0	*top	241	0	秋穂	秋穗	akiho0061		「まあね」	「算是吧」	「まあね」
03.txt.json	0	*top	242	0	稔	稔			「女子ってカエルとか怖がるから、見せつけたりさ。\nはは、あれ不思議だよな。\n大人になってみると自分でもカエル無理になるのに」	「因为女孩子好像都怕青蛙之类的，所以我就故意拿给你看。\n哈哈，那还真是奇怪啊。\n明明长大以后，连自己也会变得受不了青蛙」	「女子ってカエルとか怖がるから、見せつけたりさ。\nはは、あれ不思議だよな。\n大人になってみると自分でもカエル無理になるのに」
03.txt.json	0	*top	243	0	秋穂	秋穗	akiho0062		「ふふ、女子のほうが成長が早いってことかもね」	「呵呵，也许是因为女孩子成长得更快吧」	「ふふ、女子のほうが成長が早いってことかもね」
03.txt.json	0	*top	244	0	稔	稔			「ははは」	「哈哈哈」	「ははは」
03.txt.json	0	*top	245	0	秋穂	秋穗	akiho0063		「ふふふ」	「呵呵呵」	「ふふふ」
03.txt.json	0	*top	246	0	秋穂	秋穗	akiho0064		「ちなみに、見せつけたとか穏やかな表現にしてるけど、\n見せるどころか投げつけてきたのは覚えてるからね」	「顺便一提，我说‘拿给你看’已经算是很温和的说法了，\n我可还记得你不只是拿给我看，甚至还朝我扔过来呢」	「ちなみに、見せつけたとか穏やかな表現にしてるけど、\n見せるどころか投げつけてきたのは覚えてるからね」
03.txt.json	0	*top	247	0	稔	稔			「ぐ」	「呃」	「ぐ」
03.txt.json	0	*top	248	0	秋穂	秋穗	akiho0065		「カエルが背中に入って泣いた私を見て、爆笑してたの、\n一生忘れないからね」	「看到青蛙钻进我背上、把我吓哭之后还放声大笑的事，\n我一辈子都不会忘记」	「カエルが背中に入って泣いた私を見て、爆笑してたの、\n一生忘れないからね」
03.txt.json	0	*top	249	0	稔	稔			「や……ほんと……すいません」	「呃……真的……对不起」	「や……ほんと……すいません」
03.txt.json	0	*top	250	0					子供のころの被害者加害者って、大人になると\n逆になるから厄介だ。	小时候的受害者和加害者，长大后却会\n反过来，真是麻烦。	子供のころの被害者加害者って、大人になると\n逆になるから厄介だ。
03.txt.json	0	*top	251	0	秋穂	秋穗	akiho0066		「もう」	「真是的」	「もう」
03.txt.json	0	*top	252	0	秋穂	秋穗	akiho0067		「……」	「……」	「……」
03.txt.json	0	*top	253	0	秋穂	秋穗	akiho0068		「ほんと、意地悪ばっかりされたよ」	「你真的净会欺负人」	「ほんと、意地悪ばっかりされたよ」
03.txt.json	0	*top	254	0	秋穂	秋穗	akiho0069		「本当はこれもなのかも」	「说不定其实这也是呢」	「本当はこれもなのかも」
03.txt.json	0	*top	255	0	秋穂	秋穗	akiho0070		「いま私、からかわれてるのかも、って思っちゃうくらい」	「甚至让我觉得，我现在是不是正在被你捉弄」	「いま私、からかわれてるのかも、って思っちゃうくらい」
03.txt.json	0	*top	256	0					ちらっとベッドの方を見る。	我瞥了一眼床的方向。	ちらっとベッドの方を見る。
03.txt.json	0	*top	257	0	稔	稔			「……」	「……」	「……」
03.txt.json	0	*top	258	0	稔	稔			「こればっかりはネタじゃない。本当に見えてる」	「这可不是在开玩笑。我真的看得见」	「こればっかりはネタじゃない。本当に見えてる」
03.txt.json	0	*top	259	0					プーカはいまも、俺の目のまえでのんきにマンガ読んでる。	普卡现在也依然悠闲地在我眼前看着漫画。	プーカはいまも、俺の目のまえでのんきにマンガ読んでる。
03.txt.json	0	*top	260	0					俺にしか見えない少女がここにいる。	这里有一个只有我能看见的少女。	俺にしか見えない少女がここにいる。
03.txt.json	0	*top	261	0	秋穂	秋穗	akiho0071		「そう。\nうん、疑ってるとかじゃないよ」	「对。\n嗯，我不是在怀疑你什么」	「そう。\nうん、疑ってるとかじゃないよ」
03.txt.json	0	*top	262	0	秋穂	秋穗	akiho0072		「ただ……もう１０年？\n再会して、話したのも、もう１０年ぶりくらいでしょ」	「只是……已经十年了？\n我们重逢、再次交谈，也差不多是时隔十年了吧」	「ただ……もう１０年？\n再会して、話したのも、もう１０年ぶりくらいでしょ」
03.txt.json	0	*top	263	0	秋穂	秋穗	akiho0073		「こんな形になるなんて思わなくって」	「没想到会变成这样」	「こんな形になるなんて思わなくって」
03.txt.json	0	*top	264	0	稔	稔			「……」	「……」	「……」
03.txt.json	0	*top	265	0	稔	稔			「すまん」	「抱歉」	「すまん」
03.txt.json	0	*top	266	0	秋穂	秋穗	akiho0074		「あやまることじゃないったら」	「都说了这不是需要道歉的事」	「あやまることじゃないったら」
03.txt.json	0	*top	267	0	秋穂	秋穗	akiho0075		「……」	「……」	「……」
03.txt.json	0	*top	268	0	秋穂	秋穗	akiho0076		「ここにいるの？」	「你在这里吗？」	「ここにいるの？」
03.txt.json	0	*top	269	0					ベッドに手をやる猫村。	猫村把手伸向床。	ベッドに手をやる猫村。
03.txt.json	0	*top	270	0	プーカ	普卡	puca0277		「にゃんっ」	「喵」	「にゃんっ」
03.txt.json	0	*top	271	0					プーカが急にお尻を触られてびっくりしてた。	普卡突然被摸了屁股，吓了一跳。	プーカが急にお尻を触られてびっくりしてた。
03.txt.json	0	*top	272	0	秋穂	秋穗	akiho0077		「この辺？」	「这附近？」	「この辺？」
03.txt.json	0	*top	273	0	稔	稔			「あー、うん、まあ」	「啊——嗯，算是吧」	「あー、うん、まあ」
03.txt.json	0	*top	274	0	秋穂	秋穗	akiho0078		「はじめまして」	「初次见面」	「はじめまして」
03.txt.json	0	*top	275	0					でも、俺の目にもプーカの感覚でも、\nしっかりお尻をぽんぽんしてるのに。	可是，无论在我眼里还是在普卡的感觉中，\n明明都确确实实地拍着她的屁股。	でも、俺の目にもプーカの感覚でも、\nしっかりお尻をぽんぽんしてるのに。
03.txt.json	0	*top	276	0					猫村はまるで気にせず、ただ布団を撫でてるだけ。\nって感じだった。	猫村却完全不在意，只是在抚摸被子。\n给人的感觉就是这样。	猫村はまるで気にせず、ただ布団を撫でてるだけ。\nって感じだった。
03.txt.json	0	*top	277	0					人のお尻をぽんぽんしてたら、\nもうちょっと何かしらの反応するよな。	要是一直拍着别人的屁股，\n多少也该有点反应吧。	人のお尻をぽんぽんしてたら、\nもうちょっと何かしらの反応するよな。
03.txt.json	0	*top	278	0					猫村には見えてないし、感触もないようだ。	猫村既看不见她，似乎也感觉不到她。	猫村には見えてないし、感触もないようだ。
03.txt.json	0	*top	279	0	プーカ	普卡	puca0278		「なう、なにこのお姉さん。唐突なセクハラ」	「喵，这位姐姐是怎么回事？突然就性骚扰」	「なう、なにこのお姉さん。唐突なセクハラ」
03.txt.json	0	*top	280	0					我慢しろ。	忍着点。	我慢しろ。
03.txt.json	0	*top	281	0	秋穂	秋穗	akiho0079		「……」	「……」	「……」
03.txt.json	0	*top	282	0	秋穂	秋穗	akiho0080		「分かってあげられなくて、ごめんね」	「对不起，没能理解你」	「分かってあげられなくて、ごめんね」
03.txt.json	0	*top	283	0	稔	稔			「……」	「……」	「……」
03.txt.json	0	*top	284	0					手を放した。	我松开了手。	手を放した。
03.txt.json	0	*top	285	0					あくまで存在を認知は出来てない。	严格来说，他还无法认知到她的存在。	あくまで存在を認知は出来てない。
03.txt.json	0	*top	286	0					でも俺を疑うではない。ってところかな。	不过也不是在怀疑我。大概就是这种感觉吧。	でも俺を疑うではない。ってところかな。
03.txt.json	0	*top	287	0	秋穂	秋穗	akiho0081		「この子、女の子だっけ？」	「这孩子是女孩子吗？」	「この子、女の子だっけ？」
03.txt.json	0	*top	288	0	稔	稔			「ああ」	「嗯」	「ああ」
03.txt.json	0	*top	289	0	稔	稔			「手が１０本足が１００本、\n３つある首がにょきにょき伸びる妖怪だ」	「手有十只、脚有一百只，还有三颗脑袋会嗖嗖地伸长的妖怪」	「手が１０本足が１００本、\n３つある首がにょきにょき伸びる妖怪だ」
03.txt.json	0	*top	290	0	秋穂	秋穗	akiho0082		「どわあ！」	「哇啊！」	「どわあ！」
03.txt.json	0	*top	291	0					ベッドから離れる。	离开床边。	ベッドから離れる。
03.txt.json	0	*top	292	0	秋穂	秋穗	akiho0083		「そそそそそういう系！？　もっと大人しい子じゃないの？」	「是是是是这种类型的！？　难道不是更老实的孩子吗？」	「そそそそそういう系！？　もっと大人しい子じゃないの？」
03.txt.json	0	*top	293	0	稔	稔			「身体に触った相手の匂いを覚えてどこまでも着いていく。\nいまお前に取り憑こうと腕にすがりついている」	「它会记住触碰过自己身体的人的气味，然后无论到哪里都会跟着对方。\n现在正缠着你的手臂，想要附到你身上」	「身体に触った相手の匂いを覚えてどこまでも着いていく。\nいまお前に取り憑こうと腕にすがりついている」
03.txt.json	0	*top	294	0	秋穂	秋穗	akiho0084		「やめろォ！」	「住手啊！」	「やめろォ！」
03.txt.json	0	*top	295	0					怒った。	她生气了。	怒った。
03.txt.json	0	*top	296	0	秋穂	秋穗	akiho0085		「もう……からかうにしても、お化け系はやめてよ。\n病院の仕事ってそういうの考えちゃうと怖いんだから」	「真是的……就算要捉弄我，也别拿鬼怪之类的开玩笑啊。\n一想到医院的工作，这种东西就很可怕啊」	「もう……からかうにしても、お化け系はやめてよ。\n病院の仕事ってそういうの考えちゃうと怖いんだから」
03.txt.json	0	*top	297	0	稔	稔			「すまんすまん」	「对不起对不起」	「すまんすまん」
03.txt.json	0	*top	298	0	秋穂	秋穗	akiho0086		「はあ……あうう、しかも今日夜勤なんだよぅ。\n暗くなってから霊安室の見回りもするんだよぅ」	「唉……呜呜，而且我今天还要上夜班呢。\n天黑以后还要去巡查太平间呢」	「はあ……あうう、しかも今日夜勤なんだよぅ。\n暗くなってから霊安室の見回りもするんだよぅ」
03.txt.json	0	*top	299	0	稔	稔			「それは……ほんとすまん」	「那个……真的很抱歉」	「それは……ほんとすまん」
03.txt.json	0	*top	300	0	稔	稔			「いま言ったのは冗談だ。\n本物はちょっと変なコスプレした中学生くらいのガキで」	「刚才说的是开玩笑。\n真的其实就是个穿着有点奇怪的中学生模样的臭小鬼」	「いま言ったのは冗談だ。\n本物はちょっと変なコスプレした中学生くらいのガキで」
03.txt.json	0	*top	301	0	プーカ	普卡	puca0279		「いきなり失礼なお姉さんだなあ」	「突然就对人这么失礼，真是个奇怪的大姐姐啊」	「いきなり失礼なお姉さんだなあ」
03.txt.json	0	*top	302	0	プーカ	普卡	puca0280		「勝手に揉むのは揉まれる覚悟のあるやつだけだ。\nオラオラァケツ揉ませんかい！」	「敢擅自揉别人的，就得做好被揉回来的觉悟。\n喂喂喂，给我揉揉屁股啊！」	「勝手に揉むのは揉まれる覚悟のあるやつだけだ。\nオラオラァケツ揉ませんかい！」
03.txt.json	0	*top	303	0					もみもみ。	揉啊揉。	もみもみ。
03.txt.json	0	*top	304	0	稔	稔			「……」	「……」	「……」
03.txt.json	0	*top	305	0	稔	稔			「いま、なんか感じるか？」	「现在有感觉吗？」	「いま、なんか感じるか？」
03.txt.json	0	*top	306	0	秋穂	秋穗	akiho0087		「え？　なにも」	「诶？　什么感觉都没有」	「え？　なにも」
03.txt.json	0	*top	307	0					がっつりケツを揉まれているが、\nやはり感触はないようだった。	屁股被狠狠地揉着，\n但看来果然还是没有任何触感。	がっつりケツを揉まれているが、\nやはり感触はないようだった。
03.txt.json	0	*top	308	0	秋穂	秋穗	akiho0088		「……私、いま何かされてる？」	「……我现在是不是被做了什么？」	「……私、いま何かされてる？」
03.txt.json	0	*top	309	0	稔	稔			「あー……」	「啊……」	「あー……」
03.txt.json	0	*top	310	0					えと、	那个、	えと、
03.txt.json	0	*top	311	0	秋穂	秋穗	akiho0089		「も、もう帰るね！\n困ったことがあったら病院に来て！\nうちお祓いしてくれるお寺も紹介できるから！」	「我、我先回去了！\n要是遇到什么麻烦，就来医院！\n我还可以给你介绍能驱邪的寺庙！」	「も、もう帰るね！\n困ったことがあったら病院に来て！\nうちお祓いしてくれるお寺も紹介できるから！」
03.txt.json	0	*top	312	0	稔	稔			「お、おう」	「哦、哦」	「お、おう」
03.txt.json	0	*top	313	0					荷物をまとめて、出て行ってしまった。	她收拾好行李，就离开了。	荷物をまとめて、出て行ってしまった。
03.txt.json	0	*top	314	0					んーむ。	嗯。	んーむ。
03.txt.json	0	*top	315	0					ま、黙っててくれそうだし、別にいいか。	反正她应该会替我保密，那就没什么了。	ま、黙っててくれそうだし、別にいいか。
03.txt.json	0	*top	316	0	プーカ	普卡	puca0281		「ドタバタな人だったね」	「她还真是个风风火火的人呢」	「ドタバタな人だったね」
03.txt.json	0	*top	317	0	稔	稔			「そうなった理由の半分はお前だけどな」	「变成这样的原因，有一半在你身上就是了」	「そうなった理由の半分はお前だけどな」
03.txt.json	0	*top	318	0					もう半分は俺。	另一半在我。	もう半分は俺。
03.txt.json	0	*top	319	0	稔	稔			「まあとにかく、昨日からの懸念は大丈夫そうだ」	「总之，从昨天开始担心的事，看来是没问题了」	「まあとにかく、昨日からの懸念は大丈夫そうだ」
03.txt.json	0	*top	320	0					あの感じなら他に漏らしたりはしないし、\n万一やらかしても、フォローはしてくれるだろう。	看她那个样子，应该不会告诉别人，\n就算万一出了什么岔子，她应该也会帮忙圆场。	あの感じなら他に漏らしたりはしないし、\n万一やらかしても、フォローはしてくれるだろう。
03.txt.json	0	*top	321	0					疑いすぎて悪かった。	是我太过怀疑她了，对不起。	疑いすぎて悪かった。
03.txt.json	0	*top	322	0					猫村秋穂。悪いやつじゃない。	猫村秋穗。她不是坏人。	猫村秋穂。悪いやつじゃない。
03.txt.json	0	*top	323	0					俺の幼なじみだ。	她是我的青梅竹马。	俺の幼なじみだ。
03.txt.json	0	*top	324	0					・・・・・	……	・・・・・
03.txt.json	0	*top	325	0	稔	稔			「そろそろ出るわ」	「我差不多该出门了」	「そろそろ出るわ」
03.txt.json	0	*top	326	0					昨日より早めに出勤の準備にかかる。	我比昨天更早开始准备去上班。	昨日より早めに出勤の準備にかかる。
03.txt.json	0	*top	327	0	プーカ	普卡	puca0282		「えー、早くない今日は」	「诶——今天是不是太早了」	「えー、早くない今日は」
03.txt.json	0	*top	328	0	稔	稔			「オーナーの呼び出し。\n大人ってのは仕事のためなら時間を選べないんだよ」	「老板叫我过去。\n大人为了工作，可没法挑时间啊」	「オーナーの呼び出し。\n大人ってのは仕事のためなら時間を選べないんだよ」
03.txt.json	0	*top	329	0	プーカ	普卡	puca0283		「ちぇー」	「切」	「ちぇー」
03.txt.json	0	*top	330	0	プーカ	普卡	puca0284		「……」	「……」	「……」
03.txt.json	0	*top	331	0	プーカ	普卡	puca0285		「ねえ、そういえばあたし、まだ稔くんが働いてるところって\n見たことないよね」	「对了，说起来，我还从没见过稔君工作的样子呢」	「ねえ、そういえばあたし、まだ稔くんが働いてるところって\n見たことないよね」
03.txt.json	0	*top	332	0	稔	稔			「……」	「……」	「……」
03.txt.json	0	*top	333	0	プーカ	普卡	puca0286		「一緒に行っていい？」	「我可以和你一起去吗？」	「一緒に行っていい？」
03.txt.json	0	*top	334	0	稔	稔			「それは……本当に勘弁してもらえませんか？」	「那个……真的不能放过我吗？」	「それは……本当に勘弁してもらえませんか？」
03.txt.json	0	*top	335	0	プーカ	普卡	puca0287		「突然の敬語」	「突然开始用敬语」	「突然の敬語」
03.txt.json	0	*top	336	0	稔	稔			「僕、いまの仕事がわりと気に入ってるんです。\n職を失いたくないんです。お願いしますよ」	「我还挺喜欢现在这份工作的。\n我不想失去工作。拜托了」	「僕、いまの仕事がわりと気に入ってるんです。\n職を失いたくないんです。お願いしますよ」
03.txt.json	0	*top	337	0	プーカ	普卡	puca0288		「そ、そこまで嫌がらなくても」	「也、也不用这么讨厌吧」	「そ、そこまで嫌がらなくても」
03.txt.json	0	*top	338	0					当たり前だ。	那是当然的。	当たり前だ。
03.txt.json	0	*top	339	0					俺にしか見えない女の子が見えてる。	看到了只有我才能看见的女孩。	俺にしか見えない女の子が見えてる。
03.txt.json	0	*top	340	0					いまなんとか幼なじみ１人分の口を封じられたのに、\nなんで俺自身が外にもらす危険を冒さなきゃならんのだ。	我好不容易才堵住了一个青梅竹马的嘴，\n凭什么还要让自己冒着把这事泄露出去的风险啊。	いまなんとか幼なじみ１人分の口を封じられたのに、\nなんで俺自身が外にもらす危険を冒さなきゃならんのだ。
03.txt.json	0	*top	341	0	プーカ	普卡	puca0289		「いいじゃん。あたしのことは無視していいから」	「没事啦。你不用管我」	「いいじゃん。あたしのことは無視していいから」
03.txt.json	0	*top	342	0	稔	稔			「……」	「……」	「……」
03.txt.json	0	*top	343	0					でもこの流れ、いつか来るとは思ってたんだよな。	不过，我也觉得这种局面迟早会到来。	でもこの流れ、いつか来るとは思ってたんだよな。
03.txt.json	0	*top	344	0					これまではマンガ与えてれば大人しくしてたけど、\n最近ネット動画に興味もったり、\nあきらかに他のことしたがり始めてるし。	以前只要给她漫画，她就会老老实实的，\n可最近开始对网络视频感兴趣，\n明显开始想做点别的了。	これまではマンガ与えてれば大人しくしてたけど、\n最近ネット動画に興味もったり、\nあきらかに他のことしたがり始めてるし。
03.txt.json	0	*top	345	0					外に出たがってる。	她想出门。	外に出たがってる。
03.txt.json	0	*top	346	0					とすると、今日はアリな日である。	这么一来，今天就是可以出门的日子。	とすると、今日はアリな日である。
03.txt.json	0	*top	347	0					オーナーに呼ばれて、早めの出勤。\nつまり店の準備の時間に余裕がある。	老板叫我过去，所以得提前上班。\n也就是说，准备店里的时间比较充裕。	オーナーに呼ばれて、早めの出勤。\nつまり店の準備の時間に余裕がある。
03.txt.json	0	*top	348	0					ふむ。	嗯。	ふむ。
03.txt.json	0	*top	349	0	稔	稔			「ガチで大人しくしろよ。\n途中からは一切無視するからな」	「你给我老老实实的。\n从中途开始我可就完全不理你了」	「ガチで大人しくしろよ。\n途中からは一切無視するからな」
03.txt.json	0	*top	350	0	プーカ	普卡	puca0290		「うーい」	「好」	「うーい」
03.txt.json	0	*top	351	0	稔	稔			「あと、職場は見せる。でも見せるだけだ。\n仕事が始まる前には帰ること」	「还有，工作地点可以让你看看。但也就只能看看。\n开工前必须回去」	「あと、職場は見せる。でも見せるだけだ。\n仕事が始まる前には帰ること」
03.txt.json	0	*top	352	0	プーカ	普卡	puca0291		「ういうい」	「好好」	「ういうい」
03.txt.json	0	*top	353	0					仕方ないので見るだけ見せてやることに。	没办法，只好让她去看看了。	仕方ないので見るだけ見せてやることに。
03.txt.json	0	*top	354	0					この時間からなら、オーナーの用事にもよるが、\n仕事が始まる前には送り帰せる。	从这个时间出发的话，虽然要看老板找我办什么事，\n但应该能在开工前把她送回去。	この時間からなら、オーナーの用事にもよるが、\n仕事が始まる前には送り帰せる。
03.txt.json	0	*top	355	0					どうにかなるだろう。	总会有办法的吧。	どうにかなるだろう。
03.txt.json	0	*top	356	0					そんなわけで……。	所以……。	そんなわけで……。
03.txt.json	0	*top	357	0	プーカ	普卡	puca0292		「ふわあああああ」	「呼啊啊啊啊啊」	「ふわあああああ」
03.txt.json	0	*top	358	0	プーカ	普卡	puca0293		「すっげー、バーってこんなんなんだ～」	「好厉害——原来酒吧是这样的啊～」	「すっげー、バーってこんなんなんだ～」
03.txt.json	0	*top	359	0	稔	稔			「お客様、お静かにお願いします」	「这位客人，请保持安静」	「お客様、お静かにお願いします」
03.txt.json	0	*top	360	0	プーカ	普卡	puca0294		「すげー」	「好厉害」	「すげー」
03.txt.json	0	*top	361	0					プーカの職場体験開始。	普卡的职场体验开始。	プーカの職場体験開始。
03.txt.json	0	*top	362	0					オーナーはまだ来ていないので、\n今日の店の準備をして行く。	店主还没来，所以先准备好今天店里的东西。	オーナーはまだ来ていないので、\n今日の店の準備をして行く。
03.txt.json	0	*top	363	0					プーカは内装を探ったり、お酒の棚とにらめっこしたり。	普卡一会儿打量着店内装潢，一会儿又和酒架上的酒大眼瞪小眼。	プーカは内装を探ったり、お酒の棚とにらめっこしたり。
03.txt.json	0	*top	364	0					カウンター席に腰掛け、	在吧台座位上坐下、	カウンター席に腰掛け、
03.txt.json	0	*top	365	0	プーカ	普卡	puca0295		「マスター。おすすめのカクテルは？」	「老板，有什么推荐的鸡尾酒？」	「マスター。おすすめのカクテルは？」
03.txt.json	0	*top	366	0	稔	稔			「天然水と水道水をミックスさせた、\n年代もののＷａｔｅｒ　ｉｎ　ｔｈｅ　ｇｌａｓｓなど\nいかがでしょう」	「用天然水和自来水混合而成的、\n年份久远的Ｗａｔｅｒ　ｉｎ　ｔｈｅ　ｇｌａｓｓ之类的\n怎么样」	「天然水と水道水をミックスさせた、\n年代もののＷａｔｅｒ　ｉｎ　ｔｈｅ　ｇｌａｓｓなど\nいかがでしょう」
03.txt.json	0	*top	367	0	プーカ	普卡	puca0296		「うーんいい香りだ。\n１９８５年ものかね？」	「嗯——香气真不错。\n是１９８５年的吧？」	「うーんいい香りだ。\n１９８５年ものかね？」
03.txt.json	0	*top	368	0	稔	稔			「ご慧眼です」	「您真是慧眼如炬」	「ご慧眼です」
03.txt.json	0	*top	369	0	プーカ	普卡	puca0297		「マスター、あちらのお嬢さんに」	「老板，给那边的小姐来一杯」	「マスター、あちらのお嬢さんに」
03.txt.json	0	*top	370	0	プーカ	普卡	puca0298		「しくしくしく、彼氏にふられちゃったのよー」	「抽泣抽泣抽泣，我被男朋友甩了啦」	「しくしくしく、彼氏にふられちゃったのよー」
03.txt.json	0	*top	371	0					――すっ。	――唰。	――すっ。
03.txt.json	0	*top	372	0	プーカ	普卡	puca0299		「まあ。これは最高級の、\n１９８５年ものじゃないの」	「哎呀，这不是最高级的、\n１９８５年份的吗」	「まあ。これは最高級の、\n１９８５年ものじゃないの」
03.txt.json	0	*top	373	0	稔	稔			「あちらのお客様からです」	「是那边的客人送的」	「あちらのお客様からです」
03.txt.json	0	*top	374	0	プーカ	普卡	puca0300		「やあ、美しいお嬢さん」	「你好，美丽的小姐」	「やあ、美しいお嬢さん」
03.txt.json	0	*top	375	0	プーカ	普卡	puca0301		「あら、素敵な紳士」	「哎呀，真是位英俊的绅士」	「あら、素敵な紳士」
03.txt.json	0	*top	376	0	プーカ	普卡	puca0302		「マドモワゼル、君に涙は似合わない。\nそれより一緒に踊りませんか？」	「小姐，眼泪并不适合你。\n比起那个，要不要和我一起跳舞？」	「マドモワゼル、君に涙は似合わない。\nそれより一緒に踊りませんか？」
03.txt.json	0	*top	377	0	プーカ	普卡	puca0303		「Ｏｈ、ムッシュ、セシボーン」	「哦，先生，真是太棒了」	「Ｏｈ、ムッシュ、セシボーン」
03.txt.json	0	*top	378	0	プーカ	普卡	puca0304		「らーらーららららー♪」（ぴょんぴょん）	「啦——啦——啦啦啦啦——♪」（蹦蹦跳跳）	「らーらーららららー♪」（ぴょんぴょん）
03.txt.json	0	*top	379	0					テンションの高いプーカに適当に合わせながら、\n料理の仕込みをしていく。	一边随意附和着情绪高涨的普卡，\n一边准备着料理的食材。	テンションの高いプーカに適当に合わせながら、\n料理の仕込みをしていく。
03.txt.json	0	*top	380	0					……なんだかんだで会話しちゃってるな俺。\n誰かに見られたら面倒だぞ。	……不知不觉间，我居然和她聊起来了。\n要是被谁看见了，可就麻烦了。	……なんだかんだで会話しちゃってるな俺。\n誰かに見られたら面倒だぞ。
03.txt.json	0	*top	381	0					と……。	「等等……。	と……。
03.txt.json	0	*top	382	0	オーナー	老板	m_owner0001		「えっと……あー、いたいた。\n大賀くんこっちこっち」	「呃……啊，有了有了。\n大贺君，这边这边」	「えっと……あー、いたいた。\n大賀くんこっちこっち」
03.txt.json	0	*top	383	0	稔	稔			「はい」	「好的」	「はい」
03.txt.json	0	*top	384	0					ちょうどそこでオーナーがやってきた。	就在这时，老板来了。	ちょうどそこでオーナーがやってきた。
03.txt.json	0	*top	385	0					外に出るよう手を振ってくる。	他朝我挥手，示意我出去。	外に出るよう手を振ってくる。
03.txt.json	0	*top	386	0					要件は外で話すらしい。	看来是要到外面谈事情。	要件は外で話すらしい。
03.txt.json	0	*top	387	0					助かる。\nプーカに大人しくしてろと合図して、外へ。	这下得救了。\n我向普卡示意让她老实待着，然后走了出去。	助かる。\nプーカに大人しくしてろと合図して、外へ。
03.txt.json	0	*top	388	0	オーナー	老板	m_owner0002		「いやー、いつも悪いねお店のこと任せちゃって」	「哎呀——总是把店里的事交给你，真是不好意思啊」	「いやー、いつも悪いねお店のこと任せちゃって」
03.txt.json	0	*top	389	0	稔	稔			「いえ。任せてもらえるだけありがたいです」	「不会。您愿意把事情交给我，我已经很感激了」	「いえ。任せてもらえるだけありがたいです」
03.txt.json	0	*top	390	0	オーナー	老板	m_owner0003		「あっはっは、ワンオペも大変でしょ。\nそろそろ新しい子いれようとは思ってるんだけど」	「啊哈哈哈，一个人忙活也挺辛苦的吧。\n虽然我也想着差不多该招个新人了」	「あっはっは、ワンオペも大変でしょ。\nそろそろ新しい子いれようとは思ってるんだけど」
03.txt.json	0	*top	391	0	稔	稔			「それはガチで頼みたいですね。\n若くて、賢くて、機敏で、俺のいうこと素直に聞いて、\nできれば可愛い女がいいです」	「那可真得拜托您了。\n年轻、聪明、敏捷，能老老实实听我的话，\n最好还是个可爱的女孩子」	「それはガチで頼みたいですね。\n若くて、賢くて、機敏で、俺のいうこと素直に聞いて、\nできれば可愛い女がいいです」
03.txt.json	0	*top	392	0	オーナー	老板	m_owner0004		「あっはっは」	「啊哈哈哈」	「あっはっは」
03.txt.json	0	*top	393	0					頼りにならない感じで笑うオーナー。	老板笑得一副靠不住的样子。	頼りにならない感じで笑うオーナー。
03.txt.json	0	*top	394	0					実働はほぼ俺に任せて、自分は半分引退状態。\n新しい人を雇うのも厳しそうとあって、\n俺のワンオペ解消は遠そうだが……。	实际工作几乎全都交给了我，自己则处于半退休状态。\n听说要雇新人也不容易，\n看来我这一个人忙活的日子还远没有结束……。	実働はほぼ俺に任せて、自分は半分引退状態。\n新しい人を雇うのも厳しそうとあって、\n俺のワンオペ解消は遠そうだが……。
03.txt.json	0	*top	395	0					ま、自由にやらせてくれるだけでもありがたい。	不过，光是他愿意让我自由发挥，我就已经很感激了。	ま、自由にやらせてくれるだけでもありがたい。
03.txt.json	0	*top	396	0					こうして顔を合わせるのは久し振りだった。	像这样见面，已经是很久以前的事了。	こうして顔を合わせるのは久し振りだった。
03.txt.json	0	*top	397	0					信頼の裏返しか、同じ店で働いてても連絡は電話くらいで\nほとんど会うこともないのに。	这是信赖的另一面吗？明明在同一家店工作，联系也就打打电话，\n平时几乎都见不到面。	信頼の裏返しか、同じ店で働いてても連絡は電話くらいで\nほとんど会うこともないのに。
03.txt.json	0	*top	398	0	稔	稔			「それで今日は？」	「所以今天是？」	「それで今日は？」
03.txt.json	0	*top	399	0	オーナー	老板	m_owner0005		「うん、いや、僕は知らないんだけど。\n商店街の通知が来ててね」	「嗯，不，我也不清楚。\n只是收到了商店街的通知」	「うん、いや、僕は知らないんだけど。\n商店街の通知が来ててね」
03.txt.json	0	*top	400	0					分厚いファイルを見せてくれた。	他给我看了一份厚厚的文件。	分厚いファイルを見せてくれた。
03.txt.json	0	*top	401	0					回覧板ってやつだ。\nいまの時代にもあるんだなこれ。	就是所谓的传阅板。\n没想到这个时代居然还有这种东西。	回覧板ってやつだ。\nいまの時代にもあるんだなこれ。
03.txt.json	0	*top	402	0					なになに。商店街の……緊急事項。	我看看……商店街的……紧急事项。	なになに。商店街の……緊急事項。
03.txt.json	0	*top	403	0	稔	稔			「……泥棒？」	「……小偷？」	「……泥棒？」
03.txt.json	0	*top	404	0	オーナー	老板	m_owner0006		「すぐそこ」	「就在那边」	「すぐそこ」
03.txt.json	0	*top	405	0					くいっと控えめに親指で、指さす。	他用拇指轻轻地指了指，动作十分克制。	くいっと控えめに親指で、指さす。
03.txt.json	0	*top	406	0					うちの店のはす向かいにある、レンタルビデオ屋だった。	那是一家位于我们店斜对面的音像租赁店。	うちの店のはす向かいにある、レンタルビデオ屋だった。
03.txt.json	0	*top	407	0	オーナー	老板	m_owner0007		「昨日、入ったそうだよ。\nここ防犯カメラは３０年以上前からつけてるから」	「听说是昨天进来的。\n这里可是从三十多年前就装着监控摄像头了」	「昨日、入ったそうだよ。\nここ防犯カメラは３０年以上前からつけてるから」
03.txt.json	0	*top	408	0	稔	稔			「３０年……」	「三十年……」	「３０年……」
03.txt.json	0	*top	409	0	稔	稔			「……３０年前のやつそのまま使ってるんすね」	「……也就是说，还在用三十年前那套设备啊」	「……３０年前のやつそのまま使ってるんすね」
03.txt.json	0	*top	410	0	オーナー	老板	m_owner0008		「……うん」	「……嗯」	「……うん」
03.txt.json	0	*top	411	0					回覧板に張られたプリントに、\nだいたいのことが書いてある。	传阅板上贴着的打印纸，\n大致写明了事情的经过。	回覧板に張られたプリントに、\nだいたいのことが書いてある。
03.txt.json	0	*top	412	0					昨夜の２３時過ぎに、店に不法侵入者があったこと。\nカメラにばっちり写っていること。\nそして、	昨晚过了23点，店里进了不速之客。\n而且还清清楚楚地被摄像头拍了下来。\n然后、	昨夜の２３時過ぎに、店に不法侵入者があったこと。\nカメラにばっちり写っていること。\nそして、
03.txt.json	0	*top	413	0	稔	稔			「なんも分かりゃしねえ。これ、ほんとに人？」	「什么都看不清。这真的是人吗？」	「なんも分かりゃしねえ。これ、ほんとに人？」
03.txt.json	0	*top	414	0	オーナー	老板	m_owner0009		「人……ではあると思う」	「我想……应该算是人吧」	「人……ではあると思う」
03.txt.json	0	*top	415	0					カメラが古すぎて、映像を切り抜いた写真は\nほとんど真っ暗、しかもぼやぼや。	摄像头实在太老了，从影像中截下来的照片\n几乎一片漆黑，而且还模模糊糊的。	カメラが古すぎて、映像を切り抜いた写真は\nほとんど真っ暗、しかもぼやぼや。
03.txt.json	0	*top	416	0					人影があることすら判別が難しかった。	甚至很难判断那里是否有人影。	人影があることすら判別が難しかった。
03.txt.json	0	*top	417	0	オーナー	老板	m_owner0010		「まあ、入ったってだけで、何も手をつけなかった\nみたいだから、大ごとにする気はないみたいだけど」	「不过听说只是进去了，什么都没动，\n所以他们好像也没打算把事情闹大」	「まあ、入ったってだけで、何も手をつけなかった\nみたいだから、大ごとにする気はないみたいだけど」
03.txt.json	0	*top	418	0	オーナー	老板	m_owner0011		「君、その時間はいたよね。なにか見た？」	「你当时在吧。看到什么了吗？」	「君、その時間はいたよね。なにか見た？」
03.txt.json	0	*top	419	0	稔	稔			「店から出てませんよ。\n２３時て、まだお客さんいる時間だし」	「我没出店。\n23点还是有客人的时间嘛」	「店から出てませんよ。\n２３時て、まだお客さんいる時間だし」
03.txt.json	0	*top	420	0	オーナー	老板	m_owner0012		「だよね」	「也是」	「だよね」
03.txt.json	0	*top	421	0					途中でゴミを出しに外にくらいは出たが、\n怪しいヤツが近くの店に……なんて見てる余裕はない。	中途倒是出去扔过垃圾，\n但哪有余暇去留意附近店里有没有什么可疑家伙。	途中でゴミを出しに外にくらいは出たが、\n怪しいヤツが近くの店に……なんて見てる余裕はない。
03.txt.json	0	*top	422	0	稔	稔			「そもそもこの商店街に泥棒って言われてもな」	「说到底，就算说这条商店街进了小偷」	「そもそもこの商店街に泥棒って言われてもな」
03.txt.json	0	*top	423	0					にぎわってるとは言えない通りだ。\nあんまり金がありそうな店もないぞ。	这条街称不上热闹。\n看起来也没几家像是有多少钱的店。	にぎわってるとは言えない通りだ。\nあんまり金がありそうな店もないぞ。
03.txt.json	0	*top	424	0	オーナー	老板	m_owner0013		「それは確かに」	「这倒也是」	「それは確かに」
03.txt.json	0	*top	425	0	オーナー	老板	m_owner0014		「ああでも、最近怖そうな人はうろついてるみたいよ」	「不过，听说最近好像有个看起来很可怕的人在附近转悠」	「ああでも、最近怖そうな人はうろついてるみたいよ」
03.txt.json	0	*top	426	0	稔	稔			「怖い人？」	「可怕的人？」	「怖い人？」
03.txt.json	0	*top	427	0	オーナー	老板	m_owner0015		「外国人で……黒い薔薇のイレズミ入れてるとかで。\n商店街で話題になってたよ」	「是外国人……据说身上纹着黑玫瑰。\n在商店街里可是成了热门话题呢」	「外国人で……黒い薔薇のイレズミ入れてるとかで。\n商店街で話題になってたよ」
03.txt.json	0	*top	428	0					タトゥー入りの外国人か。	纹身的外国人吗。	タトゥー入りの外国人か。
03.txt.json	0	*top	429	0					それだけで怖そうな人ってのも偏見だが、	光凭这个就觉得对方可怕，确实是偏见、	それだけで怖そうな人ってのも偏見だが、
03.txt.json	0	*top	430	0					この商店街の年齢層から見ると、確かに違和感かもな。\nそんなド派手な人種がうろつくような都会じゃない。	但从这条商店街的年龄层来看，确实会显得格格不入吧。\n这里可不是会有那种花枝招展的人到处晃悠的大城市。	この商店街の年齢層から見ると、確かに違和感かもな。\nそんなド派手な人種がうろつくような都会じゃない。
03.txt.json	0	*top	431	0					ただそれが泥棒に結びつくかも微妙なので、	不过这和小偷能不能扯上关系也很难说、	ただそれが泥棒に結びつくかも微妙なので、
03.txt.json	0	*top	432	0	オーナー	老板	m_owner0016		「じゃあまあ、うちは何も分からないってことで。\n悪いね早くから呼び出しちゃって」	「那就这样吧，就说我们家什么都不知道。\n不好意思，一大早就把你叫过来了」	「じゃあまあ、うちは何も分からないってことで。\n悪いね早くから呼び出しちゃって」
03.txt.json	0	*top	433	0	稔	稔			「いえ」	「没事」	「いえ」
03.txt.json	0	*top	434	0					回覧板を返す。	我把传阅板还了回去。	回覧板を返す。
03.txt.json	0	*top	435	0					こんなもん電話で済ませよって思うけど、\n『面と向かって、口頭で聞いて、知らなかった』というのが\nこの商店街での体裁には必要なんだろう。	虽然我觉得这种事打个电话就能解决，\n但在这条商店街，『面对面、亲口问过，才知道自己不知道』\n大概是维护体面所必需的吧。	こんなもん電話で済ませよって思うけど、\n『面と向かって、口頭で聞いて、知らなかった』というのが\nこの商店街での体裁には必要なんだろう。
03.txt.json	0	*top	436	0					別にいいさ。\n帰って行くオーナーを見送った。	无所谓。\n我目送店主离开。	別にいいさ。\n帰って行くオーナーを見送った。
03.txt.json	0	*top	437	0	プーカ	普卡	puca0305		「マスター、気付いたんだけど」	「老板，我刚刚注意到一件事」	「マスター、気付いたんだけど」
03.txt.json	0	*top	438	0	プーカ	普卡	puca0306		「これってただの水じゃない？」	「这不就是普通的水吗？」	「これってただの水じゃない？」
03.txt.json	0	*top	439	0					さっき出してやったグラスをからから言わせるプーカ。	普卡让刚才我拿出来的玻璃杯发出叮叮当当的声音。	さっき出してやったグラスをからから言わせるプーカ。
03.txt.json	0	*top	440	0	稔	稔			「一切合切１００％十全十美１ミクロンもあますことなく\nただの水だぞ」	「从头到尾百分之百完美无缺，连一微米都不差，\n就是普通的水」	「一切合切１００％十全十美１ミクロンもあますことなく\nただの水だぞ」
03.txt.json	0	*top	441	0	プーカ	普卡	puca0307		「おいおーい、せっかくバーに来たんだから\nもっと美味しいモノ飲ませてよ～」	「喂——喂——好不容易来酒吧一趟，\n让人喝点更好喝的东西嘛～」	「おいおーい、せっかくバーに来たんだから\nもっと美味しいモノ飲ませてよ～」
03.txt.json	0	*top	442	0	稔	稔			「お客様、持ち合わせはございますでしょうか。\nドリンク１杯ご注文でしたら\n最低価格でもぎゅんたま１冊分くらいの値段はしますが」	「客人，您身上带钱吗？\n如果要点一杯饮料，\n就算是最低价，也得差不多是一本《ぎゅんたま》的钱」	「お客様、持ち合わせはございますでしょうか。\nドリンク１杯ご注文でしたら\n最低価格でもぎゅんたま１冊分くらいの値段はしますが」
03.txt.json	0	*top	443	0	プーカ	普卡	puca0308		「うぐぅ」	「呜呃」	「うぐぅ」
03.txt.json	0	*top	444	0					毎日の食費は俺個人のことなのでいいけど、\n店に来た以上、金銭抜きには相手できない。	每天的伙食费是我个人的事，倒是没关系，\n但既然来了店里，就不能不谈钱。	毎日の食費は俺個人のことなのでいいけど、\n店に来た以上、金銭抜きには相手できない。
03.txt.json	0	*top	445	0					そもそもアルコールを除くとだいぶ少ないしな、メニュー。	说起来，菜单上除去酒类之后，东西也少得可怜。	そもそもアルコールを除くとだいぶ少ないしな、メニュー。
03.txt.json	0	*top	446	0	プーカ	普卡	puca0309		「なんか飲みたいなー」	「我想喝点什么呢」	「なんか飲みたいなー」
03.txt.json	0	*top	447	0	プーカ	普卡	puca0310		「ねえねえ、このお店で一番高いお酒ってどんなの？」	「呐呐，这家店最贵的酒是什么样的？」	「ねえねえ、このお店で一番高いお酒ってどんなの？」
03.txt.json	0	*top	448	0	稔	稔			「んー？　高いのって言われてもな」	「嗯——？你说最贵的啊」	「んー？　高いのって言われてもな」
03.txt.json	0	*top	449	0	プーカ	普卡	puca0311		「１本１００億万円くらいのお酒あるでしょ。\n飲ませてよ」	「应该有一瓶一百亿万日元左右的酒吧。\n让我喝喝看嘛」	「１本１００億万円くらいのお酒あるでしょ。\n飲ませてよ」
03.txt.json	0	*top	450	0	稔	稔			「１００億万の酒はさすがに見たことがないが……」	「一百亿万日元的酒，我确实没见过……」	「１００億万の酒はさすがに見たことがないが……」
03.txt.json	0	*top	451	0	稔	稔			「１本６００万のワインならあるぞ」	「不过倒是有一瓶六百万日元的葡萄酒」	「１本６００万のワインならあるぞ」
03.txt.json	0	*top	452	0	プーカ	普卡	puca0312		「ろっぴゃ、え！？」	「六、六百万！？ ！？」	「ろっぴゃ、え！？」
03.txt.json	0	*top	453	0					さすがに驚いたようだ。	看来她着实吓了一跳。	さすがに驚いたようだ。
03.txt.json	0	*top	454	0	稔	稔			「ちなみに、こちらになります」	「顺便一提，就是这瓶」	「ちなみに、こちらになります」
03.txt.json	0	*top	455	0					カウンター奥の棚、店で一番目立つところに\nケースに入れておいてある瓶を指さす。	我指向柜台深处的架子上、店里最显眼的位置，\n那瓶放在盒子里的酒。	カウンター奥の棚、店で一番目立つところに\nケースに入れておいてある瓶を指さす。
03.txt.json	0	*top	456	0	プーカ	普卡	puca0313		「それが６００？　６００万円もすんの？」	「那瓶要六百万？要六百万日元？」	「それが６００？　６００万円もすんの？」
03.txt.json	0	*top	457	0	稔	稔			「ああ」	「嗯」	「ああ」
03.txt.json	0	*top	458	0					ロマネコンティの１９９１年モノ。\nいまや幻と呼ばれる一品だ。	1991年份的罗曼尼·康帝。\n如今已被称为梦幻佳酿的珍品。	ロマネコンティの１９９１年モノ。\nいまや幻と呼ばれる一品だ。
03.txt.json	0	*top	459	0	プーカ	普卡	puca0314		「ふえー、すごーい、飲んでみたーい」	「呜哇——好厉害——我也想喝喝看」	「ふえー、すごーい、飲んでみたーい」
03.txt.json	0	*top	460	0	プーカ	普卡	puca0315		「マスター、それいただける？」	「老板，这个可以给我吗？」	「マスター、それいただける？」
03.txt.json	0	*top	461	0	稔	稔			「少々値がはりますがよろしいですか？」	「价格有点贵，您确定要吗？」	「少々値がはりますがよろしいですか？」
03.txt.json	0	*top	462	0	プーカ	普卡	puca0316		「おいくらかしら。今日はポケットに１００億万円しか\n入っていないのだけど」	「多少钱呀？不过我今天口袋里只有１００亿万日元」	「おいくらかしら。今日はポケットに１００億万円しか\n入っていないのだけど」
03.txt.json	0	*top	463	0	稔	稔			「残念。こちら１杯１兆億万円からになります」	「真遗憾，这个要从１兆亿万日元一杯起价哦」	「残念。こちら１杯１兆億万円からになります」
03.txt.json	0	*top	464	0	プーカ	普卡	puca0317		「あらあら、じゃあ次のボーナスまで待たなくちゃ」	「哎呀哎呀，那得等到下次发奖金了」	「あらあら、じゃあ次のボーナスまで待たなくちゃ」
03.txt.json	0	*top	465	0	稔	稔			「またの起こしをお待ちしております」	「恭候您下次光临」	「またの起こしをお待ちしております」
03.txt.json	0	*top	466	0					……我ながら、なんかもうプーカとは\n阿吽の呼吸みたいのができてるかもしれない。	……没想到连我自己都觉得，我和普卡之间\n或许已经形成某种心有灵犀的默契了。	……我ながら、なんかもうプーカとは\n阿吽の呼吸みたいのができてるかもしれない。
03.txt.json	0	*top	467	0	プーカ	普卡	puca0318		「んで見た瞬間わかったけど、空き瓶だよねそれ」	「不过我一眼就看出来了，那是空瓶吧」	「んで見た瞬間わかったけど、空き瓶だよねそれ」
03.txt.json	0	*top	468	0	稔	稔			「まあな」	「算是吧」	「まあな」
03.txt.json	0	*top	469	0					間違いなく６００万の酒の瓶だが、	毫无疑问，这是装过价值６００万日元酒的瓶子、	間違いなく６００万の酒の瓶だが、
03.txt.json	0	*top	470	0					中身はもうない。	但里面已经空了。	中身はもうない。
03.txt.json	0	*top	471	0					お守り感覚で瓶を飾ってあるだけである。	只是把瓶子摆在那里，当作护身符一样。	お守り感覚で瓶を飾ってあるだけである。
03.txt.json	0	*top	472	0					確か、	我记得是、	確か、
03.txt.json	0	*top	473	0	稔	稔			「オーナーが東京のホテルで働いてたとき振る舞われたもので\n空き瓶だけもらってきたとかなんとか」	「据说是老板在东京的酒店工作时，别人招待他的酒，\n后来只把空瓶带回来了什么的」	「オーナーが東京のホテルで働いてたとき振る舞われたもので\n空き瓶だけもらってきたとかなんとか」
03.txt.json	0	*top	474	0	プーカ	普卡	puca0319		「どこの誰が飲んだかすら分からんのかい」	「连是谁、在哪里喝的都不知道吗」	「どこの誰が飲んだかすら分からんのかい」
03.txt.json	0	*top	475	0	プーカ	普卡	puca0320		「まあでも、どっかにはいると考えるとすごいよね。\n６００万円もする飲み物を飲んだ人がいるって」	「不过，想到某个地方真的有人喝过价值６００万日元的饮料，\n就觉得很厉害吧」	「まあでも、どっかにはいると考えるとすごいよね。\n６００万円もする飲み物を飲んだ人がいるって」
03.txt.json	0	*top	476	0	稔	稔			「ああ……いや、オーナーが東京にいたのって３０年くらい\n前だから、当時は６００万円もしなかったろうけど」	「啊……不对，老板在东京的时候大概是３０年前，\n所以那时候应该还没贵到６００万日元」	「ああ……いや、オーナーが東京にいたのって３０年くらい\n前だから、当時は６００万円もしなかったろうけど」
03.txt.json	0	*top	477	0	プーカ	普卡	puca0321		「え、そうなの？」	「诶，是这样吗？」	「え、そうなの？」
03.txt.json	0	*top	478	0	稔	稔			「ビンテージ価格といって、ワインは基本的に\n時間が経つほど値上がりするんだ」	「这叫年份价格，葡萄酒基本上是\n放得越久，价格就越高」	「ビンテージ価格といって、ワインは基本的に\n時間が経つほど値上がりするんだ」
03.txt.json	0	*top	479	0	稔	稔			「あと９０年代は、いまほどロマネも高くなかったしな」	「而且九十年代的时候，罗曼尼也没像现在这么贵」	「あと９０年代は、いまほどロマネも高くなかったしな」
03.txt.json	0	*top	480	0					ワインだろうがウイスキーだろうが焼酎だろうが、\n基本、５０００円を越えた酒の価格は\nブランド力で釣り上げられていると考えてよい。	不管是葡萄酒、威士忌还是烧酒，\n基本上，只要酒的价格超过五千日元，\n就可以认为是靠品牌影响力抬高的。	ワインだろうがウイスキーだろうが焼酎だろうが、\n基本、５０００円を越えた酒の価格は\nブランド力で釣り上げられていると考えてよい。
03.txt.json	0	*top	481	0					ロマネコンティは当時から最高級のワインだったけど、\nにしてもビンテージ抜きに１００万を超えるほどでは\nなかったはずだ。	罗曼尼·康帝从那时起就是最高级的葡萄酒了，\n但即便如此，不算年份的话，\n应该也没贵到超过一百万日元才对。	ロマネコンティは当時から最高級のワインだったけど、\nにしてもビンテージ抜きに１００万を超えるほどでは\nなかったはずだ。
03.txt.json	0	*top	482	0					いや、当時はバブルとかでもっと高かったかな？\nよく分からんけど、	不对，那个时候正值泡沫经济，说不定反而更贵？\n我也不太清楚、	いや、当時はバブルとかでもっと高かったかな？\nよく分からんけど、
03.txt.json	0	*top	483	0	プーカ	普卡	puca0322		「それがいまや６００万」	「现在已经六百万了」	「それがいまや６００万」
03.txt.json	0	*top	484	0	プーカ	普卡	puca0323		「お金ってよく分かんないね」	「真搞不懂钱这种东西」	「お金ってよく分かんないね」
03.txt.json	0	*top	485	0	稔	稔			「ものの価値を金額にする。って作業は、\nなかなか難しいからな」	「把东西的价值换算成金额，这种工作\n还真是相当困难啊」	「ものの価値を金額にする。って作業は、\nなかなか難しいからな」
03.txt.json	0	*top	486	0	稔	稔			「いまやそういうのが商法として確立されてるし」	「现在这种做法都已经成了一种商业手段了」	「いまやそういうのが商法として確立されてるし」
03.txt.json	0	*top	487	0					ワインだけじゃない。	不只是葡萄酒。	ワインだけじゃない。
03.txt.json	0	*top	488	0					ネットで個人が商売できるようになった今日では、\nあらゆる商品の価格が\n流通の都合だけで釣り上げられている。	如今个人也能在网上做生意，\n各种商品的价格\n都只因为流通上的因素被抬高了。	ネットで個人が商売できるようになった今日では、\nあらゆる商品の価格が\n流通の都合だけで釣り上げられている。
03.txt.json	0	*top	489	0					プラモデルとか、カードとかな。	比如塑料模型，还有卡牌之类的。	プラモデルとか、カードとかな。
03.txt.json	0	*top	490	0					ゲームの世界じゃキャラクターやアイテムみたいな\nデータでさえ、ガチャって形で釣り上げられてるか。	在游戏世界里，就连角色和道具之类的数据，\n也会以抽卡的形式被抬高价值吗。	ゲームの世界じゃキャラクターやアイテムみたいな\nデータでさえ、ガチャって形で釣り上げられてるか。
03.txt.json	0	*top	491	0					お金なんて、人間の所有物のなかじゃ\nさほど価値のないものなのかもな。	钱这种东西，说不定在人类拥有的东西里，\n并没有那么高的价值。	お金なんて、人間の所有物のなかじゃ\nさほど価値のないものなのかもな。
03.txt.json	0	*top	492	0	稔	稔			「そんなわけで、ロマネコンティは出せませんが」	「所以，罗曼尼·康帝是拿不出来了」	「そんなわけで、ロマネコンティは出せませんが」
03.txt.json	0	*top	493	0	稔	稔			「ジュース１本くらいはおごってやる。コーラでいいか？」	「不过请你喝一瓶果汁还是没问题的。可乐可以吗？」	「ジュース１本くらいはおごってやる。コーラでいいか？」
03.txt.json	0	*top	494	0	プーカ	普卡	puca0324		「やったー！」	「好耶！」	「やったー！」
03.txt.json	0	*top	495	0					店にきた以上、金銭は大事だけど。	既然都来店里了，钱当然很重要。	店にきた以上、金銭は大事だけど。
03.txt.json	0	*top	496	0					ま、あとでレジに５００円いれておくだけさ。	不过，之后往收银机里放五百日元就行了。	ま、あとでレジに５００円いれておくだけさ。
03.txt.json	0	*top	497	0					……すっかり保護者になっちゃったな、俺。	……我已经彻底变成监护人了啊。	……すっかり保護者になっちゃったな、俺。
03.txt.json	0	*top	498	0					・・・・・	……	・・・・・
03.txt.json	0	*top	499	0					店が始まる少し前にプーカは帰らせた。	店里开始营业前不久，我让普卡回去了。	店が始まる少し前にプーカは帰らせた。
03.txt.json	0	*top	500	0					俺はいつも通り店を開け、	我像往常一样开门营业、	俺はいつも通り店を開け、
03.txt.json	0	*top	501	0	稔	稔			「……」	「……」	「……」
03.txt.json	0	*top	502	0	客４	客4	m_custd0001		「マスター、どうしたの今日はぼーっとして」	「老板，今天怎么了？一直在发呆」	「マスター、どうしたの今日はぼーっとして」
03.txt.json	0	*top	503	0	稔	稔			「あ、いえ、すいません」	「啊，没什么，抱歉」	「あ、いえ、すいません」
03.txt.json	0	*top	504	0					……迷子になってないかな？	……她不会迷路了吧？	……迷子になってないかな？
03.txt.json	0	*top	505	0					この商店街とアパートは近いとはいえ、\n商店街から出るまでの裏道がちょっとグネってるんだよな。	虽然这条商店街和公寓离得很近，\n但从商店街出去的那条小路有点曲折。	この商店街とアパートは近いとはいえ、\n商店街から出るまでの裏道がちょっとグネってるんだよな。
03.txt.json	0	*top	506	0					んー。	嗯。	んー。
03.txt.json	0	*top	507	0	客７	客７	m_custf0001		「まーすたー、おかわりちょうだいって」	「老——板——，她说想再来一杯」	「まーすたー、おかわりちょうだいって」
03.txt.json	0	*top	508	0	稔	稔			「あ、はい」	「啊，好的」	「あ、はい」
03.txt.json	0	*top	509	0					いかんいかん。仕事に集中しろ。俺。	不行不行。专心工作。我得专心工作。	いかんいかん。仕事に集中しろ。俺。
03.txt.json	0	*top	510	0					ったく。	真是的。	ったく。
03.txt.json	0	*top	511	0					俺の生活、いつの間にかあいつに支配されてないか？	我的生活，该不会在不知不觉间已经被那家伙支配了吧？	俺の生活、いつの間にかあいつに支配されてないか？
03.txt.json	0	*top	512	0					・・・・・	……	・・・・・
03.txt.json	0	*top	513	0					・・・・	・・・・	・・・・
03.txt.json	0	*top	514	0					・・・	・・・	・・・
03.txt.json	0	*top	515	0	プーカ	普卡	puca0325		「もしもーし」	「喂」	「もしもーし」
03.txt.json	0	*top	516	0	プーカ	普卡	puca0326		「うん、もう帰ってるよ。いまから寝るとこ」	「嗯，我已经回来了。现在正准备睡觉」	「うん、もう帰ってるよ。いまから寝るとこ」
03.txt.json	0	*top	517	0	プーカ	普卡	puca0327		「なに稔くん。心配したの？\nぬふぁふぁふぁ、おいおいプーカちゃんが可愛いのは\n分かるけど、いくらなんでも迷子の心配なんて」	「怎么了，稔？担心我了？\n呜哈哈哈哈，哎呀，我知道普卡酱是很可爱啦，\n但也不至于担心她迷路吧」	「なに稔くん。心配したの？\nぬふぁふぁふぁ、おいおいプーカちゃんが可愛いのは\n分かるけど、いくらなんでも迷子の心配なんて」
03.txt.json	0	*top	518	0					――ガチャ。	——咔嚓。	――ガチャ。
03.txt.json	0	*top	519	0					電話を切る。	我挂断了电话。	電話を切る。
03.txt.json	0	*top	520	0					自宅用の電話、最近は置かない人も多いって言うけど\nあってよかったと今日初めて思った。	听说最近很多人都不再在家里装电话了，\n但今天我第一次觉得，幸好家里有一部。	自宅用の電話、最近は置かない人も多いって言うけど\nあってよかったと今日初めて思った。
03.txt.json	0	*top	521	0					まああいつが迷子してない確認が出来たってだけだが……。	不过也就是确认那家伙没有迷路而已……。	まああいつが迷子してない確認が出来たってだけだが……。
03.txt.json	0	*top	522	0	客２４	客人２４	m_custn0001		「マスター、ジントニックおねがい」	「老板，麻烦来杯金汤力」	「マスター、ジントニックおねがい」
03.txt.json	0	*top	523	0	稔	稔			「はい」	「好的」	「はい」
03.txt.json	0	*top	524	0					仕事に差し支えなければ、それでいいさ。	只要不影响工作，那就没什么。	仕事に差し支えなければ、それでいいさ。
03.txt.json	0	*top	525	0					・・・・・	……	・・・・・
03.txt.json	0	*top	526	0	客２７	客人27	m_custp0001		「ほいじゃマスター、おやすみ～」	「那老板，晚安啦～」	「ほいじゃマスター、おやすみ～」
03.txt.json	0	*top	527	0	稔	稔			「まいどあり」	「承蒙惠顾」	「まいどあり」
03.txt.json	0	*top	528	0					今日は客足がいまひとつだった。	今天的客流量不太理想。	今日は客足がいまひとつだった。
03.txt.json	0	*top	529	0					数自体が少ないし、上がるのも早い。\n２３時過ぎには客がいなくなってしまった。	客人本来就少，而且走得也早。\n过了23点，客人就全都走光了。	数自体が少ないし、上がるのも早い。\n２３時過ぎには客がいなくなってしまった。
03.txt.json	0	*top	530	0					んー。	嗯。	んー。
03.txt.json	0	*top	531	0					オーナーの判断につき、\n０時過ぎに客がいなければ店は閉めていいけど、	按照店主的决定，\n过了0点如果没有客人就可以关店，不过、	オーナーの判断につき、\n０時過ぎに客がいなければ店は閉めていいけど、
03.txt.json	0	*top	532	0					この時間はまだ開けておかなくちゃならない。	这个时间还不能关门。	この時間はまだ開けておかなくちゃならない。
03.txt.json	0	*top	533	0					でも客はいない。	可是又没有客人。	でも客はいない。
03.txt.json	0	*top	534	0					明確にヒマだった。	明摆着就是闲得慌。	明確にヒマだった。
03.txt.json	0	*top	535	0					ま、やることがないわけじゃない。\n適当に掃除して、食器を片付けて。	嘛，也不是完全没事可做。\n随便打扫一下，再把餐具收拾好。	ま、やることがないわけじゃない。\n適当に掃除して、食器を片付けて。
03.txt.json	0	*top	536	0					窓も拭いておくか。	窗户也顺便擦一下吧。	窓も拭いておくか。
03.txt.json	0	*top	537	0					外に出て、綺麗にしていく。	我走到外面，把它擦干净。	外に出て、綺麗にしていく。
03.txt.json	0	*top	538	0	稔	稔			「……」	「……」	「……」
03.txt.json	0	*top	539	0					自然と向かいの店の一角に目が向いた。	我的目光自然而然地落在了对面店铺的一角。	自然と向かいの店の一角に目が向いた。
03.txt.json	0	*top	540	0					レンタルビデオ屋……今日は完全に灯りが消えている。	出租录像带店……今天完全没有亮灯。	レンタルビデオ屋……今日は完全に灯りが消えている。
03.txt.json	0	*top	541	0					世の中に配信サービスというものが拡がるにあたって、\n一番ダメージを受けてるのがレンタルビデオだというが、	据说随着流媒体服务在世间普及，\n受到最大冲击的就是出租录像带行业、	世の中に配信サービスというものが拡がるにあたって、\n一番ダメージを受けてるのがレンタルビデオだというが、
03.txt.json	0	*top	542	0					例に漏れずあの店も、客がいるところは\nほとんど見たことがない。	那家店也不例外，\n我几乎从没见过里面有客人。	例に漏れずあの店も、客がいるところは\nほとんど見たことがない。
03.txt.json	0	*top	543	0					俺も１回も入ったことないし。	我也一次都没进去过。	俺も１回も入ったことないし。
03.txt.json	0	*top	544	0					ただ店のほうもバカじゃなく、生き残りの道は\nちゃんと考えているらしい。	不过那家店也不傻，似乎已经\n好好考虑过生存下去的办法。	ただ店のほうもバカじゃなく、生き残りの道は\nちゃんと考えているらしい。
03.txt.json	0	*top	545	0					看板は『レンタルビデオ』と書いてあるが、\n中は半分がゲームを売ったりオモチャを売ったり、\n中古のスマホを売ったり。	招牌上写着“出租录像带”，\n但里面有一半在卖游戏、玩具，\n还有二手手机。	看板は『レンタルビデオ』と書いてあるが、\n中は半分がゲームを売ったりオモチャを売ったり、\n中古のスマホを売ったり。
03.txt.json	0	*top	546	0					いわゆる多角経営ってやつ。	也就是所谓的多元化经营。	いわゆる多角経営ってやつ。
03.txt.json	0	*top	547	0					……泥棒に入られる要素は。	……会被小偷盯上的因素是。	……泥棒に入られる要素は。
03.txt.json	0	*top	548	0					中古スマホでも盗ろうとしたんだろうか？	难道是想偷二手手机？	中古スマホでも盗ろうとしたんだろうか？
03.txt.json	0	*top	549	0					それともなにか、もっと高いものでも……。	还是说，有什么更值钱的东西……。	それともなにか、もっと高いものでも……。
03.txt.json	0	*top	550	0	絵利	绘利	eri0031		「あれ」	「那个」	「あれ」
03.txt.json	0	*top	551	0	稔	稔			「ん？」	「嗯？」	「ん？」
03.txt.json	0	*top	552	0					なんとなくボーッと道に突っ立っていたら、\nすれちがった人が。	不知怎么呆呆地站在路上时，\n有个人从我身边经过。	なんとなくボーッと道に突っ立っていたら、\nすれちがった人が。
03.txt.json	0	*top	553	0					お隣さんだ。	是邻居。	お隣さんだ。
03.txt.json	0	*top	554	0	稔	稔			「ども」	「你好」	「ども」
03.txt.json	0	*top	555	0	絵利	绘利	eri0032		「あっ、えっ、あっ、はい」	「啊、呃、啊，嗯」	「あっ、えっ、あっ、はい」
03.txt.json	0	*top	556	0	絵利	绘利	eri0033		「どど、どもう……ウェヒヒヒ……」	「那那、那个……呜嘿嘿嘿……」	「どど、どもう……ウェヒヒヒ……」
03.txt.json	0	*top	557	0					すぐに下を向いて目をそらす。	她立刻低下头，移开视线。	すぐに下を向いて目をそらす。
03.txt.json	0	*top	558	0					珍しいところで会ったけど、態度はアパートで会うときと\nまったく変わらんな。	虽然是在这种少见的地方碰到她，但她的态度和在公寓见面时\n完全没有变化。	珍しいところで会ったけど、態度はアパートで会うときと\nまったく変わらんな。
03.txt.json	0	*top	559	0	稔	稔			「お出かけですか。ちょっと遅い時間ですけど」	「要出门吗？虽然现在已经有点晚了」	「お出かけですか。ちょっと遅い時間ですけど」
03.txt.json	0	*top	560	0	絵利	绘利	eri0034		「え、え、はい、あの、友達と待ち合わせていて」	「呃、呃，嗯，那个，我和朋友约好了见面」	「え、え、はい、あの、友達と待ち合わせていて」
03.txt.json	0	*top	561	0					友達？	朋友？	友達？
03.txt.json	0	*top	562	0					……この人に友達なんているのか？	……这人居然有朋友吗？	……この人に友達なんているのか？
03.txt.json	0	*top	563	0					とか思っちゃうのは失礼だろうか。	我这么想是不是有点失礼。	とか思っちゃうのは失礼だろうか。
03.txt.json	0	*top	564	0					あ、でもそういえば、	啊，不过说起来、	あ、でもそういえば、
03.txt.json	0	*top	565	0	秋穂	秋穗	akiho0090		「絵利さーん、こっちこっち……」	「绘利小姐——这边这边……」	「絵利さーん、こっちこっち……」
03.txt.json	0	*top	566	0	秋穂	秋穗	akiho0091		「あれ？」	「咦？」	「あれ？」
03.txt.json	0	*top	567	0	稔	稔			「よう」	「哟」	「よう」
03.txt.json	0	*top	568	0					少なくとも１人はいるんだったな。	至少还是有一个的。	少なくとも１人はいるんだったな。
03.txt.json	0	*top	569	0	秋穂	秋穗	akiho0092		「ミィ……大賀くん。どうしてここに……」	「小稔……大贺君。你怎么会在这里……」	「ミィ……大賀くん。どうしてここに……」
03.txt.json	0	*top	570	0	秋穂	秋穗	akiho0093		「……オシャレだね」	「……真时髦呢」	「……オシャレだね」
03.txt.json	0	*top	571	0					昼とはちがう、俺の服に目をやる。	她打量着我的衣服，和白天穿的不一样。	昼とはちがう、俺の服に目をやる。
03.txt.json	0	*top	572	0					こっちもバーマンだからな。\n多少は洒落た服にしている。	毕竟我也是酒吧调酒师。\n多少还是会穿得时髦一些。	こっちもバーマンだからな。\n多少は洒落た服にしている。
03.txt.json	0	*top	573	0					道端で見るにはちょっと違和感かもな。	在路边看到的话，可能会觉得有点违和。	道端で見るにはちょっと違和感かもな。
03.txt.json	0	*top	574	0	稔	稔			「仕事着だ。\nそっちは？　ナース服じゃないのか」	「工作服。\n你呢？　不是护士服吗」	「仕事着だ。\nそっちは？　ナース服じゃないのか」
03.txt.json	0	*top	575	0	秋穂	秋穗	akiho0094		「あんな格好で出歩くわけないでしょ……」	「我才不会穿成那样在外面走来走去吧……」	「あんな格好で出歩くわけないでしょ……」
03.txt.json	0	*top	576	0	秋穂	秋穗	akiho0095		「仕事着、って……えと」	「工作服……那个」	「仕事着、って……えと」
03.txt.json	0	*top	577	0	稔	稔			「……」	「……」	「……」
03.txt.json	0	*top	578	0	秋穂	秋穗	akiho0096		「……」	「……」	「……」
03.txt.json	0	*top	579	0	絵利	绘利	eri0035		「……ディヒヒ」	「……嘻嘻嘻」	「……ディヒヒ」
03.txt.json	0	*top	580	0	秋穂	秋穗	akiho0097		「バーで働いてるんだ」	「我在酒吧工作」	「バーで働いてるんだ」
03.txt.json	0	*top	581	0	稔	稔			「看護師よりはちょいとシャレた服着てるかもな」	「可能比护士服稍微时髦那么一点」	「看護師よりはちょいとシャレた服着てるかもな」
03.txt.json	0	*top	582	0					今日は昼すぎの時点で仕事前だった猫村。	今天下午过后，猫村才要开始工作。	今日は昼すぎの時点で仕事前だった猫村。
03.txt.json	0	*top	583	0					あの病院は７～１５時、１５～２３時、２３～翌７時の\n３交代制で、\n今日は１５～２３時の夜勤帯勤務だったらしい。	那家医院实行7～15点、15～23点、23点～次日7点的\n三班倒制度，\n听说她今天上的是15～23点的夜班。	あの病院は７～１５時、１５～２３時、２３～翌７時の\n３交代制で、\n今日は１５～２３時の夜勤帯勤務だったらしい。
03.txt.json	0	*top	584	0					で、仕事が終わって、友達とご飯でも、と。	然后，工作结束后，就想着和朋友一起吃个饭什么的。	で、仕事が終わって、友達とご飯でも、と。
03.txt.json	0	*top	585	0	秋穂	秋穗	akiho0098		「この辺、夜までのお店がラーメンくらいしかないから\nいつも仕事終わりはラーメンだったけど」	「这附近营业到晚上的店，除了拉面店就没别的了，\n所以我每次下班后都会去吃拉面，不过」	「この辺、夜までのお店がラーメンくらいしかないから\nいつも仕事終わりはラーメンだったけど」
03.txt.json	0	*top	586	0	秋穂	秋穗	akiho0099		「いいね、こういうお店も」	「这种店也不错嘛」	「いいね、こういうお店も」
03.txt.json	0	*top	587	0	稔	稔			「客として来た以上は歓迎するよ」	「既然你们是作为客人来的，我当然欢迎」	「客として来た以上は歓迎するよ」
03.txt.json	0	*top	588	0	稔	稔			「いらっしゃいませお客様。こちらメニューになります」	「欢迎光临，客人。这是菜单，请您过目」	「いらっしゃいませお客様。こちらメニューになります」
03.txt.json	0	*top	589	0					水とおしぼり、メニューリストを渡す。	我递上水、湿毛巾和菜单。	水とおしぼり、メニューリストを渡す。
03.txt.json	0	*top	590	0					時刻は０時ちょい過ぎ。	时间刚过零点。	時刻は０時ちょい過ぎ。
03.txt.json	0	*top	591	0					こいつらが来なきゃ帰れたのがアレだが、\n客である以上、閉店の３時までは付き合おう。	要不是这帮家伙来了，本来就能回去了，虽然这事儿挺那个的，\n但既然是客人，我就陪他们到凌晨三点打烊吧。	こいつらが来なきゃ帰れたのがアレだが、\n客である以上、閉店の３時までは付き合おう。
03.txt.json	0	*top	592	0	秋穂	秋穗	akiho0100		「ふふ、大賀くんにご飯作ってもらうなんて、変な感じ」	「呵呵，让大贺君给我做饭，总觉得有点奇怪」	「ふふ、大賀くんにご飯作ってもらうなんて、変な感じ」
03.txt.json	0	*top	593	0					なんだか浮かれてる猫村。	猫村看起来有些兴奋。	なんだか浮かれてる猫村。
03.txt.json	0	*top	594	0					まあ、こっちはいいのだが。	不过，我这边倒是无所谓。	まあ、こっちはいいのだが。
03.txt.json	0	*top	595	0	絵利	绘利	eri0036		「えと、……ディヒ、えと」	「呃，……迪希，呃」	「えと、……ディヒ、えと」
03.txt.json	0	*top	596	0					さっきから一切俺に目を合わせようとしないお隣さん。	从刚才开始，邻居就完全不肯和我对视。	さっきから一切俺に目を合わせようとしないお隣さん。
03.txt.json	0	*top	597	0					こっち……どうなんだ？	这边……到底怎么回事？	こっち……どうなんだ？
03.txt.json	0	*top	598	0					会話できそうなタイプには見えないし\n変な空気になると、今後隣人関係でギクシャクしそう。	看起来也不像是能好好聊天的类型，\n要是气氛变得奇怪，以后邻里关系恐怕会变得尴尬。	会話できそうなタイプには見えないし\n変な空気になると、今後隣人関係でギクシャクしそう。
03.txt.json	0	*top	599	0					上手い具合に関わりたくなかったのだが……。	我本来不想以一种不尴不尬的方式和她扯上关系……。	上手い具合に関わりたくなかったのだが……。
03.txt.json	0	*top	600	0	絵利	绘利	eri0037		「……」	「……」	「……」
03.txt.json	0	*top	601	0	絵利	绘利	eri0038		「ね、ねえ秋穂」	「那、那个，秋穗」	「ね、ねえ秋穂」
03.txt.json	0	*top	602	0	秋穂	秋穗	akiho0101		「はい？」	「嗯？」	「はい？」
03.txt.json	0	*top	603	0					ごにょごにょ。	小声嘀咕。	ごにょごにょ。
03.txt.json	0	*top	604	0					猫村の耳元でなにごとか話すお隣さん。	邻居在猫村耳边不知说了些什么。	猫村の耳元でなにごとか話すお隣さん。
03.txt.json	0	*top	605	0	秋穂	秋穗	akiho0102		「ええ……いや大丈夫ですよ。\n大賀くん、いい人ですよ」	「嗯……没事的。\n大贺君是个好人哦」	「ええ……いや大丈夫ですよ。\n大賀くん、いい人ですよ」
03.txt.json	0	*top	606	0	絵利	绘利	eri0039		「ほんとに？　……目が怖い」	「真的吗？……你的眼神好吓人」	「ほんとに？　……目が怖い」
03.txt.json	0	*top	607	0	秋穂	秋穗	akiho0103		「まあ目つきは昔から……あはは」	「不过你的眼神从以前起就是这样……啊哈哈」	「まあ目つきは昔から……あはは」
03.txt.json	0	*top	608	0					なに話してやがる。	到底在说些什么呢。	なに話してやがる。
03.txt.json	0	*top	609	0					でも客は客だ。	不过客人就是客人。	でも客は客だ。
03.txt.json	0	*top	610	0	稔	稔			「御用の時以外は下がっておりますので。\n用事があればお呼びください」	「没事的时候我会退到一旁。\n有事的话请叫我」	「御用の時以外は下がっておりますので。\n用事があればお呼びください」
03.txt.json	0	*top	611	0	絵利	绘利	eri0040		「あ……」	「啊……」	「あ……」
03.txt.json	0	*top	612	0					敬って接してやる。	那就恭敬地接待她吧。	敬って接してやる。
03.txt.json	0	*top	613	0					こっちも店の代表だからな。\nお客様は神さまとは行かずとも、礼儀くらいは……。	毕竟我也是店里的代表。\n虽说还不至于把客人当神供着，但起码的礼貌还是要有的……。	こっちも店の代表だからな。\nお客様は神さまとは行かずとも、礼儀くらいは……。
03.txt.json	0	*top	614	0	絵利	绘利	eri0041		「……」	「……」	「……」
03.txt.json	0	*top	615	0	絵利	绘利	eri0042		「あっは！　なんだそうなん？\nんーわかった。ああ注文するから来て」	「啊哈！什么，原来是这样？\n嗯——知道了。啊，我要点单，过来吧」	「あっは！　なんだそうなん？\nんーわかった。ああ注文するから来て」
03.txt.json	0	*top	616	0					急にどうした。	怎么突然这样。	急にどうした。
03.txt.json	0	*top	617	0	絵利	绘利	eri0043		「てかアレじゃん。秋穂と同い年ってことは、年下じゃん」	「话说回来，你这不就是那个嘛。既然和秋穗同岁，那不就是比我小吗」	「てかアレじゃん。秋穂と同い年ってことは、年下じゃん」
03.txt.json	0	*top	618	0	絵利	绘利	eri0044		「あんだよお隣くん。年下かよ～。ビビらせんなよな～」	「哎呀，这不是邻居小哥嘛。原来比我小啊～。别吓我嘛～」	「あんだよお隣くん。年下かよ～。ビビらせんなよな～」
03.txt.json	0	*top	619	0	稔	稔			「なんだこいつ」	「这家伙什么情况」	「なんだこいつ」
03.txt.json	0	*top	620	0	秋穂	秋穗	akiho0104		「絵利さんは上から行ける相手にはフランクなんだ。\nそれ以外が相手だとまともに会話できないけど」	「绘利姐对那些能让她摆出高高在上态度的人倒是挺随便的。\n但面对其他人就没法正常交流了」	「絵利さんは上から行ける相手にはフランクなんだ。\nそれ以外が相手だとまともに会話できないけど」
03.txt.json	0	*top	621	0	絵利	绘利	eri0045		「店員相手にはマウントとっていい。\nマウントとれる相手なら緊張しない」	「对店员就该摆摆架子。\n只要是能让我占上风的对象，我就不会紧张」	「店員相手にはマウントとっていい。\nマウントとれる相手なら緊張しない」
03.txt.json	0	*top	622	0	絵利	绘利	eri0046		「ビール頼むわ店長。\nねえビールのつぎ方知ってる～？　あたしうるさいよ～？」	「给我来杯啤酒，店长。\n喂，你知道啤酒该怎么倒吗～？我可是很挑剔的哦～？」	「ビール頼むわ店長。\nねえビールのつぎ方知ってる～？　あたしうるさいよ～？」
03.txt.json	0	*top	623	0					急速にウザい。	烦人程度直线上升。	急速にウザい。
03.txt.json	0	*top	624	0					ま、多少の迷惑客は慣れてるけどさ。	嘛，我多少也习惯应付麻烦客人了。	ま、多少の迷惑客は慣れてるけどさ。
03.txt.json	0	*top	625	0	稔	稔			「ビールですね。そちらのお客様は？」	「啤酒是吧。那位客人要点什么？」	「ビールですね。そちらのお客様は？」
03.txt.json	0	*top	626	0	秋穂	秋穗	akiho0105		「あ、はい。じゃあえと」	「啊，好的。那我呃」	「あ、はい。じゃあえと」
03.txt.json	0	*top	627	0	秋穂	秋穗	akiho0106		「う、ウーロン茶？」	「呜、乌龙茶？」	「う、ウーロン茶？」
03.txt.json	0	*top	628	0	稔	稔			「酒頼まねーのかよ」	「你不点酒啊」	「酒頼まねーのかよ」
03.txt.json	0	*top	629	0	秋穂	秋穗	akiho0107		「えう、だって……恥ずかしいよ。\n知り合いの前で酔っ払っちゃったら困る」	「呃、因为……很难为情嘛。\n要是在熟人面前喝醉了就不好了」	「えう、だって……恥ずかしいよ。\n知り合いの前で酔っ払っちゃったら困る」
03.txt.json	0	*top	630	0					女心が働いたか。	是女孩子的矜持起作用了吗。	女心が働いたか。
03.txt.json	0	*top	631	0					まあそれもいい。	嘛，这样也好。	まあそれもいい。
03.txt.json	0	*top	632	0	稔	稔			「ウーロン茶で、かしこまりました。\nなにか召し上がっていかれますか？」	「乌龙茶，好的。\n还要吃点什么吗？」	「ウーロン茶で、かしこまりました。\nなにか召し上がっていかれますか？」
03.txt.json	0	*top	633	0	絵利	绘利	eri0047		「たのまあ」	「那就拜托啦」	「たのまあ」
03.txt.json	0	*top	634	0	秋穂	秋穗	akiho0108		「わたしも、ちょっとお腹空いてる」	「我也有点饿了」	「わたしも、ちょっとお腹空いてる」
03.txt.json	0	*top	635	0	稔	稔			「かしこまりました」	「好的」	「かしこまりました」
03.txt.json	0	*top	636	0					今日はまだ自慢のローストビーフが残ってる。	今天还剩下招牌烤牛肉。	今日はまだ自慢のローストビーフが残ってる。
03.txt.json	0	*top	637	0					捨てるのももったいないし、ちょうどいいだろう。\nドリンクは先に用意して、	扔掉也太浪费了，正好拿来招待她们吧。\n先把饮料准备好、	捨てるのももったいないし、ちょうどいいだろう。\nドリンクは先に用意して、
03.txt.json	0	*top	638	0	稔	稔			「オードブルになります」	「这是前菜拼盘」	「オードブルになります」
03.txt.json	0	*top	639	0					大きなお皿に花形に並べたレタスの上に、\nローストビーフ、ハム、チーズ、オリーブを並べ。\n一口サイズのフォカッチャと一緒にだした。	将烤牛肉、火腿、奶酪和橄榄摆放在铺于大盘中、呈花朵形状的生菜上。\n再配上一口大小的佛卡夏一起端了出来。	大きなお皿に花形に並べたレタスの上に、\nローストビーフ、ハム、チーズ、オリーブを並べ。\n一口サイズのフォカッチャと一緒にだした。
03.txt.json	0	*top	640	0	絵利	绘利	eri0048		「おおお～」	「哦哦哦～」	「おおお～」
03.txt.json	0	*top	641	0	秋穂	秋穗	akiho0109		「わあ……」	「哇……」	「わあ……」
03.txt.json	0	*top	642	0	絵利	绘利	eri0049		「すっげ、うまそ、マジかよ」	「好厉害，看起来超好吃，真的假的」	「すっげ、うまそ、マジかよ」
03.txt.json	0	*top	643	0					反応は上々だった。	大家的反响都很不错。	反応は上々だった。
03.txt.json	0	*top	644	0	秋穂	秋穗	akiho0110		「み……大賀くん、料理できたんだ」	「稔……大贺君，原来你会做饭啊」	「み……大賀くん、料理できたんだ」
03.txt.json	0	*top	645	0	稔	稔			「このくらいは料理なんてもんじゃないよ。\n並べ方をオシャレにしただけ」	「这种程度还算不上做饭。\n只是把摆盘弄得时髦一点而已」	「このくらいは料理なんてもんじゃないよ。\n並べ方をオシャレにしただけ」
03.txt.json	0	*top	646	0	秋穂	秋穗	akiho0111		「はえ～……」	「好厉害～……」	「はえ～……」
03.txt.json	0	*top	647	0	秋穂	秋穗	akiho0112		「あ、でもそっか。\n美世姉もすっごい料理上手だったもんね」	「啊，不过这么一说也是。\n美世姐做饭也特别好吃嘛」	「あ、でもそっか。\n美世姉もすっごい料理上手だったもんね」
03.txt.json	0	*top	648	0	稔	稔			「俺は姉さんほどじゃない」	「我可比不上姐姐」	「俺は姉さんほどじゃない」
03.txt.json	0	*top	649	0	秋穂	秋穗	akiho0113		「見た感じは負けてないよ」	「光看外表可一点都不输哦」	「見た感じは負けてないよ」
03.txt.json	0	*top	650	0	絵利	绘利	eri0050		「いたーきまーす、んめ～」	「我开动啦，嗯～好吃～」	「いたーきまーす、んめ～」
03.txt.json	0	*top	651	0	絵利	绘利	eri0051		「ぐびぐびぐびび……おいマスター、ビールおかわり！」	「咕嘟咕嘟咕嘟……喂，老板，再来一杯啤酒！」	「ぐびぐびぐびび……おいマスター、ビールおかわり！」
03.txt.json	0	*top	652	0	稔	稔			「かしこまりました」	「好的」	「かしこまりました」
03.txt.json	0	*top	653	0	稔	稔			「ついでに、カクテルなどいかがでしょう。\nこちらのお料理にあうカクテルをご用意しましょうか」	「顺便要不要来杯鸡尾酒？\n要不要我给你准备一杯适合搭配这些料理的鸡尾酒」	「ついでに、カクテルなどいかがでしょう。\nこちらのお料理にあうカクテルをご用意しましょうか」
03.txt.json	0	*top	654	0	絵利	绘利	eri0052		「いーねー、頼むわ」	「不错啊，拜托了」	「いーねー、頼むわ」
03.txt.json	0	*top	655	0	稔	稔			「かしこまりました」	「好的」	「かしこまりました」
03.txt.json	0	*top	656	0	稔	稔			「くっくっく、ビールは２杯も行くとそれ以上は飲めないって\nヤツが増えてるくるからな。まだ１杯しか飲んでない\nタイミングでカクテルも注文とれば１杯分多く儲かる」	「呵呵呵，喝到第二杯啤酒后，\n就会有越来越多的人喝不下更多了。趁他还只喝了一杯、\n正是时候再点鸡尾酒的话，就能多赚一杯的钱」	「くっくっく、ビールは２杯も行くとそれ以上は飲めないって\nヤツが増えてるくるからな。まだ１杯しか飲んでない\nタイミングでカクテルも注文とれば１杯分多く儲かる」
03.txt.json	0	*top	657	0	秋穂	秋穗	akiho0114		「料理上手は姉弟共通だけど、\n姉に比べて若干邪悪だね弟のほうは」	「姐弟俩都很会做饭，不过和姐姐相比，\n弟弟这边稍微有点邪恶呢」	「料理上手は姉弟共通だけど、\n姉に比べて若干邪悪だね弟のほうは」
03.txt.json	0	*top	658	0	稔	稔			「猫村はどうする？　ノンアルで何か作るか？」	「猫村呢？要不要给你做点无酒精饮料？」	「猫村はどうする？　ノンアルで何か作るか？」
03.txt.json	0	*top	659	0	秋穂	秋穗	akiho0115		「ん、うーん……そうだなあ」	「嗯，唔……是啊」	「ん、うーん……そうだなあ」
03.txt.json	0	*top	660	0					ちょっと迷ってるが、華々しい料理に\nウーロン茶では味気ないと思ったんだろう。	他似乎有些犹豫，但大概是觉得如此华丽的料理\n配乌龙茶未免太没情调了。	ちょっと迷ってるが、華々しい料理に\nウーロン茶では味気ないと思ったんだろう。
03.txt.json	0	*top	661	0	秋穂	秋穗	akiho0116		「じゃあ……おまかせで」	「那就……你看着办吧」	「じゃあ……おまかせで」
03.txt.json	0	*top	662	0	稔	稔			「かしこまりました。\n店で一番の目んたま飛び出るほど高い\nカクテルをお持ちいたします」	「明白了。\n我这就为您端上本店最贵、\n贵到让人眼珠子都要掉出来的鸡尾酒」	「かしこまりました。\n店で一番の目んたま飛び出るほど高い\nカクテルをお持ちいたします」
03.txt.json	0	*top	663	0	秋穂	秋穗	akiho0117		「おーい」	「喂」	「おーい」
03.txt.json	0	*top	664	0	稔	稔			「冗談だよ」	「开玩笑的啦」	「冗談だよ」
03.txt.json	0	*top	665	0					もう０時すぎ。こいつらは今日最後の客だろう。	已经过零点了。这些人应该是今天最后的客人了。	もう０時すぎ。こいつらは今日最後の客だろう。
03.txt.json	0	*top	666	0					知り合いだし、お手軽な範囲でいいもの作ってやろう。	毕竟是熟人，就在力所能及的范围内给他们做点好东西吧。	知り合いだし、お手軽な範囲でいいもの作ってやろう。
03.txt.json	0	*top	667	0					・・・・・	……	・・・・・
03.txt.json	0	*top	668	0	秋穂	秋穗	akiho0118		「わあ」	「哇」	「わあ」
03.txt.json	0	*top	669	0	絵利	绘利	eri0053		「ほー」	「哦」	「ほー」
03.txt.json	0	*top	670	0					余ってたフルーツを使って、猫村にはトロピカルジュース、\nお隣さんにはグレープメインのカクテルを出す。	我用剩下的水果，给猫村端上热带果汁，给隔壁邻居端上以葡萄为主的鸡尾酒。	余ってたフルーツを使って、猫村にはトロピカルジュース、\nお隣さんにはグレープメインのカクテルを出す。
03.txt.json	0	*top	671	0	絵利	绘利	eri0054		「あ～、いいねここ。いい店みつけたね」	「啊～这里不错嘛。你找到了家好店呢」	「あ～、いいねここ。いい店みつけたね」
03.txt.json	0	*top	672	0	秋穂	秋穗	akiho0119		「ラーメンよりいいかもですね～」	「感觉比拉面还好呢～」	「ラーメンよりいいかもですね～」
03.txt.json	0	*top	673	0					どちらも満足してくれたようだ。	看来两个人都很满意。	どちらも満足してくれたようだ。
03.txt.json	0	*top	674	0	稔	稔			「ふぅ」	「呼」	「ふぅ」
03.txt.json	0	*top	675	0					時刻は１時少し前。	时间已接近凌晨一点。	時刻は１時少し前。
03.txt.json	0	*top	676	0					こりゃ２時まで行くな。	这下要到两点了。	こりゃ２時まで行くな。
03.txt.json	0	*top	677	0					ま、たまにはラストオーダーまでちゃんと働くのもいいさ。	算了，偶尔认真工作到最后点单时间也不错。	ま、たまにはラストオーダーまでちゃんと働くのもいいさ。
03.txt.json	0	*top	678	0	秋穂	秋穗	akiho0120		「大賀くんもちゃんと働いてたんだねえ」	「没想到大贺君也有好好工作的时候啊」	「大賀くんもちゃんと働いてたんだねえ」
03.txt.json	0	*top	679	0	稔	稔			「どういう意味だ失礼な」	「你这话是什么意思，真没礼貌」	「どういう意味だ失礼な」
03.txt.json	0	*top	680	0	秋穂	秋穗	akiho0121		「ふふ、ごめんごめん」	「呵呵，对不起对不起」	「ふふ、ごめんごめん」
03.txt.json	0	*top	681	0	秋穂	秋穗	akiho0122		「このまえ偶然会って、いま何してるんだろうって\n思ったけど、小学生のときから考えると\nどんな仕事についたか想像できなくて」	「之前偶然见到你，我就在想你现在到底在做什么，\n可从小学时候算起，实在想象不出你会从事什么工作」	「このまえ偶然会って、いま何してるんだろうって\n思ったけど、小学生のときから考えると\nどんな仕事についたか想像できなくて」
03.txt.json	0	*top	682	0					気分がまったりしてるんだろう。\nアルコール抜きでも口が軽くなってる猫村。	大概是心情放松下来了吧。\n就算没喝酒，猫村的话也变多了。	気分がまったりしてるんだろう。\nアルコール抜きでも口が軽くなってる猫村。
03.txt.json	0	*top	683	0					女２人に入り込むのもアレだが、\nこういうとき、話の流れを遮らないのはバーテンの仕事だ。	虽然插进两个女人之间有点不太合适，但\n这种时候，不打断谈话进程可是酒吧老板的职责。	女２人に入り込むのもアレだが、\nこういうとき、話の流れを遮らないのはバーテンの仕事だ。
03.txt.json	0	*top	684	0	稔	稔			「大病院の看護師ほどちゃんとした仕事かは知らないけどな」	「我可不知道这算不算比大医院的护士更像一份正经工作」	「大病院の看護師ほどちゃんとした仕事かは知らないけどな」
03.txt.json	0	*top	685	0	秋穂	秋穗	akiho0123		「ふふ、わたしはただの雇われだよ」	「呵呵，我只是个受雇于人的普通员工啦」	「ふふ、わたしはただの雇われだよ」
03.txt.json	0	*top	686	0	絵利	绘利	eri0055		「いやあ天の川総合病院の看護師って強いでしょ。\nここらじゃ一番デカい病院だし」	「哎呀，天之川综合医院的护士，听起来就很厉害吧。\n毕竟是这一带最大的医院」	「いやあ天の川総合病院の看護師って強いでしょ。\nここらじゃ一番デカい病院だし」
03.txt.json	0	*top	687	0	稔	稔			「何年か前に経営者が不祥事起こしたそうだけど、\nいまも平気で通常営業してるしな」	「听说几年前经营者还闹出过丑闻，\n现在不也照样正常营业嘛」	「何年か前に経営者が不祥事起こしたそうだけど、\nいまも平気で通常営業してるしな」
03.txt.json	0	*top	688	0	秋穂	秋穗	akiho0124		「あはは、一介の看護師には関係する話じゃないから」	「啊哈哈，这种事和一个普通护士没关系啦」	「あはは、一介の看護師には関係する話じゃないから」
03.txt.json	0	*top	689	0					恐縮してる猫村。	猫村一脸惶恐。	恐縮してる猫村。
03.txt.json	0	*top	690	0					自分の話をされるのが苦手なのは相変わらずか。	她还是一如既往地不擅长谈论自己的事啊。	自分の話をされるのが苦手なのは相変わらずか。
03.txt.json	0	*top	691	0					とすると……。	这样一来……。	とすると……。
03.txt.json	0	*top	692	0					ちらっともう片方を見た。	我瞥了一眼另一个人。	ちらっともう片方を見た。
03.txt.json	0	*top	693	0	絵利	绘利	eri0056		「ん？　ん？　んー？\nなになに、あたしの仕事も聞きたい？　聞きたい感じ？」	「嗯？嗯？嗯——？\n怎么啦怎么啦，想知道我的工作？想知道的感觉？」	「ん？　ん？　んー？\nなになに、あたしの仕事も聞きたい？　聞きたい感じ？」
03.txt.json	0	*top	694	0	稔	稔			「いえ、別に仕事がどうのではなく」	「不，我不是在问工作什么的」	「いえ、別に仕事がどうのではなく」
03.txt.json	0	*top	695	0					猫村が苦手だから、話題の焦点を移したかっただけだぞ。	只是因为不太擅长应付猫村，所以想把话题的焦点转移开而已。	猫村が苦手だから、話題の焦点を移したかっただけだぞ。
03.txt.json	0	*top	696	0	絵利	绘利	eri0057		「いやー、んー、でもどうしよっかな～。\nあたしもねえ～うん、守秘義務。守秘義務がねえ～」	「哎呀——嗯——不过该怎么办呢～。\n我呢～嗯，保密义务。是有保密义务的啦～」	「いやー、んー、でもどうしよっかな～。\nあたしもねえ～うん、守秘義務。守秘義務がねえ～」
03.txt.json	0	*top	697	0	絵利	绘利	eri0058		「ああでも、お隣さん。お隣さんは気になるかも。\n気になるかもな～あたしの職業～」	「啊，不过邻居先生。邻居先生可能会感兴趣吧。\n可能会想知道呢～我的职业～」	「ああでも、お隣さん。お隣さんは気になるかも。\n気になるかもな～あたしの職業～」
03.txt.json	0	*top	698	0					？	？	？
03.txt.json	0	*top	699	0	稔	稔			「あの、守秘事項でしたら聞く必要は」	「那个，如果是保密事项的话，就没必要问了」	「あの、守秘事項でしたら聞く必要は」
03.txt.json	0	*top	700	0	絵利	绘利	eri0059		「ああ～教えちゃおっかな！\n教えちゃおっかな！　仕方ないな～」	「啊啊～要不要告诉你呢！\n要不要告诉你呢！真拿你没办法～」	「ああ～教えちゃおっかな！\n教えちゃおっかな！　仕方ないな～」
03.txt.json	0	*top	701	0					すっげえ言いたそう。	看起来简直迫不及待地想说。	すっげえ言いたそう。
03.txt.json	0	*top	702	0					守秘義務がある仕事なんじゃないのか？\nなら正直聞きたくないぞ。	这不是一份有保密义务的工作吗？\n那我还真不想知道。	守秘義務がある仕事なんじゃないのか？\nなら正直聞きたくないぞ。
03.txt.json	0	*top	703	0	秋穂	秋穗	akiho0125		「絵利さん、いいんですか？」	「绘利小姐，这样真的好吗？」	「絵利さん、いいんですか？」
03.txt.json	0	*top	704	0	絵利	绘利	eri0060		「んっふふふふ、昨日も言ったでしょ。\nこの人あたしの動画見てたんだよ。たぶんファン。\n教えて上げたらクッソ喜ぶよきっと」	「嗯哼哼哼哼，昨天不是也说过了吗。\n这个人看过我的视频哦。大概是粉丝。\n告诉他的话，他肯定会高兴得不得了」	「んっふふふふ、昨日も言ったでしょ。\nこの人あたしの動画見てたんだよ。たぶんファン。\n教えて上げたらクッソ喜ぶよきっと」
03.txt.json	0	*top	705	0					は？	哈？	は？
03.txt.json	0	*top	706	0					よく分からんが、お隣さんは、もう結構酔ってるらしい。\n気分よさそうに。	虽然不太明白是怎么回事，但邻居小姐好像已经醉得不轻了。\n看起来心情特别好。	よく分からんが、お隣さんは、もう結構酔ってるらしい。\n気分よさそうに。
03.txt.json	0	*top	707	0	絵利	绘利	eri0061		「えー、こほん」	「呃——咳咳」	「えー、こほん」
03.txt.json	0	*top	708	0	絵利	绘利	eri0062		「こんにちＣＨＡＣＨＡＣＨＡ～♪　はじめましてです～」	「你好ＣＨＡＣＨＡＣＨＡ～♪　初次见面～」	「こんにちＣＨＡＣＨＡＣＨＡ～♪　はじめましてです～」
03.txt.json	0	*top	709	0	稔	稔			「……」	「……」	「……」
03.txt.json	0	*top	710	0	絵利	绘利	eri0063		「あれ？」	「咦？」	「あれ？」
03.txt.json	0	*top	711	0	稔	稔			「どうされました？」	「您这是怎么了？」	「どうされました？」
03.txt.json	0	*top	712	0					突然なんだよ。酒で頭バグったか？	突然搞什么啊。喝酒把脑子喝坏了？	突然なんだよ。酒で頭バグったか？
03.txt.json	0	*top	713	0	絵利	绘利	eri0064		「こ、こんにちＣＨＡＣＨＡＣＨＡ～。\nあなたと今日もあつあつティータイム。ぴーっ！\n南部ちゃちゃちゃです～」	「你、你好ＣＨＡＣＨＡＣＨＡ～。\n今天也和你一起享受热乎乎的下午茶时光。哔——！\n我是南部ちゃちゃちゃ～」	「こ、こんにちＣＨＡＣＨＡＣＨＡ～。\nあなたと今日もあつあつティータイム。ぴーっ！\n南部ちゃちゃちゃです～」
03.txt.json	0	*top	714	0	稔	稔			「……」	「……」	「……」
03.txt.json	0	*top	715	0	稔	稔			「猫村、この人ちょっと怖いんだけど」	「猫村，这个人有点吓人」	「猫村、この人ちょっと怖いんだけど」
03.txt.json	0	*top	716	0	秋穂	秋穗	akiho0126		「だ、大丈夫大丈夫。酔いが醒めれば今よりはまともだから」	「没、没事没事。等她酒醒之后，就会比现在正常多了」	「だ、大丈夫大丈夫。酔いが醒めれば今よりはまともだから」
03.txt.json	0	*top	717	0	絵利	绘利	eri0065		「あれ？　あれ？」	「咦？　咦？」	「あれ？　あれ？」
03.txt.json	0	*top	718	0	絵利	绘利	eri0066		「あの、南部ちゃちゃちゃですけど」	「那个，我是南部ちゃちゃちゃ」	「あの、南部ちゃちゃちゃですけど」
03.txt.json	0	*top	719	0	稔	稔			「はあ……ん？　白井さんでは？」	「唉……嗯？　您不是白井小姐吗？」	「はあ……ん？　白井さんでは？」
03.txt.json	0	*top	720	0					郵便入れでいつも見るお隣さんの苗字は\n白井のはずだ。	我平时在邮箱上看到的邻居姓氏，\n应该是白井才对。	郵便入れでいつも見るお隣さんの苗字は\n白井のはずだ。
03.txt.json	0	*top	721	0	秋穂	秋穗	akiho0127		「えっと、話を整理するね」	「那个，我来理一下思路」	「えっと、話を整理するね」
03.txt.json	0	*top	722	0	秋穂	秋穗	akiho0128		「大賀くん、昨日Ｖつーばーの動画見てた？」	「大贺君，你昨天看了V主播的视频？」	「大賀くん、昨日Ｖつーばーの動画見てた？」
03.txt.json	0	*top	723	0	稔	稔			「ん。あー」	「嗯。啊」	「ん。あー」
03.txt.json	0	*top	724	0					Ｖつーばー。	V主播。	Ｖつーばー。
03.txt.json	0	*top	725	0					俺は見てないが、プーカが見てた。	我没看，不过普卡看了。	俺は見てないが、プーカが見てた。
03.txt.json	0	*top	726	0	稔	稔			「つべのお勧めで、流れてた記憶はあるよ。\n見たってほど内容は記憶にないけど」	「我记得是在YouTube的推荐视频里刷到过。\n不过也没记住内容，谈不上看过就是了」	「つべのお勧めで、流れてた記憶はあるよ。\n見たってほど内容は記憶にないけど」
03.txt.json	0	*top	727	0	秋穂	秋穗	akiho0129		「あらら～」	「哎呀～」	「あらら～」
03.txt.json	0	*top	728	0	秋穂	秋穗	akiho0130		「だ、そうです絵利さん」	「据说是这样，绘利小姐」	「だ、そうです絵利さん」
03.txt.json	0	*top	729	0	絵利	绘利	eri0067		「……」	「……」	「……」
03.txt.json	0	*top	730	0					固まってしまう白井さん。	白井小姐僵住了。	固まってしまう白井さん。
03.txt.json	0	*top	731	0					あれ？	咦？	あれ？
03.txt.json	0	*top	732	0					でもよーく思い出すと、さっきの声、	不过仔细回想一下，刚才那个声音、	でもよーく思い出すと、さっきの声、
03.txt.json	0	*top	733	0	稔	稔			「この人、Ｖつーばーの中身なのか」	「这个人就是V主播背后的真人吗」	「この人、Ｖつーばーの中身なのか」
03.txt.json	0	*top	734	0	秋穂	秋穗	akiho0131		「んと……あはは」	「嗯……啊哈哈」	「んと……あはは」
03.txt.json	0	*top	735	0					正解のようだ。苦笑する猫村。	看来猜对了。猫村苦笑着。	正解のようだ。苦笑する猫村。
03.txt.json	0	*top	736	0	秋穂	秋穗	akiho0132		「これ、他の人の前では言わないでね。\n中に人なんていない。ってなってるから」	「这件事别在其他人面前说哦。\n因为大家都认为里面根本没有真人」	「これ、他の人の前では言わないでね。\n中に人なんていない。ってなってるから」
03.txt.json	0	*top	737	0	秋穂	秋穗	akiho0133		「でも昨日、お隣の、大賀くんの部屋から\n自分の配信の声が流れてきたとかで。\n絵利さん昨日からずっと浮かれてたんだ」	「不过昨天，她好像听说自己的直播声音\n从隔壁大贺君的房间里传了出来。\n所以绘利小姐从昨天开始就一直兴奋得不得了」	「でも昨日、お隣の、大賀くんの部屋から\n自分の配信の声が流れてきたとかで。\n絵利さん昨日からずっと浮かれてたんだ」
03.txt.json	0	*top	738	0	稔	稔			「ああ……なるほど」	「啊……原来如此」	「ああ……なるほど」
03.txt.json	0	*top	739	0					昨日、俺の部屋で動画を流してたのは事実だ。	昨天我确实在自己的房间里播放了视频。	昨日、俺の部屋で動画を流してたのは事実だ。
03.txt.json	0	*top	740	0					で、彼女はソレを知って、\n『お隣さん（つまり俺）が自分の動画を見てる』ってので\nテンションあがってたらしい。	然后她知道了这件事，\n听说『隔壁邻居（也就是我）在看自己的视频』，\n所以才会那么兴奋。	で、彼女はソレを知って、\n『お隣さん（つまり俺）が自分の動画を見てる』ってので\nテンションあがってたらしい。
03.txt.json	0	*top	741	0					それは申し訳ないことをした。	这可真是对不起她了。	それは申し訳ないことをした。
03.txt.json	0	*top	742	0	稔	稔			「すいません。えと、スライムで遊んでたのは\n記憶にあるんですけど」	「对不起。呃，我记得自己在玩史莱姆，\n但其他的就不记得了」	「すいません。えと、スライムで遊んでたのは\n記憶にあるんですけど」
03.txt.json	0	*top	743	0	秋穂	秋穗	akiho0134		「おきまりの挨拶とか覚えてない？\nこんにちＣＨＡＣＨＡＣＨＡ～、でしたっけ」	「你不记得固定的问候语吗？\n好像是‘你好CHA CHA CHA～’，对吧」	「おきまりの挨拶とか覚えてない？\nこんにちＣＨＡＣＨＡＣＨＡ～、でしたっけ」
03.txt.json	0	*top	744	0	稔	稔			「その辺は全然記憶にないわ。まともに見てないから」	「那部分完全不记得。我根本没好好看」	「その辺は全然記憶にないわ。まともに見てないから」
03.txt.json	0	*top	745	0	絵利	绘利	eri0068		「……」	「……」	「……」
03.txt.json	0	*top	746	0	絵利	绘利	eri0069		「……ふー」	「……呼」	「……ふー」
03.txt.json	0	*top	747	0	絵利	绘利	eri0070		「見れやァ！！！！！」	「你倒是给我看啊！！！！！」	「見れやァ！！！！！」
03.txt.json	0	*top	748	0					急にキレた。	她突然发火了。	急にキレた。
03.txt.json	0	*top	749	0	絵利	绘利	eri0071		「見れや！　ちゃんと見れ人の配信！」	「快看啊！好好看看别人的直播！」	「見れや！　ちゃんと見れ人の配信！」
03.txt.json	0	*top	750	0	絵利	绘利	eri0072		「全部記憶しろとは言わんがお決まりの挨拶くらい\n覚えろ！！！！！\nそして笑顔になれ！　本人にやってもらって喜べ！」	"「我也没说让你全部记住，至少把惯用的问候语给我记住啊！！！！！
然后给我笑起来！让本人来做，你就该高兴啊！」"	「全部記憶しろとは言わんがお決まりの挨拶くらい\n覚えろ！！！！！\nそして笑顔になれ！　本人にやってもらって喜べ！」
03.txt.json	0	*top	751	0	絵利	绘利	eri0073		「ぐあああああああゆるせねーーーーーー！\n身バレの危機だと思ったのに！\n半分ドキドキ半分ワクワクしてたのにーーーー！」	"「呜啊啊啊啊啊啊啊啊不可原谅——————！
我还以为要暴露身份了！
明明一半心怦怦跳，一半又兴奋期待着！」"	「ぐあああああああゆるせねーーーーーー！\n身バレの危機だと思ったのに！\n半分ドキドキ半分ワクワクしてたのにーーーー！」
03.txt.json	0	*top	752	0	絵利	绘利	eri0074		「なんだかんだリアルな視聴者に会うの初めてだったのに。\nああ～あたしも広まってきたな～って思ってたのに\n昨日から２４時間テンションあがってたのに～」	"「说到底，这还是我第一次见到现实中的观众呢。
我还想着，啊～看来我也渐渐出名了呢～
从昨天开始整整二十四小时都兴奋得不得了～」"	「なんだかんだリアルな視聴者に会うの初めてだったのに。\nああ～あたしも広まってきたな～って思ってたのに\n昨日から２４時間テンションあがってたのに～」
03.txt.json	0	*top	753	0	絵利	绘利	eri0075		「なんで見てねーんだよてめぇーーーーーー！」	「你这混蛋为什么没看啊！」	「なんで見てねーんだよてめぇーーーーーー！」
03.txt.json	0	*top	754	0	稔	稔			「も、申し訳ありません」	「对、对不起」	「も、申し訳ありません」
03.txt.json	0	*top	755	0	絵利	绘利	eri0076		「くあぁあああああたしのドキドキ返せえええ！」	「呜啊啊啊啊啊还我的心动啊啊啊！」	「くあぁあああああたしのドキドキ返せえええ！」
03.txt.json	0	*top	756	0	稔	稔			「猫村、やっぱ怖いぞこの人、警察呼んでいい？」	「猫村，这个人果然很可怕，我可以叫警察吗？」	「猫村、やっぱ怖いぞこの人、警察呼んでいい？」
03.txt.json	0	*top	757	0	秋穂	秋穗	akiho0135		「まあまあ」	「好啦好啦」	「まあまあ」
03.txt.json	0	*top	758	0	絵利	绘利	eri0077		「う～！」	「呜～！」	「う～！」
03.txt.json	0	*top	759	0	絵利	绘利	eri0078		「いまからでも見ろ！\n見て、虜になれあたしに！　この可愛さに！」	"「现在开始看也行！
看完后就成为我的俘虏吧！成为我这份可爱的俘虏！」"	「いまからでも見ろ！\n見て、虜になれあたしに！　この可愛さに！」
03.txt.json	0	*top	760	0	稔	稔			「は、はあ」	「啊、啊」	「は、はあ」
03.txt.json	0	*top	761	0					よく分からんが、キレた酔っ払いに逆らうのは危険だ。	虽然搞不太懂，但违抗正在发火的醉鬼很危险。	よく分からんが、キレた酔っ払いに逆らうのは危険だ。
03.txt.json	0	*top	762	0					スマホでつべを開く。	我用手机打开了油管。	スマホでつべを開く。
03.txt.json	0	*top	763	0					昨日見たのは事実なので、つべのメインページに\n例のサイケデリックな髪色のキャラがいくつか出ていた。	因为昨天确实看过，油管主页上已经出现了几个那个 psychedelic 发色角色的视频。	昨日見たのは事実なので、つべのメインページに\n例のサイケデリックな髪色のキャラがいくつか出ていた。
03.txt.json	0	*top	764	0	稔	稔			「もうおすすめが汚染されてる……」	「推荐内容已经被污染了……」	「もうおすすめが汚染されてる……」
03.txt.json	0	*top	765	0	絵利	绘利	eri0079		「汚染！？」	「污染！？」	「汚染！？」
03.txt.json	0	*top	766	0					俺の好きな動画系列が下の方に表示されるの、\nなんとなーく嫌だ。	我喜欢的视频类型被显示在下面，总觉得有点讨厌。	俺の好きな動画系列が下の方に表示されるの、\nなんとなーく嫌だ。
03.txt.json	0	*top	767	0	秋穂	秋穗	akiho0136		「大賀くんって普段はどんなの見るの？」	「大贺君平时都看些什么？」	「大賀くんって普段はどんなの見るの？」
03.txt.json	0	*top	768	0	稔	稔			「んー？　料理系がほとんどかな。\nあとゆっくり解説とか」	"「嗯？料理类的居多吧。
还有慢速解说之类的」"	「んー？　料理系がほとんどかな。\nあとゆっくり解説とか」
03.txt.json	0	*top	769	0	秋穂	秋穗	akiho0137		「あは、やっぱり料理好きなんだ」	「啊哈，果然喜欢做饭啊」	「あは、やっぱり料理好きなんだ」
03.txt.json	0	*top	770	0	稔	稔			「つい答えちまった……。\nあとでお前のおすすめ欄も見せろよ」	「我不小心回答了……。\n待会儿也让我看看你的推荐栏」	「つい答えちまった……。\nあとでお前のおすすめ欄も見せろよ」
03.txt.json	0	*top	771	0	秋穂	秋穗	akiho0138		「ええ～……恥ずかしい」	「诶～……好羞耻」	「ええ～……恥ずかしい」
03.txt.json	0	*top	772	0	稔	稔			「いま口で教えれば見るのは勘弁してやるけど」	「现在只要你亲口告诉我，我就放过你，不看了」	「いま口で教えれば見るのは勘弁してやるけど」
03.txt.json	0	*top	773	0	秋穂	秋穗	akiho0139		「じゃあえと、ヨガとか、最近はヒップアップの……」	「那就，比如说瑜伽，还有最近的提臀……」	「じゃあえと、ヨガとか、最近はヒップアップの……」
03.txt.json	0	*top	774	0	絵利	绘利	eri0080		「ＤＯ・ＤＥＭＯ・Ａ・Ｙ！！！！！！」	「ＤＯ・ＤＥＭＯ・Ａ・Ｙ！！！！！！」	「ＤＯ・ＤＥＭＯ・Ａ・Ｙ！！！！！！」
03.txt.json	0	*top	775	0	絵利	绘利	eri0081		「あたしを見ろぉーーーー！　あたし以外の話をするな！」	「看我啊——！别聊我以外的话题！」	「あたしを見ろぉーーーー！　あたし以外の話をするな！」
03.txt.json	0	*top	776	0	絵利	绘利	eri0082		「あとあたしを除いてもりあがるな！\n３人いるときに他２人だけが盛り上がってる状況、\nあたし泣くからな！　そこんとこ覚えとけ！」	「还有，别把我排除在外自顾自地嗨！\n三个人在一起时，只有另外两个人聊得热火朝天的情况，\n我可是会哭的！这点给我记住了！」	「あとあたしを除いてもりあがるな！\n３人いるときに他２人だけが盛り上がってる状況、\nあたし泣くからな！　そこんとこ覚えとけ！」
03.txt.json	0	*top	777	0	稔	稔			「怖いよう猫村ぁ、警察呼ぼうよう」	「猫村，我好害怕啊，叫警察来吧」	「怖いよう猫村ぁ、警察呼ぼうよう」
03.txt.json	0	*top	778	0	秋穂	秋穗	akiho0140		「まあまあ、とにかく見よ、ね」	「好啦好啦，总之先看看吧，好吗」	「まあまあ、とにかく見よ、ね」
03.txt.json	0	*top	779	0					その南部ちゃちゃちゃとやらの動画をスタートする。	开始播放那个所谓的南部ちゃちゃちゃ的视频。	その南部ちゃちゃちゃとやらの動画をスタートする。
03.txt.json	0	*top	780	0	絵利	绘利	eri0083	ちゃちゃちゃ	「こんにちＣＨＡＣＨＡＣＨＡ～♪」	「你好ＣＨＡＣＨＡＣＨＡ～♪」	「こんにちＣＨＡＣＨＡＣＨＡ～♪」
03.txt.json	0	*top	781	0	稔	稔			「あー、声が同じ」	「啊，声音一样」	「あー、声が同じ」
03.txt.json	0	*top	782	0	秋穂	秋穗	akiho0141		「絵利さん、この挨拶の声作りはいつも可愛いですよね」	「绘利小姐，你用来打招呼时的这个声音总是很可爱呢」	「絵利さん、この挨拶の声作りはいつも可愛いですよね」
03.txt.json	0	*top	783	0	絵利	绘利	eri0084		「ふふーん、分かったか。\n開始５秒で男どもの股間をがっつり掴む声ってのが\nこの世にはあるのさ」	「哼哼，明白了吧。\n世上可是有种声音，能在开场5秒就牢牢抓住男人们的下体」	「ふふーん、分かったか。\n開始５秒で男どもの股間をがっつり掴む声ってのが\nこの世にはあるのさ」
03.txt.json	0	*top	784	0					機嫌なおったようだ。よかった。	她似乎心情变好了。太好了。	機嫌なおったようだ。よかった。
03.txt.json	0	*top	785	0	稔	稔			「でもこの声、いまの地声からだいぶ無理してないか？」	「不过这个声音，和你现在的本音相比，未免太勉强了吧？」	「でもこの声、いまの地声からだいぶ無理してないか？」
03.txt.json	0	*top	786	0	秋穂	秋穗	akiho0142		「そうなの。だから毎度３０分くらいすると\n魔法が解けていまくらいの声になる」	「是啊。所以每次大概过了30分钟，\n魔法就会解除，变回现在这种声音」	「そうなの。だから毎度３０分くらいすると\n魔法が解けていまくらいの声になる」
03.txt.json	0	*top	787	0	絵利	绘利	eri0085		「うるせえ！」	「吵死了！」	「うるせえ！」
03.txt.json	0	*top	788	0					１回落ち着こう。	先冷静一下吧。	１回落ち着こう。
03.txt.json	0	*top	789	0					この人は配信業をしてるのは分かった。	我明白了，她是做直播的。	この人は配信業をしてるのは分かった。
03.txt.json	0	*top	790	0	稔	稔			「お隣さんが、灯りはついてるのにほとんど物音がしないのは\nあれか、防音してるからか」	「我就觉得奇怪，明明邻居家亮着灯，却几乎听不到什么动静，\n原来是那回事啊，是做了隔音吗」	「お隣さんが、灯りはついてるのにほとんど物音がしないのは\nあれか、防音してるからか」
03.txt.json	0	*top	791	0	絵利	绘利	eri0086		「そ。結構いい防音室使ってるからね」	「对。因为我用的是相当不错的隔音室嘛」	「そ。結構いい防音室使ってるからね」
03.txt.json	0	*top	792	0	絵利	绘利	eri0087		「本当はそのままで防音できてるマンションとかに\n引っ越したいんだけど……うちのアパート\n回線だけは爆速だから、なかなかいいとこがなくて」	「其实我也想直接搬去那种本身就能隔音的公寓……可是我这间公寓\n就只有网络线路快得离谱，所以一直找不到合适的地方」	「本当はそのままで防音できてるマンションとかに\n引っ越したいんだけど……うちのアパート\n回線だけは爆速だから、なかなかいいとこがなくて」
03.txt.json	0	*top	793	0					ほーん。	哦。	ほーん。
03.txt.json	0	*top	794	0					南部ちゃちゃちゃとやらのデータを見る。	我查看了南部ちゃちゃちゃ之类的资料。	南部ちゃちゃちゃとやらのデータを見る。
03.txt.json	0	*top	795	0	稔	稔			「登録者……１２万。これって多いの？」	「订阅者……12万。这算多吗？」	「登録者……１２万。これって多いの？」
03.txt.json	0	*top	796	0	秋穂	秋穗	akiho0143		「あ……うーん。まあＶ全体の中では多い……けど」	「啊……嗯。算多的……在整个V圈里算多的……不过」	「あ……うーん。まあＶ全体の中では多い……けど」
03.txt.json	0	*top	797	0	絵利	绘利	eri0088		「……チッ！」	「……啧！」	「……チッ！」
03.txt.json	0	*top	798	0					？	？	？
03.txt.json	0	*top	799	0					なんか急に歯切れが悪くなる。	她突然变得吞吞吐吐起来。	なんか急に歯切れが悪くなる。
03.txt.json	0	*top	800	0	絵利	绘利	eri0089		「ほんとはもうあと７０万いたんだから。\nつまり合計８２万なんだから。\n８２万はＶ界では雲上人なんだから」	「其实我本来还多了70万的。\n也就是说总共有82万。\n82万在V圈可是高高在上的大人物」	「ほんとはもうあと７０万いたんだから。\nつまり合計８２万なんだから。\n８２万はＶ界では雲上人なんだから」
03.txt.json	0	*top	801	0	稔	稔			「？？？」	「？？？」	「？？？」
03.txt.json	0	*top	802	0	秋穂	秋穗	akiho0144		「えと……実はちゃちゃたん、南部ちゃちゃちゃって、\n転生体でね。前世はもっとすごかったんだけど」	「那个……其实ちゃちゃたん，也就是南部ちゃちゃちゃ，\n是转生体来着。前世可比现在厉害多了」	「えと……実はちゃちゃたん、南部ちゃちゃちゃって、\n転生体でね。前世はもっとすごかったんだけど」
03.txt.json	0	*top	803	0	絵利	绘利	eri0090		「ほんとならトップにも行けるはずだったんだ。\n兎とか海賊とかお嬢とかあのゾーンにいるはずだったんだ。\nあたしが本気出せばもっとすごいんだ」	「照理说我本来应该也能冲上顶流的。\n应该和兔子、海盗、大小姐她们在同一个层级才对。\n只要我认真起来，肯定会更厉害」	「ほんとならトップにも行けるはずだったんだ。\n兎とか海賊とかお嬢とかあのゾーンにいるはずだったんだ。\nあたしが本気出せばもっとすごいんだ」
03.txt.json	0	*top	804	0	絵利	绘利	eri0091		「そう。あたしはまだ本気出してないだけ。\nやればできる。やってないだけでやればできる。\nおばあちゃんも言ってた絵利ちゃんはできる子だよぉって」	「没错。我只是还没有认真起来而已。\n我只要去做就能做到，只是还没去做而已，做了就能做到。\n奶奶也说过，‘绘利是个能干的孩子哦」	「そう。あたしはまだ本気出してないだけ。\nやればできる。やってないだけでやればできる。\nおばあちゃんも言ってた絵利ちゃんはできる子だよぉって」
03.txt.json	0	*top	805	0					さっきまで叫んでたのが\n今度はぶつぶつ言い出して、これはこれで怖い。	刚才还在大喊大叫，\n现在又开始嘟嘟囔囔起来，这样反而更让人害怕。	さっきまで叫んでたのが\n今度はぶつぶつ言い出して、これはこれで怖い。
03.txt.json	0	*top	806	0					で、\n転生？\n前世？	所以，\n转生？\n前世？	で、\n転生？\n前世？
03.txt.json	0	*top	807	0	秋穂	秋穗	akiho0145		「えと、分かりやすくいうと」	「那个，简单来说就是」	「えと、分かりやすくいうと」
03.txt.json	0	*top	808	0	秋穂	秋穗	akiho0146		「絵利さん、前は別のキャラで活動しててね。\nそのときは登録者７０万、トップ層にいたんだよ」	「绘利小姐以前是用另一个角色活动的。\n那时候有70万订阅者，身处顶流行列哦」	「絵利さん、前は別のキャラで活動しててね。\nそのときは登録者７０万、トップ層にいたんだよ」
03.txt.json	0	*top	809	0	秋穂	秋穗	akiho0147		「ただちょっと……不祥事があって。契約が、ね。\nそれで外見を新しくして再出発したの」	「不过稍微有点……出了丑闻。合约方面，也出了点问题。\n所以我换了外表重新出发了」	「ただちょっと……不祥事があって。契約が、ね。\nそれで外見を新しくして再出発したの」
03.txt.json	0	*top	810	0	稔	稔			「あー、だから前世で、転生か」	「啊——所以才叫前世和转生吗」	「あー、だから前世で、転生か」
03.txt.json	0	*top	811	0					見た目と名前がちがう別の人だから『前世』。\nでも中身……魂が引っ越すから『転生』。	因为外表和名字都变成了不同的人，所以叫『前世』。\n但内在……灵魂搬了家，所以叫『转生』。	見た目と名前がちがう別の人だから『前世』。\nでも中身……魂が引っ越すから『転生』。
03.txt.json	0	*top	812	0					上手い表現だな。	这个说法还真不错。	上手い表現だな。
03.txt.json	0	*top	813	0					Ｖ業界よく知らないけど、\nこういうケレンミのきいたワードは好きだ。	我不太了解V圈，\n但我喜欢这种浮夸又带劲的说法。	Ｖ業界よく知らないけど、\nこういうケレンミのきいたワードは好きだ。
03.txt.json	0	*top	814	0					んで、	然后呢、	んで、
03.txt.json	0	*top	815	0	稔	稔			「不祥事ってなにしたの？」	「你闹出什么丑闻了？」	「不祥事ってなにしたの？」
03.txt.json	0	*top	816	0	絵利	绘利	eri0092		「なにもしてないよ！」	「我什么都没做啊！」	「なにもしてないよ！」
03.txt.json	0	*top	817	0	秋穂	秋穗	akiho0148		「あ、あはは」	「啊、啊哈哈」	「あ、あはは」
03.txt.json	0	*top	818	0					さすがに秋穂は言わない。	秋穗姑且是不会这么说的。	さすがに秋穂は言わない。
03.txt.json	0	*top	819	0					なら本人に聞くしかないが。	那就只能去问本人了。	なら本人に聞くしかないが。
03.txt.json	0	*top	820	0	稔	稔			「なにしたの？」	「你做什么了？」	「なにしたの？」
03.txt.json	0	*top	821	0	絵利	绘利	eri0093		「しーてーなーい！」	「我——什——么——都——没——做！」	「しーてーなーい！」
03.txt.json	0	*top	822	0	稔	稔			「言ってくれたらレモンサワー１杯つけますが」	「你要是告诉我的话，我就送你一杯柠檬沙瓦」	「言ってくれたらレモンサワー１杯つけますが」
03.txt.json	0	*top	823	0	絵利	绘利	eri0094		「……」	「……」	「……」
03.txt.json	0	*top	824	0	絵利	绘利	eri0095		「だからほんと不祥事はしてない」	「所以我真的没闹出什么丑闻」	「だからほんと不祥事はしてない」
03.txt.json	0	*top	825	0	絵利	绘利	eri0096		「ちょっと飲酒コラボの勢いで別の箱の人に連絡網見せたら\n情報漏洩ってぎゃーぎゃー言われただけだよ！」	「只是喝酒联动的时候一时上头，把联络名单给别的事务所的人看了，\n然后就被他们大呼小叫地说什么信息泄露了嘛！」	「ちょっと飲酒コラボの勢いで別の箱の人に連絡網見せたら\n情報漏洩ってぎゃーぎゃー言われただけだよ！」
03.txt.json	0	*top	826	0					してんじゃねーか。	这不是闹出丑闻了吗。	してんじゃねーか。
03.txt.json	0	*top	827	0	秋穂	秋穗	akiho0149		「あれ、絵利さんの不祥事って、酔った拍子に\n差別発言したことじゃなかったですっけ」	「我记得绘利小姐的丑闻，不是醉酒后\n发表歧视性言论吗」	「あれ、絵利さんの不祥事って、酔った拍子に\n差別発言したことじゃなかったですっけ」
03.txt.json	0	*top	828	0	絵利	绘利	eri0097		「ぎくっ」	「咯噔」	「ぎくっ」
03.txt.json	0	*top	829	0	秋穂	秋穗	akiho0150		「あとスポーツの同時観戦で相手選手に怪我させろって\n大声で騒いだり」	「还有在一起看体育比赛的时候，大声嚷嚷着让对方选手受伤什么的」	「あとスポーツの同時観戦で相手選手に怪我させろって\n大声で騒いだり」
03.txt.json	0	*top	830	0	絵利	绘利	eri0098		「ぎくぎく」	「咯噔咯噔」	「ぎくぎく」
03.txt.json	0	*top	831	0	秋穂	秋穗	akiho0151		「あとファンに個人的なメールで投げ銭してって……」	「还有私下发邮件向粉丝要打赏什么的……」	「あとファンに個人的なメールで投げ銭してって……」
03.txt.json	0	*top	832	0	絵利	绘利	eri0099		「も、もうやめてえ」	「已、已经够了啦」	「も、もうやめてえ」
03.txt.json	0	*top	833	0	稔	稔			「つまり不祥事のデパートなんだな」	「也就是说，你就是个丑闻百货商店啊」	「つまり不祥事のデパートなんだな」
03.txt.json	0	*top	834	0	絵利	绘利	eri0100		「うう……ちがうんです。いつもはちがうんです。\nお酒が入ると頭がバグるだけなんです」	「呜呜……不是这样的。平时不是这样的。\n只是喝了酒以后脑子会出故障而已」	「うう……ちがうんです。いつもはちがうんです。\nお酒が入ると頭がバグるだけなんです」
03.txt.json	0	*top	835	0					それはいま現在進行形で見てるから分かる。	我现在正亲眼看着现场直播，当然知道了。	それはいま現在進行形で見てるから分かる。
03.txt.json	0	*top	836	0	絵利	绘利	eri0101		「ちくしょー全部お酒が悪いんだ。\n晩酌配信なんてあるから悪いんだ～～」	「可恶，都是酒的错。\n都怪有那种边喝酒边直播的东西～～」	「ちくしょー全部お酒が悪いんだ。\n晩酌配信なんてあるから悪いんだ～～」
03.txt.json	0	*top	837	0	絵利	绘利	eri0102		「これが飲まずにいられるかよ！　マスターおかわり！」	「这怎么可能忍住不喝啊！　老板，再来一杯！」	「これが飲まずにいられるかよ！　マスターおかわり！」
03.txt.json	0	*top	838	0	稔	稔			「まいどどーも」	「承蒙惠顾」	「まいどどーも」
03.txt.json	0	*top	839	0					いいお客にはなりそうではある。	她应该会成为一位不错的客人。	いいお客にはなりそうではある。
03.txt.json	0	*top	840	0	絵利	绘利	eri0103		「はあ」	「哈啊」	「はあ」
03.txt.json	0	*top	841	0	絵利	绘利	eri0104		「で、でも、登録は１２万だけど！\n同接３０００再生３万は平均であるから。\n潜在的なファンは多いんだからねあたし！」	「可、可是，我的订阅数有12万啊！\n平均同时在线人数有3000，播放量有3万。\n我的潜在粉丝可是很多的！」	「で、でも、登録は１２万だけど！\n同接３０００再生３万は平均であるから。\n潜在的なファンは多いんだからねあたし！」
03.txt.json	0	*top	842	0	絵利	绘利	eri0105		「ちゃちゃちゃ転生後も同時接続１０００人切ったことは\nないんだから。\nどんな配信でも１２００人はほぼ確実に来るんだから」	「ちゃちゃちゃ转生后，同时在线人数就从来没跌破过1000人。\n不管播什么，基本都肯定会有1200人来看的」	「ちゃちゃちゃ転生後も同時接続１０００人切ったことは\nないんだから。\nどんな配信でも１２００人はほぼ確実に来るんだから」
03.txt.json	0	*top	843	0	絵利	绘利	eri0106		「不動の１２００！　分かる？\n１２００人確定で見に来るＶなんてそういないよ！？」	「屹立不倒的1200人！　明白吗？\n像这样确定会有1200人来看直播的V可不多啊！？」	「不動の１２００！　分かる？\n１２００人確定で見に来るＶなんてそういないよ！？」
03.txt.json	0	*top	844	0	稔	稔			「お、おう」	「哦、哦」	「お、おう」
03.txt.json	0	*top	845	0					まあ、日にお客５０人相手でひーひー言ってる俺からすれば\n数字的にはすごいことだと思う。	不过，对每天接待五十位客人就忙得焦头烂额的我来说，\n单从数字上看确实很厉害。	まあ、日にお客５０人相手でひーひー言ってる俺からすれば\n数字的にはすごいことだと思う。
03.txt.json	0	*top	846	0	秋穂	秋穗	akiho0152		「視聴者数だとピンと来ないけど……ほら絵利さん、\n赤スパの話とかどうです？\nひと晩で１００万稼いだとかなんとか」	「光听观众人数可能没什么实感……对了，绘利小姐，\n要不要说说赤色超级留言的事？\n比如一晚上赚了100万之类的」	「視聴者数だとピンと来ないけど……ほら絵利さん、\n赤スパの話とかどうです？\nひと晩で１００万稼いだとかなんとか」
03.txt.json	0	*top	847	0	絵利	绘利	eri0107		「あっ、それ言いたい。自慢したい」	「啊，这个我想说。想炫耀」	「あっ、それ言いたい。自慢したい」
03.txt.json	0	*top	848	0	稔	稔			「あー、投げ銭ね」	「啊～就是打赏吧」	「あー、投げ銭ね」
03.txt.json	0	*top	849	0					それは知ってる。	这个我知道。	それは知ってる。
03.txt.json	0	*top	850	0					なんだっけ、\n１万円とか出すとコメントが赤くなるとかなんとか。	好像是给出一万日元之类的金额后，评论就会变成红色。	なんだっけ、\n１万円とか出すとコメントが赤くなるとかなんとか。
03.txt.json	0	*top	851	0	稔	稔			「ひと晩で１００万はすげーな」	「一晚上赚100万，真厉害啊」	「ひと晩で１００万はすげーな」
03.txt.json	0	*top	852	0					この店でもひと晩で１００万とか、\nデカめの貸し切りが入らなきゃ無理だ。	就算是这家店，一晚上赚100万，\n除非接到规模比较大的包场，否则也是不可能的。	この店でもひと晩で１００万とか、\nデカめの貸し切りが入らなきゃ無理だ。
03.txt.json	0	*top	853	0					料理を提供するとか一切なしで稼いでるならすごい。	如果完全不提供料理之类的服务还能赚到钱，那可真厉害。	料理を提供するとか一切なしで稼いでるならすごい。
03.txt.json	0	*top	854	0	絵利	绘利	eri0108		「ふふーん、厚めのファンが多いからね。\nそこら辺は安定してます」	「哼哼，因为我的铁杆粉丝很多嘛。\n这方面还是很稳定的」	「ふふーん、厚めのファンが多いからね。\nそこら辺は安定してます」
03.txt.json	0	*top	855	0	絵利	绘利	eri0109		「とくに転生前なんて、なんの記念日でもないし\nガチャ配信とかでもない、普通の雑談配信で\n１時間に１７０万入ったこともあるんだから」	「尤其是转生之前，有一次在既不是纪念日、\n也不是抽卡直播的普通闲聊直播里，\n一个小时就收到了170万呢」	「とくに転生前なんて、なんの記念日でもないし\nガチャ配信とかでもない、普通の雑談配信で\n１時間に１７０万入ったこともあるんだから」
03.txt.json	0	*top	856	0	稔	稔			「マジか」	「真的假的」	「マジか」
03.txt.json	0	*top	857	0	絵利	绘利	eri0110		「伝説の夜だったわ」	「那可是传说中的夜晚啊」	「伝説の夜だったわ」
03.txt.json	0	*top	858	0					持ってきたレモンサワーを高々と掲げる彼女。	她高高举起带来的柠檬沙瓦。	持ってきたレモンサワーを高々と掲げる彼女。
03.txt.json	0	*top	859	0					この話は興味あるぞ。１７０万円の雑談ってどんなだ。	这话题我感兴趣。170万日元的闲聊直播，到底是什么样的。	この話は興味あるぞ。１７０万円の雑談ってどんなだ。
03.txt.json	0	*top	860	0	絵利	绘利	eri0111		「あれはそう、去年の梅雨の日、ちょっと蒸し暑い夜のこと」	「那是啊，去年梅雨季的某天，一个有点闷热的夜晚」	「あれはそう、去年の梅雨の日、ちょっと蒸し暑い夜のこと」
03.txt.json	0	*top	861	0	稔	稔			「ふむふむ」	「嗯嗯」	「ふむふむ」
03.txt.json	0	*top	862	0	絵利	绘利	eri0112		「左乳首にあせもができてね」	「我的左乳头长了痱子」	「左乳首にあせもができてね」
03.txt.json	0	*top	863	0	稔	稔			「……」	「……」	「……」
03.txt.json	0	*top	864	0	絵利	绘利	eri0113		「それが痒くて痒くて、かきながら配信しててね」	「痒得不得了，我就一边挠一边直播」	「それが痒くて痒くて、かきながら配信しててね」
03.txt.json	0	*top	865	0	絵利	绘利	eri0114		「手の挙動がおかしいって言われたから\nつい胸にあせもができて～って言っちゃって」	「因为有人说我的手动作很奇怪，\n我一不小心就说了‘胸口长痱子了」	「手の挙動がおかしいって言われたから\nつい胸にあせもができて～って言っちゃって」
03.txt.json	0	*top	866	0	絵利	绘利	eri0115		「その瞬間からもう、垂れ流しよ。\nかゆみ止め代です。かかないで。もっとかいて。\n赤いコメントがだらだらと」	「从那一刻起，打赏就开始哗哗地涌进来了。\n这是止痒药的钱。别挠。再多挠一点。\n红色评论一条接一条地刷了起来」	「その瞬間からもう、垂れ流しよ。\nかゆみ止め代です。かかないで。もっとかいて。\n赤いコメントがだらだらと」
03.txt.json	0	*top	867	0	絵利	绘利	eri0116		「空は荒れ、\n風は吹き、\nコメ欄には乳首が舞い乱れた」	「天空变得狂暴，\n狂风呼啸，\n评论区里乳头漫天飞舞」	「空は荒れ、\n風は吹き、\nコメ欄には乳首が舞い乱れた」
03.txt.json	0	*top	868	0	稔	稔			「……」	「……」	「……」
03.txt.json	0	*top	869	0					怖い。	好可怕。	怖い。
03.txt.json	0	*top	870	0	絵利	绘利	eri0117		「雑談だけで１７０万円！　これができるＶはそういない！」	「光靠闲聊就赚到170万！能做到这种程度的V可没几个！」	「雑談だけで１７０万円！　これができるＶはそういない！」
03.txt.json	0	*top	871	0	絵利	绘利	eri0118		「伝説の一夜であった」	「真是传说中的一夜」	「伝説の一夜であった」
03.txt.json	0	*top	872	0					去年の梅雨……確かもうこの人、うちの隣にいたよな。	去年梅雨季……我记得那时候这人已经住在我隔壁了。	去年の梅雨……確かもうこの人、うちの隣にいたよな。
03.txt.json	0	*top	873	0					隣室でそんなおぞましい宴があったとは。	没想到隔壁房间里竟然举办过如此可怕的宴会。	隣室でそんなおぞましい宴があったとは。
03.txt.json	0	*top	874	0	絵利	绘利	eri0119		「まあなんか、あとで軽く炎上したけどねそのあと。\nちっ、どいつこいつもＶだと思うとすぐ燃やしやがって」	「不过嘛，之后好像还小小地炎上了一下。\n切，这帮家伙一想到是V就立刻开始放火」	「まあなんか、あとで軽く炎上したけどねそのあと。\nちっ、どいつこいつもＶだと思うとすぐ燃やしやがって」
03.txt.json	0	*top	875	0					そしてやはり不祥事とは身近な人らしい。	果然，所谓丑闻似乎都和身边的人有关。	そしてやはり不祥事とは身近な人らしい。
03.txt.json	0	*top	876	0	秋穂	秋穗	akiho0153		「ま、まあ内容はともかく、人気があったのは本当なの」	「嘛，先不说内容，人气很高倒是真的」	「ま、まあ内容はともかく、人気があったのは本当なの」
03.txt.json	0	*top	877	0	稔	稔			「ああ、はいはい」	「啊，好好好」	「ああ、はいはい」
03.txt.json	0	*top	878	0					どんな理由であれ、大金を集めるってのは\nそれだけの影響力があった証拠だろう。	不管是什么理由，能筹集到一大笔钱，\n就证明她确实拥有那样的影响力吧。	どんな理由であれ、大金を集めるってのは\nそれだけの影響力があった証拠だろう。
03.txt.json	0	*top	879	0					１００万円。って数字は分かりやすい。	一百万日元。这个数字很好理解。	１００万円。って数字は分かりやすい。
03.txt.json	0	*top	880	0	秋穂	秋穗	akiho0154		「まあ結果、炎上しやすいイメージついちゃって\n会社側も困ってたみたいだけど」	「不过结果就是，她给人留下了很容易引发炎上的印象，\n公司那边好像也挺为难的」	「まあ結果、炎上しやすいイメージついちゃって\n会社側も困ってたみたいだけど」
03.txt.json	0	*top	881	0	稔	稔			「不祥事ってのはその後？」	「所谓的丑闻，就是在那之后？」	「不祥事ってのはその後？」
03.txt.json	0	*top	882	0	絵利	绘利	eri0120		「うっさい！」	「吵死了！」	「うっさい！」
03.txt.json	0	*top	883	0					レモンサワーを飲みほした。	我喝光了柠檬沙瓦。	レモンサワーを飲みほした。
03.txt.json	0	*top	884	0					で、だ。	所以说啊。	で、だ。
03.txt.json	0	*top	885	0	稔	稔			「お仕事内容は分かりました」	「我明白你的工作内容了」	「お仕事内容は分かりました」
03.txt.json	0	*top	886	0	稔	稔			「でもこれって人に教えちゃダメなやつなんじゃね？」	「不过，这种事应该不能告诉别人吧？」	「でもこれって人に教えちゃダメなやつなんじゃね？」
03.txt.json	0	*top	887	0	秋穂	秋穗	akiho0155		「ですよね……言っちゃってよかったんですか絵利さん」	「对吧……绘利姐，你把这些告诉我真的没问题吗」	「ですよね……言っちゃってよかったんですか絵利さん」
03.txt.json	0	*top	888	0					Ｖのことはよく知らないが、	我虽然不太了解V、	Ｖのことはよく知らないが、
03.txt.json	0	*top	889	0					分厚い仮面をつけてやってる以上\n中身がバレるのは避けたいんじゃ。	但既然戴着那么厚的面具做直播，\n应该也不想让人发现里面的真实身份吧。	分厚い仮面をつけてやってる以上\n中身がバレるのは避けたいんじゃ。
03.txt.json	0	*top	890	0	絵利	绘利	eri0121		「うん。部外者に話したって事務所にバレたら\nその場で契約解除だね」	「嗯。要是被事务所发现我把这些告诉了局外人，\n当场就会被解除合约」	「うん。部外者に話したって事務所にバレたら\nその場で契約解除だね」
03.txt.json	0	*top	891	0					おいおいおいおいおい。	喂喂喂喂喂。	おいおいおいおいおい。
03.txt.json	0	*top	892	0	絵利	绘利	eri0122		「あっはっは、分かりゃしないって。\nバレたらバレたで声で気付かれちゃいました～とか\n言っときゃすむし」	「啊哈哈哈，没人会知道的。\n就算被发现了，只要说‘因为声音被认出来了～’\n不就能糊弄过去了嘛」	「あっはっは、分かりゃしないって。\nバレたらバレたで声で気付かれちゃいました～とか\n言っときゃすむし」
03.txt.json	0	*top	893	0					ゆるいな。	真够松懈的。	ゆるいな。
03.txt.json	0	*top	894	0	絵利	绘利	eri0123		「それにね。多少の身バレはバズるためにありなの」	「而且啊。稍微暴露一点真实身份，反而有利于走红嘛」	「それにね。多少の身バレはバズるためにありなの」
03.txt.json	0	*top	895	0	絵利	绘利	eri0124		「Ｖなんてもう飽和状態で、ちょっと可愛いガワ作った\nくらいじゃ話題にもならないこのご時世」	「现在做V已经饱和得不行了，在这个连做个稍微可爱的皮都引不起话题的时代」	「Ｖなんてもう飽和状態で、ちょっと可愛いガワ作った\nくらいじゃ話題にもならないこのご時世」
03.txt.json	0	*top	896	0	絵利	绘利	eri0125		「やっぱ最後は中身がどうかで世のオスどもは食いつくはず。\nだってオスってそういう生き物だから」	「果然到最后，男人们还是会因为内在如何而上钩。\n毕竟雄性就是这样的生物嘛」	「やっぱ最後は中身がどうかで世のオスどもは食いつくはず。\nだってオスってそういう生き物だから」
03.txt.json	0	*top	897	0					根本的に他人をバカにしてるよなこの人。	这人根本就是在小看别人吧。	根本的に他人をバカにしてるよなこの人。
03.txt.json	0	*top	898	0	絵利	绘利	eri0126		「表だってやっちゃうと、契約の関係とかもろもろあって\nいまのガワが使えなくなるけど……。\nあたしの意思がなきゃ罪には問えない」	「要是公然这么做，因为合同关系之类的各种问题，\n现在这副皮就不能用了……。\n但只要不是出于我的意愿，就不能算我的罪」	「表だってやっちゃうと、契約の関係とかもろもろあって\nいまのガワが使えなくなるけど……。\nあたしの意思がなきゃ罪には問えない」
03.txt.json	0	*top	899	0	絵利	绘利	eri0127		「だから流出したー、風に流す」	「所以就说是泄露了——，顺势把风向带过去」	「だから流出したー、風に流す」
03.txt.json	0	*top	900	0	絵利	绘利	eri0128		「すっげえ可愛い写真流して、\nこのＶは中身も美女なんだ！　みたくやりたいんだ」	「我想先放出一张超可爱的照片，\n然后营造出‘这个V主播本人也是美女！’的感觉」	「すっげえ可愛い写真流して、\nこのＶは中身も美女なんだ！　みたくやりたいんだ」
03.txt.json	0	*top	901	0					セコい。	真够卑鄙的。	セコい。
03.txt.json	0	*top	902	0	絵利	绘利	eri0129		「あ、これ見て秋穂。\n今日１日かけて作った」	「啊，秋穗你看这个。\n我今天花了一整天做出来的」	「あ、これ見て秋穂。\n今日１日かけて作った」
03.txt.json	0	*top	903	0					スマホを見せてくる。	她把手机拿给我看。	スマホを見せてくる。
03.txt.json	0	*top	904	0					中にはすっげえ美女の写真が。	里面是一张超级大美女的照片。	中にはすっげえ美女の写真が。
03.txt.json	0	*top	905	0					誰だこれ？	这是谁？	誰だこれ？
03.txt.json	0	*top	906	0	秋穂	秋穗	akiho0156		「うわあ～、すごいきれい」	「哇～，好漂亮」	「うわあ～、すごいきれい」
03.txt.json	0	*top	907	0	秋穂	秋穗	akiho0157		「でも絵利さんの面影がほとんどないですね」	「不过，几乎看不出绘利小姐的影子呢」	「でも絵利さんの面影がほとんどないですね」
03.txt.json	0	*top	908	0					この人の自撮りか。	这人是在晒自己的自拍吗。	この人の自撮りか。
03.txt.json	0	*top	909	0					加工しすぎてて誰だか分からんぞ。	修得太过头了，根本看不出是谁。	加工しすぎてて誰だか分からんぞ。
03.txt.json	0	*top	910	0	絵利	绘利	eri0130		「知るか！　Ｖやるのも写真加工も化粧の延長なの！\n女の武器なの！」	「管它呢！做V也好，修照片也好，都是化妆的延伸！\n都是女人的武器！」	「知るか！　Ｖやるのも写真加工も化粧の延長なの！\n女の武器なの！」
03.txt.json	0	*top	911	0					それはまあ、一理ある。	这话倒也不是完全没道理。	それはまあ、一理ある。
03.txt.json	0	*top	912	0	絵利	绘利	eri0131		「やーんお隣さんに身バレしたかも～。でもお隣さんも\nちゃちゃの配信見てるみたい……。\nちゃちゃのこと好きなのかも～」	「哎呀～我可能被邻居认出真身了～。不过邻居好像也在看\nちゃちゃ的直播……。\n说不定是喜欢ちゃちゃ呢～」	「やーんお隣さんに身バレしたかも～。でもお隣さんも\nちゃちゃの配信見てるみたい……。\nちゃちゃのこと好きなのかも～」
03.txt.json	0	*top	913	0	絵利	绘利	eri0132		「この話をした２週間後くらいに、どこぞの捨てアドから\nちゃちゃたんの中身だっていうこの写真が出回る」	「大概在聊完这件事两周后，某个不知从哪儿来的废弃邮箱\n发出了这张据说是ちゃちゃたん真身的照片，并传得到处都是」	「この話をした２週間後くらいに、どこぞの捨てアドから\nちゃちゃたんの中身だっていうこの写真が出回る」
03.txt.json	0	*top	914	0	絵利	绘利	eri0133		「な、なんてこったぁ、お隣さんってのが流出させたのかあ？\nにしてもちゃちゃたん、中身もなんて綺麗なんだ～」	「什、什么情况啊，难道是那个邻居把照片泄露出去的？\n不过话说回来，ちゃちゃたん的真身也漂亮得不得了啊～」	「な、なんてこったぁ、お隣さんってのが流出させたのかあ？\nにしてもちゃちゃたん、中身もなんて綺麗なんだ～」
03.txt.json	0	*top	915	0	絵利	绘利	eri0134		「これはバズる！\n登録者１０万は伸びる！」	「这肯定会火！\n注册人数绝对能涨到十万！」	「これはバズる！\n登録者１０万は伸びる！」
03.txt.json	0	*top	916	0	稔	稔			「すでに心の不祥事があふれてるぞこの人」	「这人心里的丑闻已经泛滥成灾了吧」	「すでに心の不祥事があふれてるぞこの人」
03.txt.json	0	*top	917	0	秋穂	秋穗	akiho0158		「よ、酔ってるだけだよ」	「没、没什么，只是喝醉了而已」	「よ、酔ってるだけだよ」
03.txt.json	0	*top	918	0					あー。	啊。	あー。
03.txt.json	0	*top	919	0					うるさい客だった。	真是个吵闹的客人。	うるさい客だった。
03.txt.json	0	*top	920	0					ラストオーダーまでがっつり粘られ、\n帰ったのは２時５０分。	一直赖到最后点单时间，\n回到家时已经是两点五十分了。	ラストオーダーまでがっつり粘られ、\n帰ったのは２時５０分。
03.txt.json	0	*top	921	0					まあ閉店前だし文句言うことではないか。	不过毕竟是在关店前，也没什么好抱怨的。	まあ閉店前だし文句言うことではないか。
03.txt.json	0	*top	922	0					店を閉めて帰ることに。	关了店，准备回家。	店を閉めて帰ることに。
03.txt.json	0	*top	923	0					……眠いな。	……好困啊。	……眠いな。
03.txt.json	0	*top	924	0					３時ちょっとすぎ……。\nまだ仕事してる可能性もあるわけで、\nいつもは起きてる時間なんだが、	三点刚过……\n也有可能还在工作，\n虽然平时这个时间我还醒着、	３時ちょっとすぎ……。\nまだ仕事してる可能性もあるわけで、\nいつもは起きてる時間なんだが、
03.txt.json	0	*top	925	0					最近は閉店まで残ることも少なかったし、\n時間帯がずれてるかもな。	最近也很少待到关店，\n作息时间可能错开了吧。	最近は閉店まで残ることも少なかったし、\n時間帯がずれてるかもな。
03.txt.json	0	*top	926	0					最近は帰ったらすぐ寝る生活だったし。	最近都是回家后立刻睡觉的生活。	最近は帰ったらすぐ寝る生活だったし。
03.txt.json	0	*top	927	0	稔	稔			「……」	「……」	「……」
03.txt.json	0	*top	928	0					プーカ……。	普卡……。	プーカ……。
03.txt.json	0	*top	929	0					今日はぐっすりだろうな。\n途中で俺に起こされることもなく。	今天应该能睡个好觉吧。\n不会中途被我叫醒。	今日はぐっすりだろうな。\n途中で俺に起こされることもなく。
03.txt.json	0	*top	930	0					あいつは……。	那家伙……。	あいつは……。
03.txt.json	0	*top	931	0	稔	稔			「……」	「……」	「……」
03.txt.json	0	*top	932	0					１２００人、だっけ。	是一千两百人来着吧。	１２００人、だっけ。
03.txt.json	0	*top	933	0					１２００人が確実に見に来る。	会有一千两百人确实来观看。	１２００人が確実に見に来る。
03.txt.json	0	*top	934	0					Ｖつーばーとやらの基準がどんなものかは知らないが、	虽然我不知道所谓V主播的标准是什么、	Ｖつーばーとやらの基準がどんなものかは知らないが、
03.txt.json	0	*top	935	0					一般に生活してる限り、ものすごい数だ。	但只要是普通地生活着，这已经是个非常庞大的数字了。	一般に生活してる限り、ものすごい数だ。
03.txt.json	0	*top	936	0					情報の集積力にこそ価値のあるこのご時世、\n人を集めるってのはそれだけで価値があるし、	在这个信息汇聚能力本身就有价值的时代，\n能聚集人群本身就很有价值、	情報の集積力にこそ価値のあるこのご時世、\n人を集めるってのはそれだけで価値があるし、
03.txt.json	0	*top	937	0					そうでなくても、１２００人と意思疎通が出来るって\nすごいことだと思う。	就算不考虑这些，能和一千两百人互通心意，\n我也觉得是件很了不起的事。	そうでなくても、１２００人と意思疎通が出来るって\nすごいことだと思う。
03.txt.json	0	*top	938	0					店で客商売してる俺でさえ、日に１００人と意思疎通すれば\nかなりぐったりするのに。	就连在店里做服务客人的生意的我，每天只要和一百个人沟通，\n都会累得够呛。	店で客商売してる俺でさえ、日に１００人と意思疎通すれば\nかなりぐったりするのに。
03.txt.json	0	*top	939	0	稔	稔			「……」	「……」	「……」
03.txt.json	0	*top	940	0					あいつはどう思うんだろう？	不知道那家伙会怎么想？	あいつはどう思うんだろう？
03.txt.json	0	*top	941	0					１人。	一个人。	１人。
03.txt.json	0	*top	942	0					俺としか意思疎通のできないあいつは。	那个只能和我沟通的家伙。	俺としか意思疎通のできないあいつは。
03.txt.json	0	*top	943	0					あいつは……。	那家伙……。	あいつは……。
03.txt.json	0	*top	944	0					――カチャ。	――咔哒。	――カチャ。
03.txt.json	0	*top	945	0	稔	稔			「ただいま」	「我回来了」	「ただいま」
03.txt.json	0	*top	946	0	稔	稔			「……」	「……」	「……」
03.txt.json	0	*top	947	0	稔	稔			「ん？」	「嗯？」	「ん？」
03.txt.json	0	*top	948	0					プーカ……、	普卡……、	プーカ……、
03.txt.json	0	*top	949	0					いない。	不在。	いない。
03.txt.json	0	*top	950	0					寝てる時間なのに、ベッドの上に\nプーカの姿がなかった。	明明已经是睡觉的时间了，床上却没有普卡的身影。	寝てる時間なのに、ベッドの上に\nプーカの姿がなかった。
03.txt.json	0	*top	951	0					なんだ？　トイレか？	怎么了？去厕所了？	なんだ？　トイレか？
03.txt.json	0	*top	952	0					今日はうちの店に来て、１人で帰らせて。\nでもちゃんと帰ってるのは電話で確認してる。	今天她来我店里，我让她一个人回去了。\n不过我有打电话确认过，她确实已经回到家了。	今日はうちの店に来て、１人で帰らせて。\nでもちゃんと帰ってるのは電話で確認してる。
03.txt.json	0	*top	953	0					あのあと外に出た？\n一体どこに……。	那之后她又出门了吗？\n到底去哪儿了……。	あのあと外に出た？\n一体どこに……。
03.txt.json	0	*top	954	0					――ガッ！	——咣！	――ガッ！
03.txt.json	0	*top	955	0	プーカ	普卡	puca0328	・・・	「あうち！」	「哎哟！」	「あうち！」
03.txt.json	0	*top	956	0	稔	稔			「おわ！」	「呜哇！」	「おわ！」
03.txt.json	0	*top	957	0					ちょっと急ぎ足でベッドに駆け寄ろうとしたら、\n足になにかぶつかった。	我稍微加快脚步，正准备跑到床边时，\n脚撞上了什么东西。	ちょっと急ぎ足でベッドに駆け寄ろうとしたら、\n足になにかぶつかった。
03.txt.json	0	*top	958	0	プーカ	普卡	puca0329		「痛いよ！」	「好痛啊！」	「痛いよ！」
03.txt.json	0	*top	959	0	稔	稔			「あ、ああ、すまん」	「啊、啊啊，对不起」	「あ、ああ、すまん」
03.txt.json	0	*top	960	0					いた。	在这儿。	いた。
03.txt.json	0	*top	961	0					なんだ。ベッドにいないだけで、普通にいた。	什么嘛。只是没在床上，其实她就在这儿。	なんだ。ベッドにいないだけで、普通にいた。
03.txt.json	0	*top	962	0					床で寝てたのか？　蹴ってしまった。	她是在地板上睡的吗？我刚才踢到她了。	床で寝てたのか？　蹴ってしまった。
03.txt.json	0	*top	963	0	稔	稔			「変なところで寝るなあぶねーな。\n踏んづけたら大怪我だったかもだぞ」	「别在这种奇怪的地方睡啊，很危险的。\n要是被我踩到了，说不定会受重伤」	「変なところで寝るなあぶねーな。\n踏んづけたら大怪我だったかもだぞ」
03.txt.json	0	*top	964	0	プーカ	普卡	puca0330		「うー、寝る気はなかったんだけど。\nいつのまにか」	「呜——我本来没打算睡的。\n不知不觉就」	「うー、寝る気はなかったんだけど。\nいつのまにか」
03.txt.json	0	*top	965	0	プーカ	普卡	puca0331		「ていうかそっちが遅いから悪いんでしょ。\n帰るまで起きてようと思ったのに、いま何時？」	「话说回来，还不是你回来得太晚了。\n我本来想一直醒着等你回来的，现在几点了？」	「ていうかそっちが遅いから悪いんでしょ。\n帰るまで起きてようと思ったのに、いま何時？」
03.txt.json	0	*top	966	0	プーカ	普卡	puca0332		「４時って、遅すぎ。どこで遊んでたの」	「四点？也太晚了吧。你跑哪儿玩去了」	「４時って、遅すぎ。どこで遊んでたの」
03.txt.json	0	*top	967	0	稔	稔			「これが定時退社だ。\nいつもが特別に早いだけ」	「这就是正常下班。\n只是平时下班得特别早而已」	「これが定時退社だ。\nいつもが特別に早いだけ」
03.txt.json	0	*top	968	0	プーカ	普卡	puca0333		「あれ。\nあー、なんか言ってたね、お店の閉店は３時とかなんとか」	「咦。\n啊——你好像是说过，店里大概三点关门什么的」	「あれ。\nあー、なんか言ってたね、お店の閉店は３時とかなんとか」
03.txt.json	0	*top	969	0					ったく。	真是的。	ったく。
03.txt.json	0	*top	970	0	稔	稔			「そもそも起きて待ってようとするな。\n帰りは確実に日付が変わったあとって言ってるだろ。\nお子ちゃまは寝てろ」	「别想着醒着等我。\n我不是说过我肯定会在过了午夜之后才回来吗？\n小孩子就老老实实睡觉去」	「そもそも起きて待ってようとするな。\n帰りは確実に日付が変わったあとって言ってるだろ。\nお子ちゃまは寝てろ」
03.txt.json	0	*top	971	0	プーカ	普卡	puca0334		「んぅ、そうなんだけど」	「嗯……是这样没错啦」	「んぅ、そうなんだけど」
03.txt.json	0	*top	972	0	プーカ	普卡	puca0335		「……」	「……」	「……」
03.txt.json	0	*top	973	0	稔	稔			「？」	「？」	「？」
03.txt.json	0	*top	974	0					なんだか言いづらそうに口をへの字にして、\n閉ざしてしまうプーカ。	普卡一副欲言又止的样子，把嘴撇成了倒八字，\n然后闭上了嘴。	なんだか言いづらそうに口をへの字にして、\n閉ざしてしまうプーカ。
03.txt.json	0	*top	975	0					なんだよ？	怎么了？	なんだよ？
03.txt.json	0	*top	976	0					言いにくそうだけど、こいつは黙ってる性格じゃないので、\nこっちからはとくに言葉を続けず反応を待った。	她看起来似乎很难开口，可这家伙并不是会沉默不语的性格，\n所以我没有继续追问，只是等着她的反应。	言いにくそうだけど、こいつは黙ってる性格じゃないので、\nこっちからはとくに言葉を続けず反応を待った。
03.txt.json	0	*top	977	0	プーカ	普卡	puca0336		「……」	「……」	「……」
03.txt.json	0	*top	978	0	プーカ	普卡	puca0337		「待ってたかったの」	「我想等你回来的」	「待ってたかったの」
03.txt.json	0	*top	979	0	稔	稔			「どうして」	「为什么」	「どうして」
03.txt.json	0	*top	980	0	プーカ	普卡	puca0338		「だって。\n帰り、１人だったから」	「因为。\n回去的时候，只有我一个人」	「だって。\n帰り、１人だったから」
03.txt.json	0	*top	981	0	稔	稔			「ん……」	「嗯……」	「ん……」
03.txt.json	0	*top	982	0	プーカ	普卡	puca0339		「……」	「……」	「……」
03.txt.json	0	*top	983	0					また口を閉じる。	她又闭上了嘴。	また口を閉じる。
03.txt.json	0	*top	984	0					でもまあ、だいたい分かった。	不过，我大概明白了。	でもまあ、だいたい分かった。
03.txt.json	0	*top	985	0					何の気なしに店まで来て。	她就这么不知不觉地来到了店里。	何の気なしに店まで来て。
03.txt.json	0	*top	986	0					でも帰り道は１人。	可回去的时候，却只有她一个人。	でも帰り道は１人。
03.txt.json	0	*top	987	0					周りには、楽しそうにしてる人が大勢いるなか、\nプーカは誰にも見られない。	周围明明有那么多人正开心地玩闹着，\n可谁也看不见普卡。	周りには、楽しそうにしてる人が大勢いるなか、\nプーカは誰にも見られない。
03.txt.json	0	*top	988	0					そうか。	原来如此。	そうか。
03.txt.json	0	*top	989	0					寂しくなっちゃったか。	她是感到寂寞了吧。	寂しくなっちゃったか。
03.txt.json	0	*top	990	0					１２００人とは言わなくても、\nもうちょっと欲しいよな。	就算不说要有1200人，再多来点总是好的吧。	１２００人とは言わなくても、\nもうちょっと欲しいよな。
03.txt.json	0	*top	991	0	稔	稔			「……」	「……」	「……」
03.txt.json	0	*top	992	0	稔	稔			「でも夜更かしはダメだ。ちゃんと寝なさい」	「但是不许熬夜。好好睡觉」	「でも夜更かしはダメだ。ちゃんと寝なさい」
03.txt.json	0	*top	993	0	プーカ	普卡	puca0340		「うー」	「呜」	「うー」
03.txt.json	0	*top	994	0	稔	稔			「おっきくなれないぞ。\n寝不足はお肌の大敵だし、太りやすくなるし」	「这样可长不大哦。睡眠不足是皮肤的大敌，而且还容易发胖」	「おっきくなれないぞ。\n寝不足はお肌の大敵だし、太りやすくなるし」
03.txt.json	0	*top	995	0	プーカ	普卡	puca0341		「ママかよ」	「你是我妈吗」	「ママかよ」
03.txt.json	0	*top	996	0	稔	稔			「ほれ、こっち来い」	「来，过来这边」	「ほれ、こっち来い」
03.txt.json	0	*top	997	0					ベッドに連れて行ってやる。	我把她带到床边。	ベッドに連れて行ってやる。
03.txt.json	0	*top	998	0					不服そうなプーカだが、時間が時間だ。\n眠気には勝てないようで、静かに従った。	普卡一脸不服，但毕竟时间已经不早了。\n看来她还是敌不过睡意，安静地顺从了。	不服そうなプーカだが、時間が時間だ。\n眠気には勝てないようで、静かに従った。
03.txt.json	0	*top	999	0					１人が寂しい。	一个人很寂寞。	１人が寂しい。
03.txt.json	0	*top	1000	0					ってのは、考えちゃうとどうしようもないよな。	这种事一旦想起来，就没办法了啊。	ってのは、考えちゃうとどうしようもないよな。
03.txt.json	0	*top	1001	0					といってそれで俺が仕事を辞めるってのも大げさな話だ。\nこっちにも生活がある。	话虽如此，要是因此就让我辞掉工作，也未免太夸张了。\n我这边也得生活啊。	といってそれで俺が仕事を辞めるってのも大げさな話だ。\nこっちにも生活がある。
03.txt.json	0	*top	1002	0					せめてもう１人、	至少再来一个人、	せめてもう１人、
03.txt.json	0	*top	1003	0					もう１人誰か、プーカと話せるやつがいればいいんだが。	要是还有谁能和普卡说说话就好了。	もう１人誰か、プーカと話せるやつがいればいいんだが。
03.txt.json	0	*top	1004	0	プーカ	普卡	puca0342		「んにぃい」	「嗯呜」	「んにぃい」
03.txt.json	0	*top	1005	0					ベッドに入ると、さっそく眠気がきたのか、\nむにゃつきだすプーカ。	一进到床上，普卡似乎立刻就犯困了，\n开始迷迷糊糊地嘟囔起来。	ベッドに入ると、さっそく眠気がきたのか、\nむにゃつきだすプーカ。
03.txt.json	0	*top	1006	0					俺はそんな頭を撫でてやる。	我抚摸着她那颗脑袋。	俺はそんな頭を撫でてやる。
03.txt.json	0	*top	1007	0					ウサ耳がちょっと邪魔な丸い頭。	一颗圆圆的脑袋，只是兔耳朵有点碍事。	ウサ耳がちょっと邪魔な丸い頭。
03.txt.json	0	*top	1008	0					撫でていると、プーカはすぐに力を抜いた。	我抚摸着她时，普卡很快就放松了下来。	撫でていると、プーカはすぐに力を抜いた。
03.txt.json	0	*top	1009	0	プーカ	普卡	puca0343		「……」	「……」	「……」
03.txt.json	0	*top	1010	0					この世界で、俺にしか見えない女の子。	这个世界上，只有我能看见的女孩。	この世界で、俺にしか見えない女の子。
03.txt.json	0	*top	1011	0					俺にしか触れない。俺としかしゃべれない。	只有我能触碰到她。也只有我能和她说话。	俺にしか触れない。俺としかしゃべれない。
03.txt.json	0	*top	1012	0					俺は慣れてきたけど、	我已经习惯了，不过、	俺は慣れてきたけど、
03.txt.json	0	*top	1013	0					こいつはそんな環境、どう思ってるんだろう。	这家伙会怎么看待这种环境呢。	こいつはそんな環境、どう思ってるんだろう。
03.txt.json	0	*top	1014	0	プーカ	普卡	puca0344		「稔くん」	「稔君」	「稔くん」
03.txt.json	0	*top	1015	0	稔	稔			「うん？」	「嗯？」	「うん？」
03.txt.json	0	*top	1016	0	プーカ	普卡	puca0345		「……」	「……」	「……」
03.txt.json	0	*top	1017	0	プーカ	普卡	puca0346		「ありがとー」	「谢啦」	「ありがとー」
03.txt.json	0	*top	1018	0	稔	稔			「……」	「……」	「……」
03.txt.json	0	*top	1019	0					・・・・・	……	・・・・・
03.txt.json	0	*top	1020	0					・・・・	・・・・	・・・・
03.txt.json	0	*top	1021	0					・・・	・・・	・・・
04.txt.json	0	*top	0	0					――キュポッ。	――啵。	――キュポッ。
04.txt.json	0	*top	1	0					新しいジャムの瓶をあける。	打开新的果酱瓶。	新しいジャムの瓶をあける。
04.txt.json	0	*top	2	0					醤油にみりんに……えっと？\nオリーブオイルが少ないな。	酱油、味醂……呃？\n橄榄油不太够了。	醤油にみりんに……えっと？\nオリーブオイルが少ないな。
04.txt.json	0	*top	3	0					ソース作り……今日の分は少なくしないと。	做酱汁……今天得少做一点才行。	ソース作り……今日の分は少なくしないと。
04.txt.json	0	*top	4	0	プーカ	普卡	puca0347		「んにぃ」	「嗯呜」	「んにぃ」
04.txt.json	0	*top	5	0	プーカ	普卡	puca0348		「ふぁ？」	「哈？」	「ふぁ？」
04.txt.json	0	*top	6	0	稔	稔			「起きたか」	「醒了啊」	「起きたか」
04.txt.json	0	*top	7	0	プーカ	普卡	puca0349		「あー、稔くんおはよー」	「啊——稔君，早上好」	「あー、稔くんおはよー」
04.txt.json	0	*top	8	0	プーカ	普卡	puca0350		「うあ？　あれ、もうお昼？」	「呜啊？　咦，已经中午了？」	「うあ？　あれ、もうお昼？」
04.txt.json	0	*top	9	0	稔	稔			「ああ」	「嗯」	「ああ」
04.txt.json	0	*top	10	0					昨日はさすがに遅すぎたので、プーカが起きたのは\n正午過ぎだった。	昨天实在睡得太晚了，所以普卡醒来时已经\n过了正午。	昨日はさすがに遅すぎたので、プーカが起きたのは\n正午過ぎだった。
04.txt.json	0	*top	11	0	プーカ	普卡	puca0351		「んぅー、うー」	「嗯呜——呜」	「んぅー、うー」
04.txt.json	0	*top	12	0	稔	稔			「歯ぁみがいて顔あらってこい。\nいま朝メシという名の昼メシ作ってるから」	「去刷牙洗脸。\n我现在正做着名为早餐的午餐呢」	「歯ぁみがいて顔あらってこい。\nいま朝メシという名の昼メシ作ってるから」
04.txt.json	0	*top	13	0	プーカ	普卡	puca0352		「ういー」	「好」	「ういー」
04.txt.json	0	*top	14	0					目元をごしごししながら洗面所へ引っ込んでいく。	她一边揉着眼睛，一边走进了洗手间。	目元をごしごししながら洗面所へ引っ込んでいく。
04.txt.json	0	*top	15	0					昼は……オムライスにでもするか。	中午……做个蛋包饭吧。	昼は……オムライスにでもするか。
04.txt.json	0	*top	16	0					ローストビーフの仕込みに作ったソースは、\n洋食系ならだいたい代用できる。	为准备烤牛肉而做的酱汁，\n大多数西餐都可以拿来代用。	ローストビーフの仕込みに作ったソースは、\n洋食系ならだいたい代用できる。
04.txt.json	0	*top	17	0					いつもより量が少ないので、とろみが付くのも早かった。	因为量比平时少，所以很快就变得浓稠了。	いつもより量が少ないので、とろみが付くのも早かった。
04.txt.json	0	*top	18	0	稔	稔			「……」	「……」	「……」
04.txt.json	0	*top	19	0					今日のは、	今天这份嘛、	今日のは、
04.txt.json	0	*top	20	0					９１点かな。まあまあいい味に出来た。	算91分吧。味道做得还不错。	９１点かな。まあまあいい味に出来た。
04.txt.json	0	*top	21	0	美世	美世	miyo0056		「あんたまだそれ作ってるの？」	「你还在做那个啊？」	「あんたまだそれ作ってるの？」
04.txt.json	0	*top	22	0	稔	稔			「ん」	「嗯」	「ん」
04.txt.json	0	*top	23	0					姉さん。	姐。	姉さん。
04.txt.json	0	*top	24	0					来たのか。	你来了啊。	来たのか。
04.txt.json	0	*top	25	0	美世	美世	miyo0057		「あたしが向こうで聞いたソースを和風アレンジしたやつ。\nお店で出してるんだっけ」	「就是我在那边听说的酱汁，改成了日式风味。\n你在店里卖这个来着」	「あたしが向こうで聞いたソースを和風アレンジしたやつ。\nお店で出してるんだっけ」
04.txt.json	0	*top	26	0	美世	美世	miyo0058		「ウケはいいの？\nマジ適当だったから、なんか恥ずかしいんだけど」	「受欢迎吗？\n我当时真的就是随便做的，总觉得有点丢人」	「ウケはいいの？\nマジ適当だったから、なんか恥ずかしいんだけど」
04.txt.json	0	*top	27	0	稔	稔			「ウケてるよ。うちの店の人気ナンバー１だ」	「很受欢迎。这可是咱们店的人气第一」	「ウケてるよ。うちの店の人気ナンバー１だ」
04.txt.json	0	*top	28	0	美世	美世	miyo0059		「……ならいっか」	「……那就算了」	「……ならいっか」
04.txt.json	0	*top	29	0	稔	稔			「昼メシ、食ってく？　いまなら作れるけど」	「要不要在这儿吃午饭？　现在的话我可以做」	「昼メシ、食ってく？　いまなら作れるけど」
04.txt.json	0	*top	30	0	美世	美世	miyo0060		「いらね」	「不用」	「いらね」
04.txt.json	0	*top	31	0					そう。	这样啊。	そう。
04.txt.json	0	*top	32	0					言いながら、俺の手元を覗き込む姉さん。	嘴上这么说，姐姐却探头看向我手边。	言いながら、俺の手元を覗き込む姉さん。
04.txt.json	0	*top	33	0	美世	美世	miyo0061		「……」	「……」	「……」
04.txt.json	0	*top	34	0	美世	美世	miyo0062		「はあ」	「哈啊」	「はあ」
04.txt.json	0	*top	35	0	美世	美世	miyo0063		「２人分あるねえ」	「看起来是两人份呢」	「２人分あるねえ」
04.txt.json	0	*top	36	0	稔	稔			「ああ」	「嗯」	「ああ」
04.txt.json	0	*top	37	0	美世	美世	miyo0064		「見える見えないを通り越して、同棲始めたわけ？」	「已经不只是能不能看见的问题，连同居都开始了？」	「見える見えないを通り越して、同棲始めたわけ？」
04.txt.json	0	*top	38	0	稔	稔			「……」	「……」	「……」
04.txt.json	0	*top	39	0	プーカ	普卡	puca0353		「ふはー、目ぇさめたぁ」	「呼啊——醒了」	「ふはー、目ぇさめたぁ」
04.txt.json	0	*top	40	0	プーカ	普卡	puca0354		「あれ。おねーさん、どもーっす」	「哎呀。姐姐，嗨」	「あれ。おねーさん、どもーっす」
04.txt.json	0	*top	41	0	美世	美世	miyo0065		「……」	「……」	「……」
04.txt.json	0	*top	42	0	美世	美世	miyo0066		「歯ブラシも２本だしてある」	「连牙刷都拿出来两把了」	「歯ブラシも２本だしてある」
04.txt.json	0	*top	43	0	稔	稔			「いいだろ別に」	「有什么不行的」	「いいだろ別に」
04.txt.json	0	*top	44	0	美世	美世	miyo0067		「ねえ、病院、２回目はいつ行くの？」	「喂，医院，第二次什么时候去？」	「ねえ、病院、２回目はいつ行くの？」
04.txt.json	0	*top	45	0	稔	稔			「黙ってくれ」	「你给我闭嘴」	「黙ってくれ」
04.txt.json	0	*top	46	0	プーカ	普卡	puca0355		「また病院行くの？\nんふふふ、きゃわいー幼なじみに会いにいくのかな？」	「还要去医院？\n嗯呵呵呵，是要去见可爱的青梅竹马吧？」	「また病院行くの？\nんふふふ、きゃわいー幼なじみに会いにいくのかな？」
04.txt.json	0	*top	47	0					お前はほんとに黙ってろ。	你给我真的闭嘴。	お前はほんとに黙ってろ。
04.txt.json	0	*top	48	0					プーカには姉さんが見えている。	普卡能看见姐姐。	プーカには姉さんが見えている。
04.txt.json	0	*top	49	0					でもやはり姉さんは、プーカには一瞥もくれることなく、	但姐姐果然还是连一眼都没有看向普卡、	でもやはり姉さんは、プーカには一瞥もくれることなく、
04.txt.json	0	*top	50	0	美世	美世	miyo0068		「ねえ稔。ほんとに、ほんとにこのままでいいの？」	「喂，稔。真的，真的这样下去没问题吗？」	「ねえ稔。ほんとに、ほんとにこのままでいいの？」
04.txt.json	0	*top	51	0	美世	美世	miyo0069		「いまはまだ普通でも、このままもっと症状が重くなるかも。\nもう他の人とコミュニケーションとれなくなるかも」	「现在看起来或许还算正常，但症状可能会就这样越来越严重。\n说不定以后就再也没法和其他人交流了」	「いまはまだ普通でも、このままもっと症状が重くなるかも。\nもう他の人とコミュニケーションとれなくなるかも」
04.txt.json	0	*top	52	0	美世	美世	miyo0070		「いまならまだどうにか出来るんじゃないの？」	「现在的话，应该还来得及想想办法吧？」	「いまならまだどうにか出来るんじゃないの？」
04.txt.json	0	*top	53	0	稔	稔			「……」	「……」	「……」
04.txt.json	0	*top	54	0					うるせーなあ。	真是吵死了。	うるせーなあ。
04.txt.json	0	*top	55	0					治せ。って言われて治るもんなら、\nこっちだってとっとと治してるわ。	要是光说一句“治好它”就能治好的话，\n我早就赶紧治了。	治せ。って言われて治るもんなら、\nこっちだってとっとと治してるわ。
04.txt.json	0	*top	56	0					プーカが見えなくなる方法……。\nそもそもどうすればいいか分からないし、	让普卡消失的方法……\n说到底，我连该怎么做都不知道、	プーカが見えなくなる方法……。\nそもそもどうすればいいか分からないし、
04.txt.json	0	*top	57	0					そうでなくても、俺が反応しなくなったら、	就算不是这样，要是我不再回应了、	そうでなくても、俺が反応しなくなったら、
04.txt.json	0	*top	58	0					プーカがひとりぼっちになる。	普卡就会变成孤零零的一个人。	プーカがひとりぼっちになる。
04.txt.json	0	*top	59	0	美世	美世	miyo0071		「……」	「……」	「……」
04.txt.json	0	*top	60	0	美世	美世	miyo0072		「イマジナリーフレンドを否定する気はないけど」	「我没有想否定你的假想朋友」	「イマジナリーフレンドを否定する気はないけど」
04.txt.json	0	*top	61	0	美世	美世	miyo0073		「現実から目を背けてられない。そんな日がきっとくるよ」	「但你也不能一直逃避现实。那一天肯定会到来的」	「現実から目を背けてられない。そんな日がきっとくるよ」
04.txt.json	0	*top	62	0	稔	稔			「……」	「……」	「……」
04.txt.json	0	*top	63	0	美世	美世	miyo0074		「あんたの人生なんだから」	「因为那是你自己的人生」	「あんたの人生なんだから」
04.txt.json	0	*top	64	0	美世	美世	miyo0075		「もうちょっと考えなさい」	「你再好好想想」	「もうちょっと考えなさい」
04.txt.json	0	*top	65	0					言うだけ言って出て行く姉さん。	姐姐说完这些就出去了。	言うだけ言って出て行く姉さん。
04.txt.json	0	*top	66	0					……ちっ。	……啧。	……ちっ。
04.txt.json	0	*top	67	0	プーカ	普卡	puca0356		「あれ。お姉さんご飯食べていかないの？」	「咦。姐姐不留下吃饭吗？」	「あれ。お姉さんご飯食べていかないの？」
04.txt.json	0	*top	68	0	稔	稔			「だとさ。皿の用意してくれ」	「她是这么说的。帮我把盘子准备好」	「だとさ。皿の用意してくれ」
04.txt.json	0	*top	69	0	プーカ	普卡	puca0357		「ういー」	「好」	「ういー」
04.txt.json	0	*top	70	0					言えば素直に皿とスプーンを用意するプーカ。	只要一说，普卡便乖乖地准备好盘子和勺子。	言えば素直に皿とスプーンを用意するプーカ。
04.txt.json	0	*top	71	0	稔	稔			「……」	「……」	「……」
04.txt.json	0	*top	72	0					この光景は姉さんにはどう見えるんだろう。	这幅景象在姐姐眼里会是什么样的呢。	この光景は姉さんにはどう見えるんだろう。
04.txt.json	0	*top	73	0					皿が勝手にふよふよ浮いてくる？	盘子自己飘飘悠悠地浮过来？	皿が勝手にふよふよ浮いてくる？
04.txt.json	0	*top	74	0					それとも俺が無意識に用意してるのか。	还是说，是我在无意识中准备的。	それとも俺が無意識に用意してるのか。
04.txt.json	0	*top	75	0					……どっちも考えたくねーな。	……我可不想考虑这两种情况中的任何一种。	……どっちも考えたくねーな。
04.txt.json	0	*top	76	0	プーカ	普卡	puca0358		「３０巻までいいの！？」	「可以看到第三十卷吗！？」	「３０巻までいいの！？」
04.txt.json	0	*top	77	0	稔	稔			「ああ」	「嗯」	「ああ」
04.txt.json	0	*top	78	0					ひと晩寝て、プーカはすっかり元気になっているが。	睡了一晚，普卡已经完全恢复精神了。	ひと晩寝て、プーカはすっかり元気になっているが。
04.txt.json	0	*top	79	0					それでも昨日のヘコみっぷりは気になる。	不过，她昨天那副消沉的样子还是让我有些在意。	それでも昨日のヘコみっぷりは気になる。
04.txt.json	0	*top	80	0					この歳で毎日部屋に１人ってのも可哀想だし。\nマンガくらい買ってやることにした。	她这个年纪，每天一个人待在房间里也挺可怜的。\n所以我决定至少给她买点漫画。	この歳で毎日部屋に１人ってのも可哀想だし。\nマンガくらい買ってやることにした。
04.txt.json	0	*top	81	0					１０冊だけな。	只能买十本啊。	１０冊だけな。
04.txt.json	0	*top	82	0					読み終わったあとまだ寂しがってたら\nそのたびに買い足すパターンでいいだろう。	要是她看完之后还觉得寂寞，\n那以后每次再给她买一些就行了。	読み終わったあとまだ寂しがってたら\nそのたびに買い足すパターンでいいだろう。
04.txt.json	0	*top	83	0	プーカ	普卡	puca0359		「ふふふーん♪　なんか今日稔くん優しーい」	「哼哼哼♪　稔君今天好温柔哦」	「ふふふーん♪　なんか今日稔くん優しーい」
04.txt.json	0	*top	84	0	プーカ	普卡	puca0360		「ここはもっと甘えとけってことかぁ？\nねえねえ、ついでにショッピング行きたーい」	「这是让我再撒娇一点的意思吗？\n呐呐，我还想顺便去逛街」	「ここはもっと甘えとけってことかぁ？\nねえねえ、ついでにショッピング行きたーい」
04.txt.json	0	*top	85	0	稔	稔			「それは……勘弁しろ」	「那个……饶了我吧」	「それは……勘弁しろ」
04.txt.json	0	*top	86	0					てか外ではしゃぐな。\n人目があってリアクションとりにくいんだ。	话说，别在外面这么兴奋。\n周围有人看着，我很难做出反应。	てか外ではしゃぐな。\n人目があってリアクションとりにくいんだ。
04.txt.json	0	*top	87	0					浮かれてるのか、腕にすがりついてくるのを\n振りほどくのも難しい。	她兴冲冲地抱住我的胳膊，\n想把她甩开也很困难。	浮かれてるのか、腕にすがりついてくるのを\n振りほどくのも難しい。
04.txt.json	0	*top	88	0					ったく。	真是的。	ったく。
04.txt.json	0	*top	89	0					寂しがり屋なとこ見せられるのも困るけど、\n甘やかすのも一苦労だな……。	被她看到自己寂寞的一面也很伤脑筋，\n要宠着她也真够费劲的……。	寂しがり屋なとこ見せられるのも困るけど、\n甘やかすのも一苦労だな……。
04.txt.json	0	*top	90	0	乃良	乃良	nora0021	少女	「……」	「……」	「……」
04.txt.json	0	*top	91	0					ん……。	嗯……。	ん……。
04.txt.json	0	*top	92	0					ふと、	不经意间、	ふと、
04.txt.json	0	*top	93	0					ちょうどうちのバーの前を通りかかったとき、\n見覚えのあるパーカーを見つけた。	正好路过自家酒吧门前时，我发现了那件似曾相识的连帽衫。\n。	ちょうどうちのバーの前を通りかかったとき、\n見覚えのあるパーカーを見つけた。
04.txt.json	0	*top	94	0					耳つきパーカー……確か前にうちに来た客と同じ。	带兔耳的连帽衫……我记得，和之前来过我店里的那位客人穿的是同一件。	耳つきパーカー……確か前にうちに来た客と同じ。
04.txt.json	0	*top	95	0					思って顔を確かめると、彼女だ。	这么想着确认了一下她的脸，果然是她。	思って顔を確かめると、彼女だ。
04.txt.json	0	*top	96	0					前に店で、オレンジジュースで閉店まで粘った子。	就是之前在店里靠一杯橙汁待到打烊的那个女孩。	前に店で、オレンジジュースで閉店まで粘った子。
04.txt.json	0	*top	97	0					店の前にいる。	她就在店门前。	店の前にいる。
04.txt.json	0	*top	98	0					……いや、ちょっとずれてるか？　あの位置は……。	……不，好像稍微偏了一点？那个位置是……。	……いや、ちょっとずれてるか？　あの位置は……。
04.txt.json	0	*top	99	0					えと、	那个、	えと、
04.txt.json	0	*top	100	0	乃良	乃良	nora0022	少女	「ん……」	「嗯……」	「ん……」
04.txt.json	0	*top	101	0					……と、向こうも俺に気付いて、	……就在这时，对方也注意到了我、	……と、向こうも俺に気付いて、
04.txt.json	0	*top	102	0	乃良	乃良	nora0023	少女	「！」	「！」	「！」
04.txt.json	0	*top	103	0					目をまん丸にした。	双眼瞪得圆圆的。	目をまん丸にした。
04.txt.json	0	*top	104	0					なんだ？　なんか驚いて……。	怎么了？好像很惊讶……。	なんだ？　なんか驚いて……。
04.txt.json	0	*top	105	0					ああ、行っちゃった。	啊，她走掉了。	ああ、行っちゃった。
04.txt.json	0	*top	106	0					うちの店に来たのなら、開店時間までは\nまだだいぶあるから声をかけようとしたのだが。	既然她是来我店里的，距离开店时间\n还早得很，我本想叫住她来着。	うちの店に来たのなら、開店時間までは\nまだだいぶあるから声をかけようとしたのだが。
04.txt.json	0	*top	107	0					んー、	嗯、	んー、
04.txt.json	0	*top	108	0					まあいいか。	算了。	まあいいか。
04.txt.json	0	*top	109	0					うちの店に用事だったかも分からないしな。	我也不知道她是不是有事要来我店里。	うちの店に用事だったかも分からないしな。
04.txt.json	0	*top	110	0					立ってた位置も、バーとは少し離れてる。	而且她站的位置也离酒吧有点远。	立ってた位置も、バーとは少し離れてる。
04.txt.json	0	*top	111	0					レンタルビデオ屋の前だ。	是在出租录像带店门前。	レンタルビデオ屋の前だ。
04.txt.json	0	*top	112	0	プーカ	普卡	puca0361		「ブラックカラント！」	「黑加仑！」	「ブラックカラント！」
04.txt.json	0	*top	113	0	稔	稔			「急にどうした」	「怎么突然这样」	「急にどうした」
04.txt.json	0	*top	114	0	プーカ	普卡	puca0362		「見てこれブラックカラント！　カシスだって！」	「你看这个，黑加仑！是黑醋栗哦！」	「見てこれブラックカラント！　カシスだって！」
04.txt.json	0	*top	115	0					急に大声を出すプーカにつられて、\n置いてある看板に目を向けた。	被突然大声嚷嚷的普卡带动，我也看向了放在那里的招牌。\n。	急に大声を出すプーカにつられて、\n置いてある看板に目を向けた。
04.txt.json	0	*top	116	0					なになに。\n『ポーランドから届いた甘い誘惑　カシスフェア開催中』。	什么什么。\n『来自波兰的甜蜜诱惑　黑醋栗节举办中』。	なになに。\n『ポーランドから届いた甘い誘惑　カシスフェア開催中』。
04.txt.json	0	*top	117	0					下に大きな矢印で、商店街の外に出るよう誘導している。	下方画着一个大大的箭头，引导人们走出商店街。	下に大きな矢印で、商店街の外に出るよう誘導している。
04.txt.json	0	*top	118	0	稔	稔			「あー……あったなあこの辺にデカいフルーツパーラー」	「啊——……我记得这附近有家很大的水果甜品店」	「あー……あったなあこの辺にデカいフルーツパーラー」
04.txt.json	0	*top	119	0					うちみたいな夜だけ開くバーとは真逆。	和我们这种只在晚上营业的酒吧正好相反。	うちみたいな夜だけ開くバーとは真逆。
04.txt.json	0	*top	120	0					昼だけ営業してる、なんていうか、明るい店。	只在白天营业，怎么说呢，是一家很明亮的店。	昼だけ営業してる、なんていうか、明るい店。
04.txt.json	0	*top	121	0	プーカ	普卡	puca0363		「食べたい！　ねえ食べてこ、フェアだってフェア」	「我想吃！呐呐，我们去吃吧，说是有活动呢，有活动」	「食べたい！　ねえ食べてこ、フェアだってフェア」
04.txt.json	0	*top	122	0	稔	稔			「ええ……やだよ」	「不要……我才不去」	「ええ……やだよ」
04.txt.json	0	*top	123	0					こういうとこって客層９割女だろ。\n男が、しかも１人で入るのはキツい。	这种地方的客人九成都是女的吧。\n让一个男的，还是单独一个人进去，实在太难受了。	こういうとこって客層９割女だろ。\n男が、しかも１人で入るのはキツい。
04.txt.json	0	*top	124	0	プーカ	普卡	puca0364		「食べたい食べたいたーべーたーいー！」	「想吃想吃我想吃——我想吃！」	「食べたい食べたいたーべーたーいー！」
04.txt.json	0	*top	125	0	稔	稔			「今日はぎゅんたまじゃないのか」	「今天不看《银魂》吗」	「今日はぎゅんたまじゃないのか」
04.txt.json	0	*top	126	0	プーカ	普卡	puca0365		「５冊でいい。今日は２５巻まででいいから」	「五本就行。今天看到第二十五卷就可以了」	「５冊でいい。今日は２５巻まででいいから」
04.txt.json	0	*top	127	0	プーカ	普卡	puca0366		「ねっ、ねっ、ここでカシスと出会うなんて\nもう、これ、運命だよ」	「对吧、对吧，居然能在这里遇见黑醋栗，\n这、这一定就是命运啊」	「ねっ、ねっ、ここでカシスと出会うなんて\nもう、これ、運命だよ」
04.txt.json	0	*top	128	0	プーカ	普卡	puca0367		「これはこのフェアに参加して、あのソースをもっと\n美味しくしろっていう神さまの思し召しだよ！」	「这是神明在暗示我们要参加这个活动，\n把那个酱汁做得更好吃吧！」	「これはこのフェアに参加して、あのソースをもっと\n美味しくしろっていう神さまの思し召しだよ！」
04.txt.json	0	*top	129	0	稔	稔			「……」	「……」	「……」
04.txt.json	0	*top	130	0					やだなあ。	真不想去啊。	やだなあ。
04.txt.json	0	*top	131	0					でも、	可是、	でも、
04.txt.json	0	*top	132	0					ソースの研究になる……。	这也能用来研究酱汁……。	ソースの研究になる……。
04.txt.json	0	*top	133	0	プーカ	普卡	puca0368		「ぐぬぬ、こんなに言ってもダメなら」	「唔唔，既然我都说到这个份上了你还不答应，那就」	「ぐぬぬ、こんなに言ってもダメなら」
04.txt.json	0	*top	134	0	プーカ	普卡	puca0369		「色仕掛けだ！\nほーれ稔くん、お尻ふりふり～、しっぽ触っていいよ～」	「美人计！\n来嘛，稔君，扭扭屁股～尾巴可以让你摸哦～」	「色仕掛けだ！\nほーれ稔くん、お尻ふりふり～、しっぽ触っていいよ～」
04.txt.json	0	*top	135	0	稔	稔			「色仕掛けの基準が雑」	「美人计的标准也太随便了吧」	「色仕掛けの基準が雑」
04.txt.json	0	*top	136	0	稔	稔			「分かった分かった。１５分だけな」	「知道了知道了。就十五分钟啊」	「分かった分かった。１５分だけな」
04.txt.json	0	*top	137	0	プーカ	普卡	puca0370		「やったぁ！」	「好耶！」	「やったぁ！」
04.txt.json	0	*top	138	0					あまり長時間はキツいけど、\nさっと食ってさっと出れば問題ないさ。	虽然待太久会有点吃不消，\n但只要赶紧吃完赶紧走就没问题。	あまり長時間はキツいけど、\nさっと食ってさっと出れば問題ないさ。
04.txt.json	0	*top	139	0					商店街を抜けてパーラーにお邪魔した。	穿过商店街后，我们来到了咖啡厅。	商店街を抜けてパーラーにお邪魔した。
04.txt.json	0	*top	140	0	稔	稔			「俺はコーヒーだけ。お前はカシスのなんかを頼む。\nお前の飲み物は水だけで我慢しろ。\nこれであくまで食べてるのは１人分で通じるはずだ」	「我只要咖啡。你点个黑加仑什么的。\n你的饮料就只准喝水，忍着吧。\n这样一来，应该就能糊弄过去，说到底只有一个人的分量」	「俺はコーヒーだけ。お前はカシスのなんかを頼む。\nお前の飲み物は水だけで我慢しろ。\nこれであくまで食べてるのは１人分で通じるはずだ」
04.txt.json	0	*top	141	0	プーカ	普卡	puca0371		「うんっ」	「嗯」	「うんっ」
04.txt.json	0	*top	142	0					そんなわけで、実質１人で入るようにして、	于是，我们便装作实际上只有一个人进店、	そんなわけで、実質１人で入るようにして、
04.txt.json	0	*top	143	0	店員さん	店员桑	m_clerk0001		「ご注文は？」	「请问要点些什么？」	「ご注文は？」
04.txt.json	0	*top	144	0	稔	稔			「コーヒー、ホットと……」	「咖啡，要热的，还有……」	「コーヒー、ホットと……」
04.txt.json	0	*top	145	0	プーカ	普卡	puca0372		「んー、じゃあねえ……」	「嗯——那就……」	「んー、じゃあねえ……」
04.txt.json	0	*top	146	0	プーカ	普卡	puca0373		「ミラクルデラックスパフェ！」	「奇迹豪华芭菲！」	「ミラクルデラックスパフェ！」
04.txt.json	0	*top	147	0	稔	稔			「げ」	「呃」	「げ」
04.txt.json	0	*top	148	0	店員さん	店员桑	m_clerk0002		「どうかなさいました？」	「您怎么了吗？」	「どうかなさいました？」
04.txt.json	0	*top	149	0	稔	稔			「……いえ」	「……没什么」	「……いえ」
04.txt.json	0	*top	150	0					ったく。	真是的。	ったく。
04.txt.json	0	*top	151	0	プーカ	普卡	puca0374		「うほ～、でけぇ～」	「呜呼～好大啊～」	「うほ～、でけぇ～」
04.txt.json	0	*top	152	0	稔	稔			「……はあ」	「……唉」	「……はあ」
04.txt.json	0	*top	153	0	プーカ	普卡	puca0375		「あまりの美味しそっぷりに、\n稔くんもついついため息がでてしまっています」	「因为实在太好吃的样子了，\n稔君也不由得叹了口气」	「あまりの美味しそっぷりに、\n稔くんもついついため息がでてしまっています」
04.txt.json	0	*top	154	0	稔	稔			「そういう意味のため息じゃない」	「不是那个意思的叹气」	「そういう意味のため息じゃない」
04.txt.json	0	*top	155	0					デカいだろ。	很大吧。	デカいだろ。
04.txt.json	0	*top	156	0					男１人で、パフェって時点できついのに、\n一番デカいのを頼むなよ。	光是一个男人来吃芭菲就够难为情了，\n你还偏偏点最大的。	男１人で、パフェって時点できついのに、\n一番デカいのを頼むなよ。
04.txt.json	0	*top	157	0	稔	稔			「もういいから、さっさと食っちゃってくれ。\n早く出たい」	「行了，赶紧吃掉吧。\n我想早点出去」	「もういいから、さっさと食っちゃってくれ。\n早く出たい」
04.txt.json	0	*top	158	0	プーカ	普卡	puca0376		「こんなンまそうなもんすぐ食べたらもったいない」	「这么看起来就好吃的东西，马上吃掉多可惜啊」	「こんなンまそうなもんすぐ食べたらもったいない」
04.txt.json	0	*top	159	0					はあ……。	唉……。	はあ……。
04.txt.json	0	*top	160	0					思った通りというか、フルーツパーラーなんて\nおしゃれな施設に、男１人の客は俺だけだった。	不出所料，像水果芭菲店这种时髦的地方，\n男客人就只有我一个。	思った通りというか、フルーツパーラーなんて\nおしゃれな施設に、男１人の客は俺だけだった。
04.txt.json	0	*top	161	0					若い女性が半分。\nおばちゃんが２割。お年寄りが３割。	年轻女性占一半。\n大妈占两成。老年人占三成。	若い女性が半分。\nおばちゃんが２割。お年寄りが３割。
04.txt.json	0	*top	162	0					男性客は３割のお年寄り連中のうち、\n夫婦で来ているっぽいなかにおじいちゃんが\n何人かってところだ。	男客人嘛，在那三成的老年人里，\n看起来像是夫妻一起来的那些人中，\n也就有几个老爷爷而已。	男性客は３割のお年寄り連中のうち、\n夫婦で来ているっぽいなかにおじいちゃんが\n何人かってところだ。
04.txt.json	0	*top	163	0					こんなお日様もまだまだ高い時間に来てる若い男は\n俺１人だった。	在太阳还高高挂着的这个时间来这里的年轻男人，\n就只有我一个。	こんなお日様もまだまだ高い時間に来てる若い男は\n俺１人だった。
04.txt.json	0	*top	164	0	プーカ	普卡	puca0377		「おほ～♪　見てみて稔くん。\nここ掘れば掘るほどクリームの下から色々出てくるよ～」	「哦呼～♪　稔，你快看。\n往下挖，挖得越深，奶油下面就会冒出各种东西哦～」	「おほ～♪　見てみて稔くん。\nここ掘れば掘るほどクリームの下から色々出てくるよ～」
04.txt.json	0	*top	165	0	プーカ	普卡	puca0378		「いちごにぃ、リンゴにぃ、\nあっこれシャインマスカットってやつでしょ」	「有草莓、苹果，\n啊，这个就是阳光玫瑰吧」	「いちごにぃ、リンゴにぃ、\nあっこれシャインマスカットってやつでしょ」
04.txt.json	0	*top	166	0	稔	稔			「分かったから。はよ食え」	「知道了，赶紧吃」	「分かったから。はよ食え」
04.txt.json	0	*top	167	0					俺はスマホを片手に、\nいかにも『スマホに夢中で甘い物は二の次です』感を\n出しつつコーヒーに手を伸ばす。	我一手拿着手机，\n摆出一副“我正沉迷于手机，甜食什么的都是次要的”\n的样子，同时伸手去拿咖啡。	俺はスマホを片手に、\nいかにも『スマホに夢中で甘い物は二の次です』感を\n出しつつコーヒーに手を伸ばす。
04.txt.json	0	*top	168	0	プーカ	普卡	puca0379		「たっぷり楽しんだら早くするって」	「等我好好享受完，就马上吃」	「たっぷり楽しんだら早くするって」
04.txt.json	0	*top	169	0					プーカはマイペースだ。くそ。	普卡还真是我行我素。可恶。	プーカはマイペースだ。くそ。
04.txt.json	0	*top	170	0					てか、あれだな。	话说，那个啊。	てか、あれだな。
04.txt.json	0	*top	171	0					よく見たら今日、土曜日じゃねーか。	仔细一看，今天不是星期六吗。	よく見たら今日、土曜日じゃねーか。
04.txt.json	0	*top	172	0					どう見ても学生までウロウロしてる。	怎么看都有学生在这里晃来晃去。	どう見ても学生までウロウロしてる。
04.txt.json	0	*top	173	0					絶対に俺が来る時間じゃなかった。	这绝对不是我该来的时间。	絶対に俺が来る時間じゃなかった。
04.txt.json	0	*top	174	0	プーカ	普卡	puca0380		「はあ～、うめえ～」	「哈啊～真好吃～」	「はあ～、うめえ～」
04.txt.json	0	*top	175	0	プーカ	普卡	puca0381		「ねえねえ稔くん。\nうち、ポテチとかしょっぱい系のお菓子はおいてあるけど\nこういう甘い系も増やすといいと思うんです」	「对了对了，稔。\n我们店里虽然有薯片之类的咸味零食，\n但我觉得也可以多进一些这种甜味的零食呢」	「ねえねえ稔くん。\nうち、ポテチとかしょっぱい系のお菓子はおいてあるけど\nこういう甘い系も増やすといいと思うんです」
04.txt.json	0	*top	176	0	稔	稔			「そうですか」	「这样啊」	「そうですか」
04.txt.json	0	*top	177	0	プーカ	普卡	puca0382		「なぜしょっぱい系しかないんです？\nプーカちゃん、こんなにも甘い物大好きよ？」	「为什么只有咸味的啊？\n普卡可是最喜欢甜食了哦？」	「なぜしょっぱい系しかないんです？\nプーカちゃん、こんなにも甘い物大好きよ？」
04.txt.json	0	*top	178	0	稔	稔			「あれは俺が食うために買った物であって、\nお前が勝手にぱくぱくイッてるのはイレギュラーだからな」	「那些是我买来吃的，\n你自顾自地大口吃个不停才是意外情况吧」	「あれは俺が食うために買った物であって、\nお前が勝手にぱくぱくイッてるのはイレギュラーだからな」
04.txt.json	0	*top	179	0	プーカ	普卡	puca0383		「贅沢は言わないからさあ。冷蔵庫には常時\nアイスとクリームとフルーツ各種を待機させておいて\nあたしが欲しいとき作ってくれるといいと思うよ」	「我也不提什么过分的要求啦。只要冰箱里随时\n备好冰淇淋、奶油和各种水果，\n在我想吃的时候做给我就好了」	「贅沢は言わないからさあ。冷蔵庫には常時\nアイスとクリームとフルーツ各種を待機させておいて\nあたしが欲しいとき作ってくれるといいと思うよ」
04.txt.json	0	*top	180	0	稔	稔			「それはうちのアパートで言えるなかでは\nマックスレベルの贅沢だなあ」	「这已经是咱们这栋公寓里能说的\n最高级别的奢侈了啊」	「それはうちのアパートで言えるなかでは\nマックスレベルの贅沢だなあ」
04.txt.json	0	*top	181	0	プーカ	普卡	puca0384		「なに稔くん。なんか拗ねてる？」	「怎么啦，稔君。你该不会是在闹别扭吧？」	「なに稔くん。なんか拗ねてる？」
04.txt.json	0	*top	182	0	稔	稔			「拗ねてない。頼む。早く食べてくれ」	「我没闹别扭。求你了。快点吃吧」	「拗ねてない。頼む。早く食べてくれ」
04.txt.json	0	*top	183	0	プーカ	普卡	puca0385		「んも～。分かってるって言いたいことは。\nちょっとからかっただけじゃん」	「哎呀～。我知道你想说什么啦。\n我只是稍微逗逗你嘛」	「んも～。分かってるって言いたいことは。\nちょっとからかっただけじゃん」
04.txt.json	0	*top	184	0	プーカ	普卡	puca0386		「これがやってほしいんでしょ。はい」	「你想让我做这个吧。来」	「これがやってほしいんでしょ。はい」
04.txt.json	0	*top	185	0	プーカ	普卡	puca0387		「あーん♪」	「啊——♪」	「あーん♪」
04.txt.json	0	*top	186	0					ごそっとクリームを掬ったスプーンを向けてくる。	她把舀了满满一勺奶油的勺子递了过来。	ごそっとクリームを掬ったスプーンを向けてくる。
04.txt.json	0	*top	187	0	稔	稔			「いらん」	「不要」	「いらん」
04.txt.json	0	*top	188	0	プーカ	普卡	puca0388		「あーん」	「啊」	「あーん」
04.txt.json	0	*top	189	0	稔	稔			「やめろ」	「别来这套」	「やめろ」
04.txt.json	0	*top	190	0	プーカ	普卡	puca0389		「あーーーんーーー」	「啊———来」	「あーーーんーーー」
04.txt.json	0	*top	191	0	稔	稔			「……」	「……」	「……」
04.txt.json	0	*top	192	0					ぱくっ。	啊呜。	ぱくっ。
04.txt.json	0	*top	193	0					秒で全部頬ばり、すぐに顔を引っ込める。	一秒钟就把全部塞进嘴里，立刻缩回了脸。	秒で全部頬ばり、すぐに顔を引っ込める。
04.txt.json	0	*top	194	0	プーカ	普卡	puca0390		「んふふ～、んめーっしょ」	「嗯哼哼～，很好吃吧」	「んふふ～、んめーっしょ」
04.txt.json	0	*top	195	0	稔	稔			「黙れ。早く食え」	「闭嘴。快吃」	「黙れ。早く食え」
04.txt.json	0	*top	196	0					食ったとこ全部クリームじゃねーか。\nフルーツのとこがなきゃ美味いもマズいもねーだろ。	吃掉的地方全是奶油啊。\n没有水果的地方，哪谈得上好吃不好吃。	食ったとこ全部クリームじゃねーか。\nフルーツのとこがなきゃ美味いもマズいもねーだろ。
04.txt.json	0	*top	197	0					って問題はそこじゃなくて、	不过问题不在这里、	って問題はそこじゃなくて、
04.txt.json	0	*top	198	0	稔	稔			「いまこれ、どうやって見えてるんだ俺」	「我现在到底是怎么看见这些的啊」	「いまこれ、どうやって見えてるんだ俺」
04.txt.json	0	*top	199	0	プーカ	普卡	puca0391		「んー？」	「嗯？」	「んー？」
04.txt.json	0	*top	200	0					プーカが食べてるものとか、\n周りからはどう見えるんだろう。	普卡吃的东西之类的，\n在周围人看来会是什么样呢。	プーカが食べてるものとか、\n周りからはどう見えるんだろう。
04.txt.json	0	*top	201	0					猫村はもう『最初からなかった』みたく見てたっけ。	猫村刚才还一副『从一开始就不存在』的样子看着吧。	猫村はもう『最初からなかった』みたく見てたっけ。
04.txt.json	0	*top	202	0					それはこの場の全員に適用されるのか？	这对在场的所有人都适用吗？	それはこの場の全員に適用されるのか？
04.txt.json	0	*top	203	0					これだけ人数がいれば、俺の前においてあるパフェが\n誰かゆっくり消えていくのを認識できるんじゃないか。	如果有这么多人，说不定就能察觉到摆在我面前的芭菲在慢慢消失。	これだけ人数がいれば、俺の前においてあるパフェが\n誰かゆっくり消えていくのを認識できるんじゃないか。
04.txt.json	0	*top	204	0					もしくは周りには俺が食ってるように見えるとか？	又或者，在周围人看来，是我在吃？	もしくは周りには俺が食ってるように見えるとか？
04.txt.json	0	*top	205	0					その場合はどうなる。\nやはりプーカは俺の頭が見せてるだけの……。	那样的话会变成什么样。\n果然，普卡只是我脑子里看到的……。	その場合はどうなる。\nやはりプーカは俺の頭が見せてるだけの……。
04.txt.json	0	*top	206	0	プーカ	普卡	puca0392		「もーっ。そんな拗ねなくてもいいじゃん」	「真是的——不用这么闹别扭吧」	「もーっ。そんな拗ねなくてもいいじゃん」
04.txt.json	0	*top	207	0	稔	稔			「は？」	「哈？」	「は？」
04.txt.json	0	*top	208	0	プーカ	普卡	puca0393		「ちょっと意地悪しただけでしょ。\nそんなむっつりしないの」	「我只是稍微捉弄了你一下嘛。\n别这么闷闷不乐的」	「ちょっと意地悪しただけでしょ。\nそんなむっつりしないの」
04.txt.json	0	*top	209	0	プーカ	普卡	puca0394		「クリームのとこ以外も食べていいってば。\nはい、あーん」	「除了奶油的部分，其他也可以吃哦。\n来，啊」	「クリームのとこ以外も食べていいってば。\nはい、あーん」
04.txt.json	0	*top	210	0					今度はフルーツたっぷりにした塊を差し出してきた。	这次她递过来一大块塞满水果的部分。	今度はフルーツたっぷりにした塊を差し出してきた。
04.txt.json	0	*top	211	0					いや、むっつりしてたわけじゃなくて\n考え事をだな。	不是，我不是在闹别扭，\n只是有点事情在想。	いや、むっつりしてたわけじゃなくて\n考え事をだな。
04.txt.json	0	*top	212	0	プーカ	普卡	puca0395		「ほらぁ、垂れちゃうよ。あーん」	「快点嘛——要滴下来了哦。啊」	「ほらぁ、垂れちゃうよ。あーん」
04.txt.json	0	*top	213	0	稔	稔			「……」	「……」	「……」
04.txt.json	0	*top	214	0					そしてこの状況はどう見えるんだ？	那么，这种状况在别人看来又会是什么样？	そしてこの状況はどう見えるんだ？
04.txt.json	0	*top	215	0					スプーンは宙に浮いてるように見えるのか？\nフルーツは？\n俺が食べたらどう消えたように見えるんだ？	勺子看起来会像是飘在空中吗？\n水果呢？\n我吃掉之后，看起来会像是怎么消失的？	スプーンは宙に浮いてるように見えるのか？\nフルーツは？\n俺が食べたらどう消えたように見えるんだ？
04.txt.json	0	*top	216	0					あー……。	啊……。	あー……。
04.txt.json	0	*top	217	0	プーカ	普卡	puca0396		「ねえ食べないの？」	「喂，你不吃吗？」	「ねえ食べないの？」
04.txt.json	0	*top	218	0	稔	稔			「……」	「……」	「……」
04.txt.json	0	*top	219	0					――ぱくっ。	――啊呜。	――ぱくっ。
04.txt.json	0	*top	220	0					食べた。	吃掉了。	食べた。
04.txt.json	0	*top	221	0					はあ。\nいつの間にか俺、完全にこいつのペースだ。	唉。\n不知不觉间，我已经完全被这家伙牵着鼻子走了。	はあ。\nいつの間にか俺、完全にこいつのペースだ。
04.txt.json	0	*top	222	0	プーカ	普卡	puca0397		「ぬはは～、美味しいでしょ～。\n美味しいときはもっとニコニコしなよ。\nそんなカッコつけてないで」	「呜哈哈～很好吃吧～\n好吃的时候就多笑一笑嘛。\n别摆出那副装酷的样子了」	「ぬはは～、美味しいでしょ～。\n美味しいときはもっとニコニコしなよ。\nそんなカッコつけてないで」
04.txt.json	0	*top	223	0	稔	稔			「うるせえ、さっさと終われ」	「吵死了，赶紧结束吧」	「うるせえ、さっさと終われ」
04.txt.json	0	*top	224	0	プーカ	普卡	puca0398		「はいはい。じゃああたしもたっぷり……」	「好好好。那我也舀满满的……」	「はいはい。じゃああたしもたっぷり……」
04.txt.json	0	*top	225	0					自分の分もたっぷりすくうプーカ。	普卡也给自己舀了满满一勺。	自分の分もたっぷりすくうプーカ。
04.txt.json	0	*top	226	0					いまさらだがこいつ、間接キス的なやつは\n平気なタイプなんだな。	事到如今我才发现，这家伙好像是那种对间接接吻之类的事完全不在意的类型啊。	いまさらだがこいつ、間接キス的なやつは\n平気なタイプなんだな。
04.txt.json	0	*top	227	0					子供ってそういうの逆に気にしやすいって……。	都说小孩子反而更容易在意这种事……。	子供ってそういうの逆に気にしやすいって……。
04.txt.json	0	*top	228	0					――カランッ。	——当啷。	――カランッ。
04.txt.json	0	*top	229	0					おっと。	哎呀。	おっと。
04.txt.json	0	*top	230	0	プーカ	普卡	puca0399		「んあっ」	「唔啊」	「んあっ」
04.txt.json	0	*top	231	0	プーカ	普卡	puca0400		「やっちゃった」	「搞砸了」	「やっちゃった」
04.txt.json	0	*top	232	0	稔	稔			「あーあー」	「啊——啊」	「あーあー」
04.txt.json	0	*top	233	0					テンション上げすぎたか。\nスプーンを落とすプーカ。	是不是兴奋过头了。\n普卡把勺子掉在了地上。	テンション上げすぎたか。\nスプーンを落とすプーカ。
04.txt.json	0	*top	234	0					結構な量のクリームが床にべちょってる。	相当多的奶油黏糊糊地掉在了地板上。	結構な量のクリームが床にべちょってる。
04.txt.json	0	*top	235	0	プーカ	普卡	puca0401		「うーもったいない」	「呜——好浪费」	「うーもったいない」
04.txt.json	0	*top	236	0					床におちたクリームの固まりを恨めしそうに見るプーカ。	普卡满脸遗憾地盯着掉在地上的奶油团。	床におちたクリームの固まりを恨めしそうに見るプーカ。
04.txt.json	0	*top	237	0	プーカ	普卡	puca0402		「……」	「……」	「……」
04.txt.json	0	*top	238	0	プーカ	普卡	puca0403		「ふむ」	「嗯」	「ふむ」
04.txt.json	0	*top	239	0	稔	稔			「もう食えねーぞ」	「已经不能吃了哦」	「もう食えねーぞ」
04.txt.json	0	*top	240	0	プーカ	普卡	puca0404		「うぐっ！」	「呜咕！」	「うぐっ！」
04.txt.json	0	*top	241	0	プーカ	普卡	puca0405		「で、でも上のほう。上の方だけならなんとか」	「可、可是上面的。只吃上面一点的话，应该还行」	「で、でも上のほう。上の方だけならなんとか」
04.txt.json	0	*top	242	0	稔	稔			「本気でやめろ。恥ずかしい」	「认真点，别吃了。很丢人」	「本気でやめろ。恥ずかしい」
04.txt.json	0	*top	243	0	プーカ	普卡	puca0406		「でもぉ」	「可是嘛」	「でもぉ」
04.txt.json	0	*top	244	0	稔	稔			「いくらなんでも落ちたものを――」	「可再怎么说，掉在地上的东西」	「いくらなんでも落ちたものを――」
04.txt.json	0	*top	245	0					あ。	啊。	あ。
04.txt.json	0	*top	246	0	春香	春香	haruka0001	女の子客	「……」	「……」	「……」
04.txt.json	0	*top	247	0					ヤバい。	糟了。	ヤバい。
04.txt.json	0	*top	248	0					口を閉じる。	闭上嘴。	口を閉じる。
04.txt.json	0	*top	249	0					目が合った。	和她对上视线了。	目が合った。
04.txt.json	0	*top	250	0					近くの席の子が、スプーンを落とした音でだろう。\nこっちを向いてる。	应该是因为附近座位上的孩子听到了勺子掉落的声音吧。\n她正朝这边看。	近くの席の子が、スプーンを落とした音でだろう。\nこっちを向いてる。
04.txt.json	0	*top	251	0					俺を見てる。	她在看我。	俺を見てる。
04.txt.json	0	*top	252	0	稔	稔			「……」	「……」	「……」
04.txt.json	0	*top	253	0	春香	春香	haruka0002	女の子客	「えっと……」	「那个……」	「えっと……」
04.txt.json	0	*top	254	0	春香	春香	haruka0003	女の子客	「お店の人、呼びましょうか」	「要不要我帮你叫店员」	「お店の人、呼びましょうか」
04.txt.json	0	*top	255	0	稔	稔			「ああ、いや、いいから。ありがとう」	「啊，不用了，没事。谢谢」	「ああ、いや、いいから。ありがとう」
04.txt.json	0	*top	256	0					子供じゃあるまいし。自分で手をあげて店員を呼んだ。	又不是小孩子。我自己举手叫来了店员。	子供じゃあるまいし。自分で手をあげて店員を呼んだ。
04.txt.json	0	*top	257	0	店員さん	店员桑	m_clerk0003		「はーいすぐ新しいのお持ちしまーす」	「好嘞，马上给您拿把新的来」	「はーいすぐ新しいのお持ちしまーす」
04.txt.json	0	*top	258	0					すぐに新しいスプーンを持ってきて、\n俺に、渡してくる。	店员很快拿来一把新的勺子，\n递给了我。	すぐに新しいスプーンを持ってきて、\n俺に、渡してくる。
04.txt.json	0	*top	259	0	稔	稔			「……」	「……」	「……」
04.txt.json	0	*top	260	0					ちょっと危険かもだが、	虽然可能有点危险、	ちょっと危険かもだが、
04.txt.json	0	*top	261	0					俺はそれを、その場でプーカに渡した。	但我当场就把它递给了普卡。	俺はそれを、その場でプーカに渡した。
04.txt.json	0	*top	262	0	プーカ	普卡	puca0407		「せんきゅー、お姉さんもさんきゅねー」	「谢啦，大姐姐也谢谢你哦」	「せんきゅー、お姉さんもさんきゅねー」
04.txt.json	0	*top	263	0					また嬉しそうにパフェに戻るプーカ。	普卡又一脸开心地吃起了芭菲。	また嬉しそうにパフェに戻るプーカ。
04.txt.json	0	*top	264	0	稔	稔			「……」	「……」	「……」
04.txt.json	0	*top	265	0					店員さんも、向こうの席の子も、その光景に\nなんら反応しなかった。	店员和对面座位上的孩子，都没有对这一幕\n做出任何反应。	店員さんも、向こうの席の子も、その光景に\nなんら反応しなかった。
04.txt.json	0	*top	266	0					プーカのことは見えてないはずだよな。\n店員さんはスプーンを俺に渡したし、\nあっちの子も、俺に声をかけてきたし。	他们应该看不见普卡才对。\n店员把勺子递给了我，\n那边的孩子也主动跟我搭了话。	プーカのことは見えてないはずだよな。\n店員さんはスプーンを俺に渡したし、\nあっちの子も、俺に声をかけてきたし。
04.txt.json	0	*top	267	0					だが２人して、そのスプーンが俺の手から離れたことには\nまるで反応しない。	可两个人都对那把勺子从我手中消失\n毫无反应。	だが２人して、そのスプーンが俺の手から離れたことには\nまるで反応しない。
04.txt.json	0	*top	268	0					ようするに姉さんや、大家さんや猫村と同じ。	也就是说，他们和姐姐、房东还有猫村一样。	ようするに姉さんや、大家さんや猫村と同じ。
04.txt.json	0	*top	269	0					ここには『俺しかいない』と認識している。	他们认定这里『只有我一个人。	ここには『俺しかいない』と認識している。
04.txt.json	0	*top	270	0					ほんとどういう現象なんだこれは。	这到底算是什么现象啊。	ほんとどういう現象なんだこれは。
04.txt.json	0	*top	271	0	稔	稔			「……はあ」	「……唉」	「……はあ」
04.txt.json	0	*top	272	0					もういいや、めんどくせ。	算了，真麻烦。	もういいや、めんどくせ。
04.txt.json	0	*top	273	0					いちいち人目を気にしても意味がない。	没必要事事在意别人的目光。	いちいち人目を気にしても意味がない。
04.txt.json	0	*top	274	0					現にこの店に入って１０分以上。\n最初は『若い男は浮くかも』とか思ってたけど、\n俺を見てるやつなんて誰もいない。	实际上，我进这家店已经超过１０分钟了。\n一开始还想着“年轻男人可能会显得格格不入”什么的，\n但根本没人看我。	現にこの店に入って１０分以上。\n最初は『若い男は浮くかも』とか思ってたけど、\n俺を見てるやつなんて誰もいない。
04.txt.json	0	*top	275	0					ましてやその男の前で起きてる超常現象なんて\n誰にも。	更何况发生在那个男人面前的超自然现象，\n更是没人。	ましてやその男の前で起きてる超常現象なんて\n誰にも。
04.txt.json	0	*top	276	0					人は、自分が思ってるほど、人から興味を持たれてない。	人啊，并没有自己想象中那么受别人关注。	人は、自分が思ってるほど、人から興味を持たれてない。
04.txt.json	0	*top	277	0	稔	稔			「……」	「……」	「……」
04.txt.json	0	*top	278	0					そう思っておこう。	就这么想吧。	そう思っておこう。
04.txt.json	0	*top	279	0					これ全部、俺の頭でだけ展開されてることで、	这一切，全都是只在我脑海中展开的事情、	これ全部、俺の頭でだけ展開されてることで、
04.txt.json	0	*top	280	0					俺１人だけの妄想。	只是我一个人的妄想。	俺１人だけの妄想。
04.txt.json	0	*top	281	0					とかは……考えないでおこう。	之类的……还是别想了。	とかは……考えないでおこう。
04.txt.json	0	*top	282	0					プーカという、不思議現象は、いる。	名为普卡的不可思议现象，是存在的。	プーカという、不思議現象は、いる。
04.txt.json	0	*top	283	0					いま目の前で、バカ面でパフェにがっついてる。	现在就在我眼前，正一脸傻相地狼吞虎咽着芭菲。	いま目の前で、バカ面でパフェにがっついてる。
04.txt.json	0	*top	284	0					それだけが俺の真実だ。	这就是我的全部真实。	それだけが俺の真実だ。
04.txt.json	0	*top	285	0	プーカ	普卡	puca0408		「んーまかったー」	「嗯——好好吃」	「んーまかったー」
04.txt.json	0	*top	286	0	稔	稔			「なによりだ」	「那就好」	「なによりだ」
04.txt.json	0	*top	287	0					帰り道。	回去的路上。	帰り道。
04.txt.json	0	*top	288	0					プーカはごきげんだった。	普卡心情很好。	プーカはごきげんだった。
04.txt.json	0	*top	289	0					いや、分からんか。\nこいついつもニコニコしてるし。	不对，这也不好说吧。\n毕竟这家伙一直都笑眯眯的。	いや、分からんか。\nこいついつもニコニコしてるし。
04.txt.json	0	*top	290	0					まあでも、嬉しそうにはしていて、	不过，她看起来确实很开心、	まあでも、嬉しそうにはしていて、
04.txt.json	0	*top	291	0	プーカ	普卡	puca0409		「ねえよかったのぎゅんたま、３０巻まで買ってもらって」	「喂，真的可以吗？都让你买到《ぎゅんたま》第３０卷了」	「ねえよかったのぎゅんたま、３０巻まで買ってもらって」
04.txt.json	0	*top	292	0					１０冊入りのデカい紙袋を大事そうに抱えている。	她珍惜地抱着一个装有１０本书的大号纸袋。	１０冊入りのデカい紙袋を大事そうに抱えている。
04.txt.json	0	*top	293	0	稔	稔			「まあ……仕方ない」	「嗯……没办法」	「まあ……仕方ない」
04.txt.json	0	*top	294	0	稔	稔			「ちょっと調べたら２５巻って吉原炎上っていう長編の\n最後の方でな。\nたぶん俺が読んでも２６巻ほしくなっちゃうと思うから」	「我稍微查了一下，第25卷是在一部长篇《吉原炎上》的\n最后部分。\n我觉得稔就算看了，也会想要第26卷的」	「ちょっと調べたら２５巻って吉原炎上っていう長編の\n最後の方でな。\nたぶん俺が読んでも２６巻ほしくなっちゃうと思うから」
04.txt.json	0	*top	295	0	プーカ	普卡	puca0410		「なるほど」	「原来如此」	「なるほど」
04.txt.json	0	*top	296	0	プーカ	普卡	puca0411		「んふふ～、さては稔くんもハマってきたね。\nぎゅんたまの魅力に」	「嗯哼哼～这么说来，稔也开始上头了呢。\n被《银魂》的魅力迷住了」	「んふふ～、さては稔くんもハマってきたね。\nぎゅんたまの魅力に」
04.txt.json	0	*top	297	0	稔	稔			「ハマったってほどではない」	「还没到上头的程度」	「ハマったってほどではない」
04.txt.json	0	*top	298	0					ただ最後に読んで１０年くらい経ってるから\n改めて読むと新鮮ではある。	不过毕竟上次读完已经过去十年左右了，\n重新读一遍确实感觉很新鲜。	ただ最後に読んで１０年くらい経ってるから\n改めて読むと新鮮ではある。
04.txt.json	0	*top	299	0	稔	稔			「いっそ最後まで買うかなー。\n実は最終回のあたり、読んだことない」	「干脆买到最后吧～。\n其实最终话那一带，我还没读过」	「いっそ最後まで買うかなー。\n実は最終回のあたり、読んだことない」
04.txt.json	0	*top	300	0	プーカ	普卡	puca0412		「そうなの？」	「是吗？」	「そうなの？」
04.txt.json	0	*top	301	0	稔	稔			「今からじゃ分からんだろうが、本誌掲載時は\n最終回のあたりで色んな雑誌をうろうろしてたから、\n追う気力がなかったんだ」	「你现在才开始看，当然不会知道了。当时连载到最终话前后，\n我一直在各种杂志之间到处找，\n实在没精力追下去」	「今からじゃ分からんだろうが、本誌掲載時は\n最終回のあたりで色んな雑誌をうろうろしてたから、\n追う気力がなかったんだ」
04.txt.json	0	*top	302	0	プーカ	普卡	puca0413		「はえ～」	「诶～」	「はえ～」
04.txt.json	0	*top	303	0	稔	稔			「とくに将軍が死んだあたりからは全然……。\nどうすっかな、７０巻はちょっと長いんだよなあ」	「尤其是将军死掉那段之后，就完全没……。\n怎么办呢，70卷还是有点长啊」	「とくに将軍が死んだあたりからは全然……。\nどうすっかな、７０巻はちょっと長いんだよなあ」
04.txt.json	0	*top	304	0	プーカ	普卡	puca0414		「いーじゃんいーじゃん、買っちゃおうよこの際。\n絶対楽しいって」	「很好嘛很好嘛，既然这样就买下来吧。\n绝对会很有意思的」	「いーじゃんいーじゃん、買っちゃおうよこの際。\n絶対楽しいって」
04.txt.json	0	*top	305	0	稔	稔			「んーむ……」	「嗯……」	「んーむ……」
04.txt.json	0	*top	306	0	プーカ	普卡	puca0415		「責任もってあたしが最後まで読んで……」	「我会负起责任读到最后……」	「責任もってあたしが最後まで読んで……」
04.txt.json	0	*top	307	0	プーカ	普卡	puca0416		「……」	「……」	「……」
04.txt.json	0	*top	308	0	プーカ	普卡	puca0417		「え？」	「诶？」	「え？」
04.txt.json	0	*top	309	0	稔	稔			「どした？」	「怎么了？」	「どした？」
04.txt.json	0	*top	310	0	プーカ	普卡	puca0418		「将軍死ぬの！？」	「将军会死！？」	「将軍死ぬの！？」
04.txt.json	0	*top	311	0					あ。	啊。	あ。
04.txt.json	0	*top	312	0	プーカ	普卡	puca0419		「ちょっと待ってなにそれ！　死ぬのあの人！？」	「等一下，那是什么！？那个人会死！？」	「ちょっと待ってなにそれ！　死ぬのあの人！？」
04.txt.json	0	*top	313	0	稔	稔			「いや、あー……」	「不，那个……」	「いや、あー……」
04.txt.json	0	*top	314	0	プーカ	普卡	puca0420		「どうやって！？　どうなって死ぬの！？\nてかあの人って死ぬもんなの存在がギャグなのに！？」	「怎么死的！？会变成什么样然后死掉！？\n话说那个人这种存在本身就是个笑话，居然也会死的吗！？」	「どうやって！？　どうなって死ぬの！？\nてかあの人って死ぬもんなの存在がギャグなのに！？」
04.txt.json	0	*top	315	0	稔	稔			「ま、まあ、楽しみしてろ、とだけ」	「总、总之，你就期待着吧」	「ま、まあ、楽しみしてろ、とだけ」
04.txt.json	0	*top	316	0	プーカ	普卡	puca0421		「できないよ！\nえ、３０巻までで分かる？　そのへんちゃんと分かる？」	「做不到啦！\n诶，到第３０卷为止你能看懂吗？　那部分真的能看懂吗？」	「できないよ！\nえ、３０巻までで分かる？　そのへんちゃんと分かる？」
04.txt.json	0	*top	317	0	稔	稔			「いや……あの辺はまだ伏線の伏線を撒いてるだけだな。\n５０巻くらいからシリアス増えてくるけど」	「不……那一带还只是在埋伏笔的伏笔而已。\n不过从第５０卷左右开始，严肃的剧情会变多」	「いや……あの辺はまだ伏線の伏線を撒いてるだけだな。\n５０巻くらいからシリアス増えてくるけど」
04.txt.json	0	*top	318	0	プーカ	普卡	puca0422		「じゃあ５０巻まで買おうよ！\nいやもう無理、７０！　７０までいこう！」	「那就买到第５０卷吧！\n不，已经停不下来了，７０！　买到７０卷吧！」	「じゃあ５０巻まで買おうよ！\nいやもう無理、７０！　７０までいこう！」
04.txt.json	0	*top	319	0	稔	稔			「いや、うーん、もうあと４０冊増えると棚がもたない」	「不，嗯……要是再多４０本，书架就撑不住了」	「いや、うーん、もうあと４０冊増えると棚がもたない」
04.txt.json	0	*top	320	0	プーカ	普卡	puca0423		「ぎゃあああああじゃあエグいネタバレやめてよ！\nうわめっちゃ続き気になってきた！\nギャグマンガでこんな気持ちになりたくないのに！」	「呀啊啊啊啊啊！那你就别剧透那么劲爆的内容啊！\n呜哇，我突然变得超级想知道后续了！\n我明明不想因为搞笑漫画产生这种心情的！」	「ぎゃあああああじゃあエグいネタバレやめてよ！\nうわめっちゃ続き気になってきた！\nギャグマンガでこんな気持ちになりたくないのに！」
04.txt.json	0	*top	321	0	稔	稔			「すまんすまん」	「对不起对不起」	「すまんすまん」
04.txt.json	0	*top	322	0	プーカ	普卡	puca0424		「もおおおおおお！」	「真是的啊啊啊啊啊啊！」	「もおおおおおお！」
04.txt.json	0	*top	323	0					暴れるプーカ。	正在撒泼的普卡。	暴れるプーカ。
04.txt.json	0	*top	324	0					こりゃ早いうち７０巻まで買わされそうだな……。\n部屋の整理しないと……。	看来我很快就要被迫买到第７０卷了……。\n得整理一下房间了……。	こりゃ早いうち７０巻まで買わされそうだな……。\n部屋の整理しないと……。
04.txt.json	0	*top	325	0	秋穂	秋穗	akiho0159		「大賀くん」	「大贺君」	「大賀くん」
04.txt.json	0	*top	326	0					おっと。	哎呀。	おっと。
04.txt.json	0	*top	327	0	稔	稔			「よ、よう」	「啊，你、你好」	「よ、よう」
04.txt.json	0	*top	328	0	プーカ	普卡	puca0425		「あっ、どーもナースのお姉さん」	「啊，护士姐姐，你好」	「あっ、どーもナースのお姉さん」
04.txt.json	0	*top	329	0					いきなり声をかけてきたやつが。	有人突然向我搭话。	いきなり声をかけてきたやつが。
04.txt.json	0	*top	330	0					１５時ちょっと前……。こいつはちょうど出勤の時間か。	１５点前后……。这家伙正好是上班的时间吗。	１５時ちょっと前……。こいつはちょうど出勤の時間か。
04.txt.json	0	*top	331	0	秋穂	秋穗	akiho0160		「……」	「……」	「……」
04.txt.json	0	*top	332	0	秋穂	秋穗	akiho0161		「４０冊がどうとか……その、１人でしゃべってたけど」	「什么４０本之类的……那个，你刚才一直在自言自语」	「４０冊がどうとか……その、１人でしゃべってたけど」
04.txt.json	0	*top	333	0	稔	稔			「あ、ああ」	「啊，哦」	「あ、ああ」
04.txt.json	0	*top	334	0	秋穂	秋穗	akiho0162		「……」	「……」	「……」
04.txt.json	0	*top	335	0	秋穂	秋穗	akiho0163		「いるの？」	「她在吗？」	「いるの？」
04.txt.json	0	*top	336	0	稔	稔			「ん……うん、今日は、外までついてきた」	「嗯……嗯，今天还跟着我到了外面」	「ん……うん、今日は、外までついてきた」
04.txt.json	0	*top	337	0	秋穂	秋穗	akiho0164		「そう」	「这样啊」	「そう」
04.txt.json	0	*top	338	0	プーカ	普卡	puca0426		「ついてきたってなんじゃい。\n２人でお出かけだったでしょ」	「什么叫跟着你啊。\n我们不是一起出来的吗」	「ついてきたってなんじゃい。\n２人でお出かけだったでしょ」
04.txt.json	0	*top	339	0					黙ってろ。	闭嘴。	黙ってろ。
04.txt.json	0	*top	340	0	秋穂	秋穗	akiho0165		「……」	「……」	「……」
04.txt.json	0	*top	341	0	秋穂	秋穗	akiho0166		「おでかけは、うん、こんな良い天気だし、いいと思うけど」	「出门嘛，嗯，天气这么好，我觉得也挺好的」	「おでかけは、うん、こんな良い天気だし、いいと思うけど」
04.txt.json	0	*top	342	0	秋穂	秋穗	akiho0167		「あんまり大きな声では、ね」	「别喊那么大声哦」	「あんまり大きな声では、ね」
04.txt.json	0	*top	343	0					控えめに注意して、去って行った。	他委婉地提醒了一句，便离开了。	控えめに注意して、去って行った。
04.txt.json	0	*top	344	0					はあ……。	唉……。	はあ……。
04.txt.json	0	*top	345	0					そうだった。まだここ、外だ。	对了。这里还在外面呢。	そうだった。まだここ、外だ。
04.txt.json	0	*top	346	0					ある意味で見られたのが、事情を知ってる猫村でよかった。\n他の知り合いだったら、完全な奇行だ。	从某种意义上说，被猫村看到真是太好了，毕竟他知道事情的内情。\n要是被其他熟人看到，那可就完全是怪人行径了。	ある意味で見られたのが、事情を知ってる猫村でよかった。\n他の知り合いだったら、完全な奇行だ。
04.txt.json	0	*top	347	0					やれやれ……。	真是的……。	やれやれ……。
04.txt.json	0	*top	348	0	プーカ	普卡	puca0427		「～♪」	「～♪」	「～♪」
04.txt.json	0	*top	349	0					帰るとすぐに、２１巻を持ってベッドに引っ込むプーカ。	一回到家，普卡就拿着第21卷，钻回了床上。	帰るとすぐに、２１巻を持ってベッドに引っ込むプーカ。
04.txt.json	0	*top	350	0					それ自体はもう、俺の中では、微笑ましく思える。	这件事本身，在我看来已经让人觉得很微笑了。	それ自体はもう、俺の中では、微笑ましく思える。
04.txt.json	0	*top	351	0	稔	稔			「……」	「……」	「……」
04.txt.json	0	*top	352	0					俺はいいんだけどな。俺は。	我倒是没关系。我没关系。	俺はいいんだけどな。俺は。
04.txt.json	0	*top	353	0					・・・・・	……	・・・・・
04.txt.json	0	*top	354	0	稔	稔			「１００００円のお預かり。\nお返し５８０円になります」	「收您10000日元。\n找您580日元」	「１００００円のお預かり。\nお返し５８０円になります」
04.txt.json	0	*top	355	0	客９２	客９２	m_custx0001		「ういー、ありがとー」	「哟——谢啦」	「ういー、ありがとー」
04.txt.json	0	*top	356	0	客９３	客93	m_custy0001		「今日も美味しかったよマスター」	「今天也很好吃哦，店长」	「今日も美味しかったよマスター」
04.txt.json	0	*top	357	0	稔	稔			「またのお越しをお待ちしております」	「期待您的再次光临」	「またのお越しをお待ちしております」
04.txt.json	0	*top	358	0					ふぅ。	呼。	ふぅ。
04.txt.json	0	*top	359	0					２３時３２分。	23点32分。	２３時３２分。
04.txt.json	0	*top	360	0					土曜日は……さすがに忙しいな。	星期六……果然还是很忙啊。	土曜日は……さすがに忙しいな。
04.txt.json	0	*top	361	0					入った客は１００人前後。ワンオペにはこたえる数だ。	进店的客人有将近100人。对一个人单干来说，这个数量可够呛的。	入った客は１００人前後。ワンオペにはこたえる数だ。
04.txt.json	0	*top	362	0					まだ店には客が５～６人いるが、	店里还剩五六位客人、	まだ店には客が５～６人いるが、
04.txt.json	0	*top	363	0					用意してきたローストビーフが尽きた。	但事先准备好的烤牛肉已经用完了。	用意してきたローストビーフが尽きた。
04.txt.json	0	*top	364	0					今日も０時で看板にするか。\n出せるモンがなくちゃ開けてても意味がない。	今天也在0点打烊吧。\n没有东西可卖了，开着店也没有意义。	今日も０時で看板にするか。\n出せるモンがなくちゃ開けてても意味がない。
04.txt.json	0	*top	365	0					幸いなことに、０時が近づくにつれて\n残った客もちらほらと退散していき……。	幸好，随着0点临近，\n剩下的客人也三三两两地离开了……。	幸いなことに、０時が近づくにつれて\n残った客もちらほらと退散していき……。
04.txt.json	0	*top	366	0	絵利	绘利	eri0135		「うぇーい！　今日も来たぞー！」	「呜耶——！今天也来啦！」	「うぇーい！　今日も来たぞー！」
04.txt.json	0	*top	367	0	秋穂	秋穗	akiho0168		「まだ開いてますか？」	「还营业吗？」	「まだ開いてますか？」
04.txt.json	0	*top	368	0	稔	稔			「……」	「……」	「……」
04.txt.json	0	*top	369	0	絵利	绘利	eri0136		「なにその顔」	「你那是什么表情」	「なにその顔」
04.txt.json	0	*top	370	0	秋穂	秋穗	akiho0169		「う……こうも露骨にうわ嫌な客が来たなあって\n顔されることあるんだ」	「呜……居然会有人把‘哇，又来了个讨厌的客人啊’这种想法明明白白地写在脸上\n」	「う……こうも露骨にうわ嫌な客が来たなあって\n顔されることあるんだ」
04.txt.json	0	*top	371	0	稔	稔			「いえいえ、いらっしゃいませ」	「哪里哪里，欢迎光临」	「いえいえ、いらっしゃいませ」
04.txt.json	0	*top	372	0					まーたギリギリの時間に飛び込みが。	又有人在最后关头跑进来了。	まーたギリギリの時間に飛び込みが。
04.txt.json	0	*top	373	0					いや閉店は３時だからいいけどさあ。	不过打烊时间是凌晨3点，所以倒也没什么。	いや閉店は３時だからいいけどさあ。
04.txt.json	0	*top	374	0	秋穂	秋穗	akiho0170		「……」	「……」	「……」
04.txt.json	0	*top	375	0	秋穂	秋穗	akiho0171		「……はぁ」	「……唉」	「……はぁ」
04.txt.json	0	*top	376	0	稔	稔			「うん？」	「嗯？」	「うん？」
04.txt.json	0	*top	377	0					なんだ？	怎么了？	なんだ？
04.txt.json	0	*top	378	0					猫村の様子がおかしいような。	猫村的状态好像有点不对劲。	猫村の様子がおかしいような。
04.txt.json	0	*top	379	0	絵利	绘利	eri0137		「今日は病院がばたばたしてて疲れてるんだって。\n美味しいモノ食べさせてあげてマスター」	「听说今天医院里忙得不可开交，累坏了。\n给她做点好吃的吧，老板」	「今日は病院がばたばたしてて疲れてるんだって。\n美味しいモノ食べさせてあげてマスター」
04.txt.json	0	*top	380	0	稔	稔			「ああ、はいはい」	「啊，好好好」	「ああ、はいはい」
04.txt.json	0	*top	381	0					そういや土曜日か。	说起来，今天是星期六啊。	そういや土曜日か。
04.txt.json	0	*top	382	0					こいつの勤めてる天の川総合病院は、日曜日は外来が休みで、\nその代わり土曜日は午前も午後も診療している。	她工作的天之川综合医院周日不接诊，\n作为替代，周六上午和下午都会接诊。	こいつの勤めてる天の川総合病院は、日曜日は外来が休みで、\nその代わり土曜日は午前も午後も診療している。
04.txt.json	0	*top	383	0					そのぶん土曜は相当な人入りのはず。	所以周六应该会有相当多的患者。	そのぶん土曜は相当な人入りのはず。
04.txt.json	0	*top	384	0					俺が行った日ですら、平日なのにアレだった。\n土曜は相当忙しいだろう。	就连我去的那天明明是工作日，都已经够忙的了。\n星期六肯定会忙得不得了。	俺が行った日ですら、平日なのにアレだった。\n土曜は相当忙しいだろう。
04.txt.json	0	*top	385	0	稔	稔			「了解。アルコールは？」	「知道了。要喝酒吗？」	「了解。アルコールは？」
04.txt.json	0	*top	386	0	秋穂	秋穗	akiho0172		「私はいい……けど、甘いのお願い。糖分補給したい」	「我就不用了……不过，拜托做甜的。我想补充点糖分」	「私はいい……けど、甘いのお願い。糖分補給したい」
04.txt.json	0	*top	387	0	絵利	绘利	eri0138		「あたしはレモンサワー。濃ゆいのね。\nレモン強めアルコールきつめで」	「我要柠檬沙瓦。浓一点的。\n柠檬味重点，酒劲也要足」	「あたしはレモンサワー。濃ゆいのね。\nレモン強めアルコールきつめで」
04.txt.json	0	*top	388	0	稔	稔			「食べるものはお任せ？」	「吃的就交给我来决定？」	「食べるものはお任せ？」
04.txt.json	0	*top	389	0	秋穂	秋穗	akiho0173		「うん。美味しいのお願いします」	「嗯。拜托做点好吃的」	「うん。美味しいのお願いします」
04.txt.json	0	*top	390	0	稔	稔			「かしこまりました」	「好的」	「かしこまりました」
04.txt.json	0	*top	391	0					２人を席に案内する。	我把两人带到座位上。	２人を席に案内する。
04.txt.json	0	*top	392	0					そのタイミングで、他にもいた客は会計に向かい、\n自然と客は２人だけになる。	就在这时，其他客人也都去结账了，\n店里自然而然只剩下她们两人。	そのタイミングで、他にもいた客は会計に向かい、\n自然と客は２人だけになる。
04.txt.json	0	*top	393	0	秋穂	秋穗	akiho0174		「はあ……」	「唉……」	「はあ……」
04.txt.json	0	*top	394	0					ドリンクを待って、小さく乾杯して始める２人。	两人等着饮料，轻轻碰杯后开始用餐。	ドリンクを待って、小さく乾杯して始める２人。
04.txt.json	0	*top	395	0					猫村、だいぶ疲れてるみたいだな。\n用意したフレッシュフルーツジュースを\n一気に半分くらい煽って、頭を垂れる。	猫村，看起来相当累啊。\n她把我准备的新鲜水果汁一口气喝掉了大半，\n然后垂下了脑袋。	猫村、だいぶ疲れてるみたいだな。\n用意したフレッシュフルーツジュースを\n一気に半分くらい煽って、頭を垂れる。
04.txt.json	0	*top	396	0					お疲れな客は皆お得意様だ。ちょっとはもてなしてやるか。	累坏了的客人可都是熟客。稍微招待她一下吧。	お疲れな客は皆お得意様だ。ちょっとはもてなしてやるか。
04.txt.json	0	*top	397	0					もう今日は材料がなくなりかけているので、\n余り物をざっと火にかけた。	今天的材料已经快用完了，\n我就把剩下的东西大致加热了一下。	もう今日は材料がなくなりかけているので、\n余り物をざっと火にかけた。
04.txt.json	0	*top	398	0	稔	稔			「お待たせしました。本日のオードブルです」	「久等了。这是今天的开胃菜」	「お待たせしました。本日のオードブルです」
04.txt.json	0	*top	399	0					チーズ乗せたツナグラタンとか、\nバジルを散らした卵サラダとか\nだいたい好き嫌いの出ない無難なものを出す。	我端上了放着奶酪的金枪鱼焗烤，\n还有撒了罗勒的鸡蛋沙拉之类的，\n基本都是些不太会有人挑食的稳妥菜式。	チーズ乗せたツナグラタンとか、\nバジルを散らした卵サラダとか\nだいたい好き嫌いの出ない無難なものを出す。
04.txt.json	0	*top	400	0	秋穂	秋穗	akiho0175		「わ～、おいしそー」	「哇～看起来好好吃」	「わ～、おいしそー」
04.txt.json	0	*top	401	0	絵利	绘利	eri0139		「ぐびぐびぷはー！　おかわり！」	「咕嘟咕嘟……哈！再来一杯！」	「ぐびぐびぷはー！　おかわり！」
04.txt.json	0	*top	402	0	稔	稔			「味に注文つけたならちょっとは味わえよ」	「既然对味道提了要求，就稍微品尝一下啊」	「味に注文つけたならちょっとは味わえよ」
04.txt.json	0	*top	403	0					次のレモンサワーを用意してやる。	我给她准备了下一杯柠檬沙瓦。	次のレモンサワーを用意してやる。
04.txt.json	0	*top	404	0	絵利	绘利	eri0140		「はあ……」	「唉……」	「はあ……」
04.txt.json	0	*top	405	0	絵利	绘利	eri0141		「ったく。あー、今日はムカつく配信だったけど、\nこれで１日の苦労も吹っ飛ぶわ」	「真是的。啊～虽然今天的直播让人火大，\n但有这个，一整天的辛苦就全烟消云散了」	「ったく。あー、今日はムカつく配信だったけど、\nこれで１日の苦労も吹っ飛ぶわ」
04.txt.json	0	*top	406	0	秋穂	秋穗	akiho0176		「あはは、お疲れ様です」	「啊哈哈，辛苦了」	「あはは、お疲れ様です」
04.txt.json	0	*top	407	0	秋穂	秋穗	akiho0177		「あ、先輩、忘れないうちに」	「啊，前辈，趁我还没忘」	「あ、先輩、忘れないうちに」
04.txt.json	0	*top	408	0	絵利	绘利	eri0142		「ん。おー、センキュ」	「嗯。哦——谢啦」	「ん。おー、センキュ」
04.txt.json	0	*top	409	0					何かの紙袋を渡してる猫村。	猫村正递过来一个不知道装着什么的纸袋。	何かの紙袋を渡してる猫村。
04.txt.json	0	*top	410	0					この前もなんか渡してたっけな。\n鎮痛剤だっけ。	她之前好像也给过我什么来着。\n是止痛药吧。	この前もなんか渡してたっけな。\n鎮痛剤だっけ。
04.txt.json	0	*top	411	0	絵利	绘利	eri0143		「やれやれ」	「真是的」	「やれやれ」
04.txt.json	0	*top	412	0	絵利	绘利	eri0144		「それでさあ、今日は配信でムカついてさあ」	「话说回来，今天直播的时候可把我气坏了」	「それでさあ、今日は配信でムカついてさあ」
04.txt.json	0	*top	413	0	秋穂	秋穗	akiho0178		「はいはい。なんですか」	「好好好，怎么了」	「はいはい。なんですか」
04.txt.json	0	*top	414	0					話が１回それたのに、また戻した。	话题明明岔开了一次，她又绕了回来。	話が１回それたのに、また戻した。
04.txt.json	0	*top	415	0					相当愚痴りたいっぽいな。	看来她是真的很想发发牢骚啊。	相当愚痴りたいっぽいな。
04.txt.json	0	*top	416	0	絵利	绘利	eri0145		「ウザ客に絡まれて、つい反応しちゃってさ」	「被烦人的客人缠上了，一不小心就回嘴了」	「ウザ客に絡まれて、つい反応しちゃってさ」
04.txt.json	0	*top	417	0	秋穂	秋穗	akiho0179		「はあ」	「哈啊」	「はあ」
04.txt.json	0	*top	418	0	絵利	绘利	eri0146		「あーうぜーキモいキモいキモい！！！」	「啊——烦死了，恶心恶心恶心！！！」	「あーうぜーキモいキモいキモい！！！」
04.txt.json	0	*top	419	0	秋穂	秋穗	akiho0180		「そうですねー」	「是啊」	「そうですねー」
04.txt.json	0	*top	420	0	絵利	绘利	eri0147		「なんで世の中にはああ人の神経逆なでするために\nコメントするやつが絶えないかね」	「为什么世上总有那么多家伙，非要发些故意惹人不爽的评论呢」	「なんで世の中にはああ人の神経逆なでするために\nコメントするやつが絶えないかね」
04.txt.json	0	*top	421	0	秋穂	秋穗	akiho0181		「大変ですね。でも絵利さんがんばってますよ」	「真够辛苦的。不过绘利小姐已经很努力了」	「大変ですね。でも絵利さんがんばってますよ」
04.txt.json	0	*top	422	0	絵利	绘利	eri0148		「ああいうのに限ってＢＡＮしてもすぐ別垢で戻るし」	「偏偏这种人就算被封号，也会马上换个账号回来」	「ああいうのに限ってＢＡＮしてもすぐ別垢で戻るし」
04.txt.json	0	*top	423	0	秋穂	秋穗	akiho0182		「そうですねー」	「是啊」	「そうですねー」
04.txt.json	0	*top	424	0	絵利	绘利	eri0149		「つべに新しい機能できねーかな。\nＢＡＮした相手を呪い殺せるとか」	「油管就不能出个新功能吗？比如能把被封的人咒死之类的」	「つべに新しい機能できねーかな。\nＢＡＮした相手を呪い殺せるとか」
04.txt.json	0	*top	425	0	秋穂	秋穗	akiho0183		「大変ですね、でも絵利さんがんばってますよ」	「真够辛苦的，不过绘利小姐已经很努力了」	「大変ですね、でも絵利さんがんばってますよ」
04.txt.json	0	*top	426	0	稔	稔			「……」	「……」	「……」
04.txt.json	0	*top	427	0	絵利	绘利	eri0150		「ねえマスター聞いてる！？」	「喂，店长你在听吗！？」	「ねえマスター聞いてる！？」
04.txt.json	0	*top	428	0	稔	稔			「俺すか」	「我吗」	「俺すか」
04.txt.json	0	*top	429	0	秋穂	秋穗	akiho0184		「そうですねー、でも絵利さんがんばってますよ」	「是啊——不过绘利小姐已经很努力了」	「そうですねー、でも絵利さんがんばってますよ」
04.txt.json	0	*top	430	0					猫村が完全に聞きながすモードに入ってるのは\n気付いてたか。愚痴の先が俺に来た。	"我早就注意到猫村已经完全进入了左耳进右耳出的模式。
结果她抱怨的对象变成了我。"	猫村が完全に聞きながすモードに入ってるのは\n気付いてたか。愚痴の先が俺に来た。
04.txt.json	0	*top	431	0	絵利	绘利	eri0151		「どうよ！　ないのムカつく相手を呪い殺せる機能！」	「怎么样！没有那种能把看不顺眼的人咒死的功能吗！」	「どうよ！　ないのムカつく相手を呪い殺せる機能！」
04.txt.json	0	*top	432	0	稔	稔			「あったら怖いわ」	「要真有就可怕了」	「あったら怖いわ」
04.txt.json	0	*top	433	0					なんか俺が相手する流れに。	不知不觉变成了由我来应付她的局面。	なんか俺が相手する流れに。
04.txt.json	0	*top	434	0	絵利	绘利	eri0152		「がーもー……死ねとは言わないけど、\nあたしがムカついたやつ全員ＰＣ爆発するくらいの\nコンピューターウイルスとか作れないかな」	"「啊——真是的……虽然我没说要他死，
但能不能做出一种电脑病毒，
让所有惹我不爽的家伙的电脑都爆炸啊」"	「がーもー……死ねとは言わないけど、\nあたしがムカついたやつ全員ＰＣ爆発するくらいの\nコンピューターウイルスとか作れないかな」
04.txt.json	0	*top	435	0	稔	稔			「はあ」	「哈啊」	「はあ」
04.txt.json	0	*top	436	0	絵利	绘利	eri0153		「したらあたしより人気のＶ全員に送りつけてやるのに」	「要是能做出来，我就给所有比我受欢迎的V主播都发过去」	「したらあたしより人気のＶ全員に送りつけてやるのに」
04.txt.json	0	*top	437	0	稔	稔			「はあ」	「哈啊」	「はあ」
04.txt.json	0	*top	438	0	絵利	绘利	eri0154		「適当に相づちすな！」	「别随便敷衍我！」	「適当に相づちすな！」
04.txt.json	0	*top	439	0	稔	稔			「そんなこと言われても」	「你这么说我也没办法啊」	「そんなこと言われても」
04.txt.json	0	*top	440	0					ムカつくやつを呪いたいのか\n人気者に嫉妬してるのか、どっちかにしてくれ。	"你到底是想诅咒那些惹你不爽的家伙，
还是在嫉妒那些受欢迎的人，选一个行不行。"	ムカつくやつを呪いたいのか\n人気者に嫉妬してるのか、どっちかにしてくれ。
04.txt.json	0	*top	441	0	絵利	绘利	eri0155		「やっぱダメだ男は！\n秋穂、どう思う！？」	「男人果然不行啊！\n秋穗，你怎么看！？」	「やっぱダメだ男は！\n秋穂、どう思う！？」
04.txt.json	0	*top	442	0	秋穂	秋穗	akiho0185		「そうですねー」	「是啊」	「そうですねー」
04.txt.json	0	*top	443	0	絵利	绘利	eri0156		「あたしより人気のＶには全滅してほしいよね！」	「真希望那些比我人气高的V主播全都完蛋啊！」	「あたしより人気のＶには全滅してほしいよね！」
04.txt.json	0	*top	444	0	秋穂	秋穗	akiho0186		「ですねえ」	「是呢」	「ですねえ」
04.txt.json	0	*top	445	0	絵利	绘利	eri0157		「あー！　できねーかな呪い！\n配信のネタにもなるのになムカつくコメ呪ってみた！」	「啊——！　能不能下个诅咒啊！\n还能当直播素材呢——‘试着诅咒惹人生气的评论！」	「あー！　できねーかな呪い！\n配信のネタにもなるのになムカつくコメ呪ってみた！」
04.txt.json	0	*top	446	0	秋穂	秋穗	akiho0187		「大変ですね。でも絵利さんがんばってますよ」	「真够辛苦的。不过绘利小姐已经很努力了」	「大変ですね。でも絵利さんがんばってますよ」
04.txt.json	0	*top	447	0	稔	稔			「猫村、１回黙ろう」	「猫村，先闭嘴一次吧」	「猫村、１回黙ろう」
04.txt.json	0	*top	448	0					相づちが適当すぎてなんか怖い。	这敷衍的附和也太过头了，搞得人有点害怕。	相づちが適当すぎてなんか怖い。
04.txt.json	0	*top	449	0	絵利	绘利	eri0158		「あーーー！　呪いーーー！　呪いが欲しいーー！」	「啊——！　诅咒——！　我想要诅咒！」	「あーーー！　呪いーーー！　呪いが欲しいーー！」
04.txt.json	0	*top	450	0	稔	稔			「Ｖつーばー業界ってよく知らないんだが、\n呪怨みたいな世界なのか？」	「我不太了解V主播这个行业，\n难道是像《咒怨》那样的世界吗？」	「Ｖつーばー業界ってよく知らないんだが、\n呪怨みたいな世界なのか？」
04.txt.json	0	*top	451	0					昔のホラー映画で\nテレビから女が這い出てくるのとかあったし。\nテレビの中に住んでる女って意味じゃ一緒だよな。	以前的恐怖电影里，\n也有女人从电视里爬出来的情节。\n要说是住在电视里的女人，其实也没什么区别吧。	昔のホラー映画で\nテレビから女が這い出てくるのとかあったし。\nテレビの中に住んでる女って意味じゃ一緒だよな。
04.txt.json	0	*top	452	0	秋穂	秋穗	akiho0188		「そうだねえ。\nでも大賀くんもがんばってるよ」	「是呢。\n不过大贺君也很努力啊」	「そうだねえ。\nでも大賀くんもがんばってるよ」
04.txt.json	0	*top	453	0	稔	稔			「適当なのやめろ」	「别这么敷衍」	「適当なのやめろ」
04.txt.json	0	*top	454	0					猫村は本当にお疲れのようだ。	猫村看起来真的累坏了。	猫村は本当にお疲れのようだ。
04.txt.json	0	*top	455	0					仕方ないから俺が愚痴を引き受けるか。\nこれもバーテンの仕事だ。	没办法，只能由我来接下他的牢骚了。\n这也是酒吧老板的工作。	仕方ないから俺が愚痴を引き受けるか。\nこれもバーテンの仕事だ。
04.txt.json	0	*top	456	0	稔	稔			「なんでした、コメント？」	「什么来着，评论？」	「なんでした、コメント？」
04.txt.json	0	*top	457	0	絵利	绘利	eri0159		「そう。ムカつくコメントを呪い殺すの」	「对。把那些惹人生气的评论诅咒死」	「そう。ムカつくコメントを呪い殺すの」
04.txt.json	0	*top	458	0	稔	稔			「えと、呪い云々はそっちで処理してくれ」	「呃，诅咒之类的就交给你自己处理吧」	「えと、呪い云々はそっちで処理してくれ」
04.txt.json	0	*top	459	0	稔	稔			「今日はどんな配信したんで？」	「今天播了些什么？」	「今日はどんな配信したんで？」
04.txt.json	0	*top	460	0	絵利	绘利	eri0160		「今日は開封。\n最近出たトレカ、箱で買って、\nレアカード何枚出るかってやつ」	「今天是开箱。\n买了一箱最近发售的集换式卡牌，\n看看能开出几张稀有卡的那种」	「今日は開封。\n最近出たトレカ、箱で買って、\nレアカード何枚出るかってやつ」
04.txt.json	0	*top	461	0	稔	稔			「あーガチャ動画みたいなもんね」	「啊——就像扭蛋视频那样吧」	「あーガチャ動画みたいなもんね」
04.txt.json	0	*top	462	0					ガチャの動画は見る派なので、\n開封動画がおすすめに来ることはたまにある。	我是会看扭蛋视频的那种人，\n所以偶尔也会有开箱视频被推荐给我。	ガチャの動画は見る派なので、\n開封動画がおすすめに来ることはたまにある。
04.txt.json	0	*top	463	0	絵利	绘利	eri0161		「そんな感じ」	「就是那种感觉」	「そんな感じ」
04.txt.json	0	*top	464	0	稔	稔			「どうです？　外れた？\n俺、他人が爆死してる動画見るの大好き」	「怎么样？没抽到？\n我最喜欢看别人抽卡爆死的视频了」	「どうです？　外れた？\n俺、他人が爆死してる動画見るの大好き」
04.txt.json	0	*top	465	0	秋穂	秋穗	akiho0189		「マスター、闇を出さないで」	「店长，别把黑暗面展现出来」	「マスター、闇を出さないで」
04.txt.json	0	*top	466	0	絵利	绘利	eri0162		「いやあ大勝利とは言わないけど、やや勝利だね。\n開封自体はいい感じだった」	「虽然不能说是大胜利，但也算小胜吧。\n开包本身还是挺顺利的」	「いやあ大勝利とは言わないけど、やや勝利だね。\n開封自体はいい感じだった」
04.txt.json	0	*top	467	0	稔	稔			「ちっ」	「啧」	「ちっ」
04.txt.json	0	*top	468	0	稔	稔			「じゃあ～、まあ～、いいんじゃないすかどうでも」	「那就～反正～随便怎样都行吧」	「じゃあ～、まあ～、いいんじゃないすかどうでも」
04.txt.json	0	*top	469	0	秋穂	秋穗	akiho0190		「露骨に興味をなくさないで」	「别这么明显地失去兴趣啊」	「露骨に興味をなくさないで」
04.txt.json	0	*top	470	0	絵利	绘利	eri0163		「はあ～っ、くそっ、開封はよかったんだよ。\n今日はいい配信になる予定だった」	「哈啊——可恶，开包明明很顺利的。\n本来预计今天会做成一期不错的直播」	「はあ～っ、くそっ、開封はよかったんだよ。\n今日はいい配信になる予定だった」
04.txt.json	0	*top	471	0	絵利	绘利	eri0164		「でもさあ、レアカ１枚出したら『仕込みだ』とか\n連投してくるバカが出てさあ！」	「可是啊，才出了一张稀有卡，就有个笨蛋开始连发‘这是安排好的’之类的话！」	「でもさあ、レアカ１枚出したら『仕込みだ』とか\n連投してくるバカが出てさあ！」
04.txt.json	0	*top	472	0	絵利	绘利	eri0165		「そいつのせいでコメ欄大荒れ。\nこっちも無視したいけど開封動画なんてリアクションが\nすべてだからコメント拾えなきゃやりにくいったらない」	「都怪那家伙，评论区彻底闹翻了。\n我这边也想无视他，可开包视频最重要的就是反应，\n要是没法接评论，真是难播得不行」	「そいつのせいでコメ欄大荒れ。\nこっちも無視したいけど開封動画なんてリアクションが\nすべてだからコメント拾えなきゃやりにくいったらない」
04.txt.json	0	*top	473	0	絵利	绘利	eri0166		「ああああああうぜええええええええええ！」	「啊啊啊啊啊啊烦死了啊啊啊啊啊啊啊啊！」	「ああああああうぜええええええええええ！」
04.txt.json	0	*top	474	0					キレてるお隣さん。	正在发火的邻居。	キレてるお隣さん。
04.txt.json	0	*top	475	0	絵利	绘利	eri0167		「どう思うよマスター！」	「店长，你觉得呢！」	「どう思うよマスター！」
04.txt.json	0	*top	476	0	稔	稔			「レアカ出てるなら見る気しないなあ」	「既然已经出稀有卡了，我就没兴趣看了」	「レアカ出てるなら見る気しないなあ」
04.txt.json	0	*top	477	0	絵利	绘利	eri0168		「秋穂ぉ！」	「秋穗！」	「秋穂ぉ！」
04.txt.json	0	*top	478	0	秋穂	秋穗	akiho0191		「大変ですね。でも絵利さんがんばってますよ」	「真够辛苦的。不过绘利小姐已经很努力了」	「大変ですね。でも絵利さんがんばってますよ」
04.txt.json	0	*top	479	0	絵利	绘利	eri0169		「誰かあたしに優しくしろぉ！」	「谁来对我温柔一点啊！」	「誰かあたしに優しくしろぉ！」
04.txt.json	0	*top	480	0					ンなこと言われても。\nコメ欄が荒れるとかいう状況、俺には分からん。	就算你这么说。\n什么评论区闹翻之类的情况，我也搞不懂。	ンなこと言われても。\nコメ欄が荒れるとかいう状況、俺には分からん。
04.txt.json	0	*top	481	0	絵利	绘利	eri0170		「はーあー」	「哈——啊」	「はーあー」
04.txt.json	0	*top	482	0	絵利	绘利	eri0171		「まあ、いまの時期荒れやすいんだけどねトレカ開封って」	「不过，集换式卡牌开包直播在这个时期确实很容易闹起来」	「まあ、いまの時期荒れやすいんだけどねトレカ開封って」
04.txt.json	0	*top	483	0	秋穂	秋穗	akiho0192		「そうなんですか？」	「是这样吗？」	「そうなんですか？」
04.txt.json	0	*top	484	0	絵利	绘利	eri0172		「トレカっていまクッソ人気あるから、箱買いするだけでも\n難しいんだよ」	「集换式卡牌现在火得一塌糊涂，光是整箱买都\n很难买到啊」	「トレカっていまクッソ人気あるから、箱買いするだけでも\n難しいんだよ」
04.txt.json	0	*top	485	0	秋穂	秋穗	akiho0193		「へえ……」	「哦……」	「へえ……」
04.txt.json	0	*top	486	0	稔	稔			「ああ、それは聞いたことある」	「啊，这个我听说过」	「ああ、それは聞いたことある」
04.txt.json	0	*top	487	0					トレーディングカード。\n人気ありすぎて、そもそも大本を入手するのも\n難しいらしいな。	集换式卡牌。\n好像因为太受欢迎了，连最初的货源\n都很难弄到。	トレーディングカード。\n人気ありすぎて、そもそも大本を入手するのも\n難しいらしいな。
04.txt.json	0	*top	488	0					コンビニとかでも『売り切れました』の張り紙が出てるし、\nレアカード云々より前に、\nカードのセットすら買えない人ばっかりだ。	就连便利店之类的地方也都贴着“已售罄”的告示，\n在稀有卡什么的之前，\n连卡牌套装都买不到的人多得是。	コンビニとかでも『売り切れました』の張り紙が出てるし、\nレアカード云々より前に、\nカードのセットすら買えない人ばっかりだ。
04.txt.json	0	*top	489	0	秋穂	秋穗	akiho0194		「絵利さんはどうやってひと箱仕入れたんですか？」	「绘利小姐是怎么弄到一整箱的？」	「絵利さんはどうやってひと箱仕入れたんですか？」
04.txt.json	0	*top	490	0	絵利	绘利	eri0173		「事務所が業者に頼んだ」	「事务所拜托商家买的」	「事務所が業者に頼んだ」
04.txt.json	0	*top	491	0	稔	稔			「個人の力じゃないやつか」	「不是靠个人的力量啊」	「個人の力じゃないやつか」
04.txt.json	0	*top	492	0					そりゃやっかまれるかもな。	那确实可能会招人嫉妒。	そりゃやっかまれるかもな。
04.txt.json	0	*top	493	0	絵利	绘利	eri0174		「でもそれはこっちも配信のためにやってるんだしさあ！\n文句言われても仕方なくない！？」	「可我们也是为了直播才这么做的啊！\n就算被人抱怨，也没办法吧！？」	「でもそれはこっちも配信のためにやってるんだしさあ！\n文句言われても仕方なくない！？」
04.txt.json	0	*top	494	0	秋穂	秋穗	akiho0195		「それはまあ、分かりますけど」	「这个嘛，我是能理解」	「それはまあ、分かりますけど」
04.txt.json	0	*top	495	0	稔	稔			「でも手に入れられなかった側からすれば\nこいつは大人の力で買いやがって！　な気持ちも分かる」	「但站在没买到的那一边，\n也能理解“这家伙居然靠大人的力量买到了！”的心情」	「でも手に入れられなかった側からすれば\nこいつは大人の力で買いやがって！　な気持ちも分かる」
04.txt.json	0	*top	496	0					どっちが正しいかとかはともかく、感情の話だからな。\nどこまでいっても相容れないだろう。	先不说谁对谁错，毕竟这是情绪问题。\n无论如何，双方大概都无法相互理解吧。	どっちが正しいかとかはともかく、感情の話だからな。\nどこまでいっても相容れないだろう。
04.txt.json	0	*top	497	0					つまり、	也就是说、	つまり、
04.txt.json	0	*top	498	0	稔	稔			「無視すればいんじゃね」	「无视掉不就行了」	「無視すればいんじゃね」
04.txt.json	0	*top	499	0					と、なる。\n俺の感覚では。	于是就变成了这样。\n按我的感觉来说。	と、なる。\n俺の感覚では。
04.txt.json	0	*top	500	0	絵利	绘利	eri0175		「コメントが荒れると他のコメントもぎくしゃくするの！\n繊細なのうちの優良視聴者は！」	「可评论区一吵起来，其他评论也会变得尴尬啊！\n我们这些优质观众可是很敏感的！」	「コメントが荒れると他のコメントもぎくしゃくするの！\n繊細なのうちの優良視聴者は！」
04.txt.json	0	*top	501	0					なるほど。そういう問題もあるか。	原来如此。还有这种问题啊。	なるほど。そういう問題もあるか。
04.txt.json	0	*top	502	0	絵利	绘利	eri0176		「くっそー相手するんじゃなかった。\nなんでクソキモ野郎のコメ拾っちゃったんだあたし」	「可恶——早知道就不理他了。\n我干吗要把那个恶心死人的混蛋评论挑出来啊」	「くっそー相手するんじゃなかった。\nなんでクソキモ野郎のコメ拾っちゃったんだあたし」
04.txt.json	0	*top	503	0	秋穂	秋穗	akiho0196		「まあまあ、落ち込まないで」	「好啦好啦，别消沉了」	「まあまあ、落ち込まないで」
04.txt.json	0	*top	504	0	絵利	绘利	eri0177		「はあ～……」	「哈啊～……」	「はあ～……」
04.txt.json	0	*top	505	0					愚痴ったら愚痴ったで、逆にイライラしてきたらしい。\nさらに荒れてるお隣さん。	似乎是抱怨了一通，反倒变得更烦躁了。\n隔壁那位变得更加暴躁了。	愚痴ったら愚痴ったで、逆にイライラしてきたらしい。\nさらに荒れてるお隣さん。
04.txt.json	0	*top	506	0					理由はどうあれ、	不管理由是什么、	理由はどうあれ、
04.txt.json	0	*top	507	0					仕事が上手く行かなかった夜。\nってのは、こんなもんだ。	工作不顺利的夜晚。\n就是这个样子。	仕事が上手く行かなかった夜。\nってのは、こんなもんだ。
04.txt.json	0	*top	508	0	稔	稔			「レモンサワー、おかわりいかがですか」	「要不要再来一杯柠檬沙瓦」	「レモンサワー、おかわりいかがですか」
04.txt.json	0	*top	509	0	絵利	绘利	eri0178		「うぐー、おねがい」	「呜咕～，拜托了」	「うぐー、おねがい」
04.txt.json	0	*top	510	0	稔	稔			「少々甘くお作りしましょうか」	「要不要给你调得稍微甜一点」	「少々甘くお作りしましょうか」
04.txt.json	0	*top	511	0	絵利	绘利	eri0179		「たのんます」	「那就拜托了」	「たのんます」
04.txt.json	0	*top	512	0	稔	稔			「猫村は」	「猫村呢」	「猫村は」
04.txt.json	0	*top	513	0	秋穂	秋穗	akiho0197		「ん……うん、じゃあ私も、同じのもう１杯」	「嗯……好吧，那我也再来一杯一样的」	「ん……うん、じゃあ私も、同じのもう１杯」
04.txt.json	0	*top	514	0					こっちも疲れてるみたいだし、\n優しめの味で作ってやる。	看起来这边也累了，\n我就给你调得温和一点。	こっちも疲れてるみたいだし、\n優しめの味で作ってやる。
04.txt.json	0	*top	515	0	秋穂	秋穗	akiho0198		「はあ……」	「唉……」	「はあ……」
04.txt.json	0	*top	516	0	絵利	绘利	eri0180		「……」	「……」	「……」
04.txt.json	0	*top	517	0	絵利	绘利	eri0181		「てか、秋穂は飲まないの？　アルコール」	「话说，秋穗你不喝酒吗」	「てか、秋穂は飲まないの？　アルコール」
04.txt.json	0	*top	518	0	秋穂	秋穗	akiho0199		「え、いえ、私は」	「诶，不，我」	「え、いえ、私は」
04.txt.json	0	*top	519	0	稔	稔			「アルコール入りなら言ってくれればすぐだぞ」	「要加酒的话跟我说一声，马上就能给你调」	「アルコール入りなら言ってくれればすぐだぞ」
04.txt.json	0	*top	520	0					もともと出してるのはフレッシュフルーツジュース。\nアルコールあるなしは、\nミキサー後にウォッカを入れるかどうかくらいだ。	本来端上来的就是鲜榨水果汁。\n加不加酒，\n也就是搅拌之后要不要加伏特加的区别。	もともと出してるのはフレッシュフルーツジュース。\nアルコールあるなしは、\nミキサー後にウォッカを入れるかどうかくらいだ。
04.txt.json	0	*top	521	0	絵利	绘利	eri0182		「飲もーよ。そっちも仕事の愚痴とかあるでしょ。\n飲んで吐き出しちゃいなさい」	「喝嘛。你那边肯定也有工作上的牢骚吧。\n喝点酒把它们全倒出来吧」	「飲もーよ。そっちも仕事の愚痴とかあるでしょ。\n飲んで吐き出しちゃいなさい」
04.txt.json	0	*top	522	0	秋穂	秋穗	akiho0200		「そんな、私は愚痴なんて」	「哪有，我才没有什么牢骚」	「そんな、私は愚痴なんて」
04.txt.json	0	*top	523	0	絵利	绘利	eri0183		「いいじゃん。明日お休みでしょ」	「有什么关系嘛。你明天休息吧」	「いいじゃん。明日お休みでしょ」
04.txt.json	0	*top	524	0	秋穂	秋穗	akiho0201		「ん、うーん」	「嗯，呃」	「ん、うーん」
04.txt.json	0	*top	525	0					アルコールを勧めるのもはばかられるご時世だが、\nこっちもバーマンやってるので、止めることはない。	虽然现在这个时代，劝别人喝酒多少有些不合适，\n但我毕竟是酒吧老板，也不会出言阻止。	アルコールを勧めるのもはばかられるご時世だが、\nこっちもバーマンやってるので、止めることはない。
04.txt.json	0	*top	526	0					どうする？　猫村に視線で聞いた。	怎么办？我用视线向猫村问道。	どうする？　猫村に視線で聞いた。
04.txt.json	0	*top	527	0	秋穂	秋穗	akiho0202		「……」	「……」	「……」
04.txt.json	0	*top	528	0	秋穂	秋穗	akiho0203		「じゃあ、ちょっとだけ」	「那就来一点点吧」	「じゃあ、ちょっとだけ」
04.txt.json	0	*top	529	0	稔	稔			「了解」	「了解」	「了解」
04.txt.json	0	*top	530	0					アルコールありで調整していく。	加入酒精进行调配。	アルコールありで調整していく。
04.txt.json	0	*top	531	0					その間、	在这期间、	その間、
04.txt.json	0	*top	532	0	絵利	绘利	eri0184		「そっちはなにがあったの？　仕事？」	「你那边发生什么了？工作上的事？」	「そっちはなにがあったの？　仕事？」
04.txt.json	0	*top	533	0	秋穂	秋穗	akiho0204		「はい。ちょっとトラブルが多い１日だったので」	「是的。因为今天遇到的麻烦有点多」	「はい。ちょっとトラブルが多い１日だったので」
04.txt.json	0	*top	534	0	絵利	绘利	eri0185		「聞こうか」	「要不要说给我听听」	「聞こうか」
04.txt.json	0	*top	535	0	秋穂	秋穗	akiho0205		「いえ、大したことないから」	「不用，没什么大不了的」	「いえ、大したことないから」
04.txt.json	0	*top	536	0	絵利	绘利	eri0186		「吐き出しちゃいなよ。その方が楽だよ」	「把心里的话都说出来吧。那样会轻松些」	「吐き出しちゃいなよ。その方が楽だよ」
04.txt.json	0	*top	537	0	秋穂	秋穗	akiho0206		「ほんと大丈夫です。\n単に忙しかったってだけです」	「真的没事。\n只是单纯比较忙而已」	「ほんと大丈夫です。\n単に忙しかったってだけです」
04.txt.json	0	*top	538	0					笑顔でかわしてる猫村。	猫村面带笑容地敷衍着。	笑顔でかわしてる猫村。
04.txt.json	0	*top	539	0	絵利	绘利	eri0187		「おいおい吐いたほうが楽だぜぇ。\n秋穂はいっつも溜め込むんだから～」	「哎呀哎呀，还是说出来比较轻松嘛。\n秋穗你总是把事情憋在心里～」	「おいおい吐いたほうが楽だぜぇ。\n秋穂はいっつも溜め込むんだから～」
04.txt.json	0	*top	540	0					でももう酔っ払ってる方が、やや絡み酒だった。	不过，已经喝醉的那个人反而有些纠缠不休。	でももう酔っ払ってる方が、やや絡み酒だった。
04.txt.json	0	*top	541	0					本人が嫌がってるなら話題自体避けるべきだぞ。\n止めた方がいいかな。	如果本人不想谈，就应该连这个话题都避开。\n要不要阻止他。	本人が嫌がってるなら話題自体避けるべきだぞ。\n止めた方がいいかな。
04.txt.json	0	*top	542	0	稔	稔			「お待たせしました」	「让你久等了」	「お待たせしました」
04.txt.json	0	*top	543	0	絵利	绘利	eri0188		「さんきゅー」	「谢啦」	「さんきゅー」
04.txt.json	0	*top	544	0	秋穂	秋穗	akiho0207		「わあ、美味しそう」	「哇，看起来好好喝」	「わあ、美味しそう」
04.txt.json	0	*top	545	0					おしゃれなグラスで盛り付けたカクテルを渡す。	我把装在时髦玻璃杯里的鸡尾酒递了过去。	おしゃれなグラスで盛り付けたカクテルを渡す。
04.txt.json	0	*top	546	0	稔	稔			「悪酔いするなよ」	「可别喝到难受啊」	「悪酔いするなよ」
04.txt.json	0	*top	547	0	秋穂	秋穗	akiho0208		「大丈夫だよ。あんまり酔わないタイプだから」	「没事。我是不太容易喝醉的类型」	「大丈夫だよ。あんまり酔わないタイプだから」
04.txt.json	0	*top	548	0	絵利	绘利	eri0189		「はいかんぱーい」	「好，干杯」	「はいかんぱーい」
04.txt.json	0	*top	549	0	秋穂	秋穗	akiho0209		「乾杯です。それじゃあ」	「干杯。那么」	「乾杯です。それじゃあ」
04.txt.json	0	*top	550	0	秋穂	秋穗	akiho0210		「いただきまぁす」	「我开动啦」	「いただきまぁす」
04.txt.json	0	*top	551	0					１０分後。	十分钟后。	１０分後。
04.txt.json	0	*top	552	0					――ダンッッ！（←ジョッキ）	——砰！！（←啤酒杯）	――ダンッッ！（←ジョッキ）
04.txt.json	0	*top	553	0	秋穂	秋穗	akiho0211		「クソ婦長がーーーーーーーーーーーーーーーー！！！」	「该死的护士长！！！」	「クソ婦長がーーーーーーーーーーーーーーーー！！！」
04.txt.json	0	*top	554	0	稔	稔			「……」	「……」	「……」
04.txt.json	0	*top	555	0	絵利	绘利	eri0190		「……」	「……」	「……」
04.txt.json	0	*top	556	0	秋穂	秋穗	akiho0212		「ああああああああ面倒な仕事全部若い子に押しつけるくせに\n肝心なときに限って体調不良です～で逃げやがってこの」	「啊啊啊啊啊啊啊啊明明总是把所有麻烦的工作都推给年轻人，\n偏偏一到关键时刻就装病说‘我身体不舒服～’然后逃掉，这个」	「ああああああああ面倒な仕事全部若い子に押しつけるくせに\n肝心なときに限って体調不良です～で逃げやがってこの」
04.txt.json	0	*top	557	0	秋穂	秋穗	akiho0213		「クソ婦長がーーーーーーーーーーーーーーーー！！！！！」	「该死的护士长——————！！！！！ ！！！！！」	「クソ婦長がーーーーーーーーーーーーーーーー！！！！！」
04.txt.json	0	*top	558	0	稔	稔			「……」	「……」	「……」
04.txt.json	0	*top	559	0	秋穂	秋穗	akiho0214		「はあああああ……あ？　おい酒がない！\n酒切れてんぞマスター、ビールおかわり」	「哈啊啊啊啊啊……啊？喂，没酒了！\n酒喝完了啊，老板，再来一杯啤酒」	「はあああああ……あ？　おい酒がない！\n酒切れてんぞマスター、ビールおかわり」
04.txt.json	0	*top	560	0	稔	稔			「は、はあ、\nしかしお客様だいぶ酔ってらっしゃるようですので」	「是、是啊，\n不过客人您看起来已经醉得挺厉害了」	「は、はあ、\nしかしお客様だいぶ酔ってらっしゃるようですので」
04.txt.json	0	*top	561	0	秋穂	秋穗	akiho0215		「あ？」	「啊？」	「あ？」
04.txt.json	0	*top	562	0	稔	稔			「持ってきます」	「我这就拿来」	「持ってきます」
04.txt.json	0	*top	563	0					怖い。	好可怕。	怖い。
04.txt.json	0	*top	564	0					俺に出来ることは出すビールのジョッキを\nちょっと小さいサイズにすることだけだ。	我能做的，也就只有把端出去的啤酒杯换成稍微小一点的尺寸。	俺に出来ることは出すビールのジョッキを\nちょっと小さいサイズにすることだけだ。
04.txt.json	0	*top	565	0	秋穂	秋穗	akiho0216		「ったくよぉ……どいつもこいつも」	「真是的……一个个都这样」	「ったくよぉ……どいつもこいつも」
04.txt.json	0	*top	566	0	秋穂	秋穗	akiho0217		「看護師ってーと急に偉そうにしやがって。\n自分がポカしたくせにいつも忙しいで逃げやがって。\nとりあえず面倒なこと全部押しつけやがって」	「一说自己是护士，就突然摆起架子来了。\n明明是自己搞砸的，却总拿‘我很忙’来逃避。\n总之先把所有麻烦事都推给别人」	「看護師ってーと急に偉そうにしやがって。\n自分がポカしたくせにいつも忙しいで逃げやがって。\nとりあえず面倒なこと全部押しつけやがって」
04.txt.json	0	*top	567	0	秋穂	秋穗	akiho0218		「クソ患者がーーーーーーーーーーーー！」	「该死的患者！」	「クソ患者がーーーーーーーーーーーー！」
04.txt.json	0	*top	568	0	秋穂	秋穗	akiho0219		「クソ医者どもがーーーーーーーーーーーーーーー！！！」	「你们这些该死的医生！！！」	「クソ医者どもがーーーーーーーーーーーーーーー！！！」
04.txt.json	0	*top	569	0					噴火が止まらん。	火山喷发根本停不下来。	噴火が止まらん。
04.txt.json	0	*top	570	0	絵利	绘利	eri0191		「えー」	「诶」	「えー」
04.txt.json	0	*top	571	0	絵利	绘利	eri0192		「とまあいつもニコニコしている子でも、\n内側にはどんな不満がくすぶっているか分からない。\n現代社会って難しいですね」	"「总是笑眯眯的孩子，内心深处究竟积压着什么不满，也没人知道。
现代社会还真是复杂啊」"	「とまあいつもニコニコしている子でも、\n内側にはどんな不満がくすぶっているか分からない。\n現代社会って難しいですね」
04.txt.json	0	*top	572	0	絵利	绘利	eri0193		「というわけで今日はここまで。\nセンキュふぉウォッチンえんプリーズさぶすくらーい」	「那么今天就到这里。感谢观看，还请务必订阅」	「というわけで今日はここまで。\nセンキュふぉウォッチンえんプリーズさぶすくらーい」
04.txt.json	0	*top	573	0	絵利	绘利	eri0194		「おつおつＣＨＡＣＨＡＣＨＡ～♪」	「辛苦啦CHACHACHA～♪」	「おつおつＣＨＡＣＨＡＣＨＡ～♪」
04.txt.json	0	*top	574	0	稔	稔			「待て」（ぐい）	「等等」（一把拽住）	「待て」（ぐい）
04.txt.json	0	*top	575	0	絵利	绘利	eri0195		「ぐえ」	「咕呃」	「ぐえ」
04.txt.json	0	*top	576	0	秋穂	秋穗	akiho0220		「グオオオオオ気が高まる……あふれる……！！！」	「咕哦哦哦哦哦，气势高涨……力量满溢……！！！」	「グオオオオオ気が高まる……あふれる……！！！」
04.txt.json	0	*top	577	0	稔	稔			「お前が生み出したモンスターだぞ。\n責任とれ」	"「这可是你创造出来的怪物啊。
你得负起责任来」"	「お前が生み出したモンスターだぞ。\n責任とれ」
04.txt.json	0	*top	578	0	秋穂	秋穗	akiho0221		「コラァ先輩、酒が足りてねーなあ、\nもっとバンバン飲まんかい」	"「喂，前辈，你这酒喝得不够多啊，
再多喝几杯嘛」"	「コラァ先輩、酒が足りてねーなあ、\nもっとバンバン飲まんかい」
04.txt.json	0	*top	579	0	絵利	绘利	eri0196		「いえあの、わたくしは明日も配信がありますので」	「不，那个……我明天还要直播」	「いえあの、わたくしは明日も配信がありますので」
04.txt.json	0	*top	580	0	秋穂	秋穗	akiho0222		「あーしの酒が飲めねーってか！！」	「怎么，你不肯喝我的酒吗！！」	「あーしの酒が飲めねーってか！！」
04.txt.json	0	*top	581	0	絵利	绘利	eri0197		「飲みます！」	「我喝！」	「飲みます！」
04.txt.json	0	*top	582	0					えー。	诶。	えー。
04.txt.json	0	*top	583	0					猫村の沽券に関わるので飛ばそう。	这关系到猫村的面子，还是跳过吧。	猫村の沽券に関わるので飛ばそう。
04.txt.json	0	*top	584	0					ラストオーダーの２時をとっくに過ぎたころ。	早已过了凌晨两点的打烊点。	ラストオーダーの２時をとっくに過ぎたころ。
04.txt.json	0	*top	585	0	秋穂	秋穗	akiho0223		「ぐうう」	「呼」	「ぐうう」
04.txt.json	0	*top	586	0					酒に強いわけではないようで、すっかり潰れてしまった。	她似乎并不擅长喝酒，已经彻底醉倒了。	酒に強いわけではないようで、すっかり潰れてしまった。
04.txt.json	0	*top	587	0	絵利	绘利	eri0198		「はー、やっと収まった」	「哈——总算安静下来了」	「はー、やっと収まった」
04.txt.json	0	*top	588	0	稔	稔			「疲れた」	「累死了」	「疲れた」
04.txt.json	0	*top	589	0					３人分の水を用意する。	准备好三个人份的水。	３人分の水を用意する。
04.txt.json	0	*top	590	0	絵利	绘利	eri0199		「この子も大変だったみたいねー今日は」	「这孩子今天好像也挺辛苦的呢」	「この子も大変だったみたいねー今日は」
04.txt.json	0	*top	591	0	秋穂	秋穗	akiho0224		「う～」	「呜～」	「う～」
04.txt.json	0	*top	592	0					酔って吼えてる断片から分かったこととして、	从她醉醺醺地吼叫时透露出的片段来看、	酔って吼えてる断片から分かったこととして、
04.txt.json	0	*top	593	0					病院で寝たきり患者の引き受けに関して\nトラブルがあったそうで\n患者の家族が怒鳴り込んで来たらしい。	听说医院在接收需要卧床护理的患者一事上\n出了问题，\n患者家属似乎还怒气冲冲地找上门来。	病院で寝たきり患者の引き受けに関して\nトラブルがあったそうで\n患者の家族が怒鳴り込んで来たらしい。
04.txt.json	0	*top	594	0					が、担当医は仕事中を理由に対応を拒否。	不过，主治医生以正在工作为由，拒绝出面处理。	が、担当医は仕事中を理由に対応を拒否。
04.txt.json	0	*top	595	0					患者の家族に外国人がいたとかで、\n英語ができないとかそういうので逃げたっぽい。	据说患者家属中有外国人，\n那家伙好像因为不会英语之类的理由逃掉了。	患者の家族に外国人がいたとかで、\n英語ができないとかそういうので逃げたっぽい。
04.txt.json	0	*top	596	0					なので看護師たちが話すことになったのだが、\n婦長まで体調不良とかで逃げてしまった。	于是只好由护士们出面交涉，\n可就连护士长也以身体不适为由逃掉了。	なので看護師たちが話すことになったのだが、\n婦長まで体調不良とかで逃げてしまった。
04.txt.json	0	*top	597	0					で、怒り狂う患者家族の相手を、そのトラブルには\n全然関係ない猫村が担当。	结果，面对怒火中烧的患者家属，\n负责应付的却是与那场纠纷完全无关的猫村。	で、怒り狂う患者家族の相手を、そのトラブルには\n全然関係ない猫村が担当。
04.txt.json	0	*top	598	0					さっぱり分からないことで一方的に怒鳴られ続けたと。	据说她就这样因为完全不明白的事情，被人单方面持续大吼大叫。	さっぱり分からないことで一方的に怒鳴られ続けたと。
04.txt.json	0	*top	599	0	稔	稔			「そりゃストレス溜まるわな」	「那确实够让人积攒压力的了」	「そりゃストレス溜まるわな」
04.txt.json	0	*top	600	0	絵利	绘利	eri0200		「昔っから貧乏くじ引きがちなのよね―この子」	「这孩子从以前开始就总是抽到下下签呢」	「昔っから貧乏くじ引きがちなのよね―この子」
04.txt.json	0	*top	601	0					分かる。	我懂。	分かる。
04.txt.json	0	*top	602	0					気が弱いのか要領が悪いのか。\nどうも嫌な役ばっかり受け持ってるやつである。	也不知道是胆子小，还是不太会办事。\n总之就是个净接手麻烦差事的家伙。	気が弱いのか要領が悪いのか。\nどうも嫌な役ばっかり受け持ってるやつである。
04.txt.json	0	*top	603	0	絵利	绘利	eri0201		「……」	「……」	「……」
04.txt.json	0	*top	604	0	絵利	绘利	eri0202		「ま、あたしが言うことでもないんだけどさ」	「嘛，虽说我也没资格这么说就是了」	「ま、あたしが言うことでもないんだけどさ」
04.txt.json	0	*top	605	0					こっちはすっかり酔いが醒めてるようで、\nカバンの中を探るお隣さん。	这边的酒似乎已经完全醒了，\n只见邻居在翻找包里的东西。	こっちはすっかり酔いが醒めてるようで、\nカバンの中を探るお隣さん。
04.txt.json	0	*top	606	0					さっき猫村から受け取った紙袋を取り出した。	她拿出了刚才从猫村那里收到的纸袋。	さっき猫村から受け取った紙袋を取り出した。
04.txt.json	0	*top	607	0					中身は、やはりというか、錠剤のようだ。	里面的东西，果然不出所料，似乎是药片。	中身は、やはりというか、錠剤のようだ。
04.txt.json	0	*top	608	0					――パチッ。	——啪嗒。	――パチッ。
04.txt.json	0	*top	609	0	絵利	绘利	eri0203		「はむっ」	「啊呜」	「はむっ」
04.txt.json	0	*top	610	0	稔	稔			「あっ、ちょ」	「啊，等等」	「あっ、ちょ」
04.txt.json	0	*top	611	0					飲んじゃった。	她已经把药吃下去了。	飲んじゃった。
04.txt.json	0	*top	612	0	絵利	绘利	eri0204		「なに？」	「什么？」	「なに？」
04.txt.json	0	*top	613	0	稔	稔			「いや、いんすか？　それ鎮痛剤とかじゃ」	「不是，真的可以吗？那不是止痛药之类的吗」	「いや、いんすか？　それ鎮痛剤とかじゃ」
04.txt.json	0	*top	614	0					前にそんなこと言ってた記憶がある。	我记得她之前好像说过这种话。	前にそんなこと言ってた記憶がある。
04.txt.json	0	*top	615	0					薬のことはよく知らないが、鎮痛剤とか鎮静剤って、\nアルコールの入った身体には良くないと思う。	我不太了解药物，不过止痛药或者镇静剂之类的，\n应该不适合已经摄入酒精的身体。	薬のことはよく知らないが、鎮痛剤とか鎮静剤って、\nアルコールの入った身体には良くないと思う。
04.txt.json	0	*top	616	0					もう酔いは醒めてても、まだ身体に酒が残ってるのに\nどんな副作用が出るか。	就算已经醒酒了，体内还残留着酒精，\n也不知道会产生什么副作用。	もう酔いは醒めてても、まだ身体に酒が残ってるのに\nどんな副作用が出るか。
04.txt.json	0	*top	617	0					思ったが、	我虽然这么想着、	思ったが、
04.txt.json	0	*top	618	0	絵利	绘利	eri0205		「あー、はは、ちがうちがう」	「啊——哈哈，不对不对」	「あー、はは、ちがうちがう」
04.txt.json	0	*top	619	0	絵利	绘利	eri0206		「そっか、この前鎮痛剤って言うの聞いてたのね。\nうん、じゃあかんちがい」	「原来如此，你听到我上次说止痛药了啊。\n嗯，那是你误会了」	「そっか、この前鎮痛剤って言うの聞いてたのね。\nうん、じゃあかんちがい」
04.txt.json	0	*top	620	0					？	？	？
04.txt.json	0	*top	621	0	絵利	绘利	eri0207		「これ、ビタミン剤なのよ。\nただのサプリ」	「这是维生素片。\n就是普通的保健品」	「これ、ビタミン剤なのよ。\nただのサプリ」
04.txt.json	0	*top	622	0	絵利	绘利	eri0208		「２日酔いにちょうどいいから、お酒のあとは飲んどくの」	「对宿醉正合适，所以喝完酒后我都会吃」	「２日酔いにちょうどいいから、お酒のあとは飲んどくの」
04.txt.json	0	*top	623	0	稔	稔			「え……、ああ、この前とはちがう？」	「诶……啊，和上次的不一样？」	「え……、ああ、この前とはちがう？」
04.txt.json	0	*top	624	0					紙袋は同じだが、中身がちがったんだろうか。	纸袋是同一个，但里面的东西不一样吗。	紙袋は同じだが、中身がちがったんだろうか。
04.txt.json	0	*top	625	0					思ったが、お隣さんはふるふると首を横にふり、	我正这么想着，邻居却轻轻摇了摇头、	思ったが、お隣さんはふるふると首を横にふり、
04.txt.json	0	*top	626	0	絵利	绘利	eri0209		「ちがくて。鎮痛剤ってことで、持ってきてくれるの。秋穂が」	「不是的。秋穗会以止痛药的名义，拿来给我的」	「ちがくて。鎮痛剤ってことで、持ってきてくれるの。秋穂が」
04.txt.json	0	*top	627	0					？	？	？
04.txt.json	0	*top	628	0					猫村が『鎮痛剤です』といって手渡してるのは見てる。	我亲眼看到猫村说着『这是止痛药』，把它递给她。	猫村が『鎮痛剤です』といって手渡してるのは見てる。
04.txt.json	0	*top	629	0					あれは全部ビタミン剤ってことか？	难道那些全都是维生素片？	あれは全部ビタミン剤ってことか？
04.txt.json	0	*top	630	0					なんで嘘つくんだよ。	为什么要撒谎啊。	なんで嘘つくんだよ。
04.txt.json	0	*top	631	0	絵利	绘利	eri0210		「あたし、ストレス性の群発頭痛持ちでね。\nイライラすると頭ガンガンしちゃうのよ、急に」	「我有压力性丛集性头痛。\n一烦躁起来，头就会突然剧痛」	「あたし、ストレス性の群発頭痛持ちでね。\nイライラすると頭ガンガンしちゃうのよ、急に」
04.txt.json	0	*top	632	0					え。	诶。	え。
04.txt.json	0	*top	633	0	絵利	绘利	eri0211		「んで鎮痛剤が欲しいんだけど、頭にキてるときに飲むとさ、\n分かんなくなっちゃうんだよね。\nいつ飲んだかとか、今日は何錠飲んだかとか」	「所以我想吃止痛药，可一头痛起来就吃的话，\n脑子就会变得糊里糊涂的。\n比如什么时候吃的、今天吃了几片之类的」	「んで鎮痛剤が欲しいんだけど、頭にキてるときに飲むとさ、\n分かんなくなっちゃうんだよね。\nいつ飲んだかとか、今日は何錠飲んだかとか」
04.txt.json	0	*top	634	0	絵利	绘利	eri0212		「相性が悪いみたいで、１日１錠って言われても\n頭痛い、薬飲む、寝る、頭痛くて記憶ぼやける、薬飲む、\nってループしちゃって、ひと晩で何錠も飲んじゃうの」	「好像和酒不太合，明明被告知一天一片，\n却会变成头痛、吃药、睡觉、因为头痛而记忆模糊、吃药，\n这样循环下去，结果一晚上就会吃好几片」	「相性が悪いみたいで、１日１錠って言われても\n頭痛い、薬飲む、寝る、頭痛くて記憶ぼやける、薬飲む、\nってループしちゃって、ひと晩で何錠も飲んじゃうの」
04.txt.json	0	*top	635	0	絵利	绘利	eri0213		「で、危険すぎるからってこの子、ただのビタミン剤を\n鎮痛剤ですっつって持ってきてくれてさ」	「所以啊，因为这孩子说太危险了，就把普通的维生素片拿来，骗我说是止痛药」	「で、危険すぎるからってこの子、ただのビタミン剤を\n鎮痛剤ですっつって持ってきてくれてさ」
04.txt.json	0	*top	636	0	絵利	绘利	eri0214		「バレてないと思ってるんだからかわいーよねー」	「她还以为自己没被发现，真可爱啊」	「バレてないと思ってるんだからかわいーよねー」
04.txt.json	0	*top	637	0					くしくしと潰れている猫村の頭を撫でる。	我抚摸着猫村那颗被揉得皱巴巴的脑袋。	くしくしと潰れている猫村の頭を撫でる。
04.txt.json	0	*top	638	0	稔	稔			「つまり、偽薬？」	「也就是说，是安慰剂？」	「つまり、偽薬？」
04.txt.json	0	*top	639	0	絵利	绘利	eri0215		「本物の薬だったら大問題でしょ。\n看護師が個人で病院の薬を流してるとか」	「要真是药，那可就不得了了。护士私下把医院的药拿出来什么的」	「本物の薬だったら大問題でしょ。\n看護師が個人で病院の薬を流してるとか」
04.txt.json	0	*top	640	0					それもそうか。	说得也是。	それもそうか。
04.txt.json	0	*top	641	0	絵利	绘利	eri0216		「それに偽薬とも言えない」	「而且也不能说是安慰剂」	「それに偽薬とも言えない」
04.txt.json	0	*top	642	0	絵利	绘利	eri0217		「効くんだよねーこのビタミン剤が。\nこれ飲むようになって群発頭痛、全然来なくなったから」	「这维生素片还真有效呢——自从开始吃这个，丛集性头痛就再也没发作过了」	「効くんだよねーこのビタミン剤が。\nこれ飲むようになって群発頭痛、全然来なくなったから」
04.txt.json	0	*top	643	0	稔	稔			「……ストレスのほうが緩和された、と」	「……也就是说，缓解的是压力吧」	「……ストレスのほうが緩和された、と」
04.txt.json	0	*top	644	0	絵利	绘利	eri0218		「そゆこと」	「就是这么回事」	「そゆこと」
04.txt.json	0	*top	645	0					くしくし、くしくし、何度も頭を撫でている。	揉啊揉的，我一遍又一遍地抚摸着她的脑袋。	くしくし、くしくし、何度も頭を撫でている。
04.txt.json	0	*top	646	0	絵利	绘利	eri0219		「……」	「……」	「……」
04.txt.json	0	*top	647	0	絵利	绘利	eri0220		「お願いだから、そっちには頭痛行かないでよー。\nあたしの鎮痛剤さん」	「拜托了，可别把头痛传到那边去啊——我的止痛药小姐」	「お願いだから、そっちには頭痛行かないでよー。\nあたしの鎮痛剤さん」
04.txt.json	0	*top	648	0	秋穂	秋穗	akiho0225		「うー」	「呜」	「うー」
04.txt.json	0	*top	649	0					まだ酔いが回ってるようで、ぐったりしてる猫村。	猫村似乎还醉得厉害，整个人无精打采的。	まだ酔いが回ってるようで、ぐったりしてる猫村。
04.txt.json	0	*top	650	0	稔	稔			「……」	「……」	「……」
04.txt.json	0	*top	651	0					こう言っちゃなんだが、	这么说可能不太好、	こう言っちゃなんだが、
04.txt.json	0	*top	652	0					猫村はやっぱり、要領が悪いと思う。	但猫村果然还是不太会变通。	猫村はやっぱり、要領が悪いと思う。
04.txt.json	0	*top	653	0					面倒な役を押しつけられがちだ。	她总是容易被人推来做麻烦的差事。	面倒な役を押しつけられがちだ。
04.txt.json	0	*top	654	0					本人はそれに気付いてないだろうけど。	不过她本人应该没有意识到这一点。	本人はそれに気付いてないだろうけど。
04.txt.json	0	*top	655	0	絵利	绘利	eri0221		「さて」	「那么」	「さて」
04.txt.json	0	*top	656	0	絵利	绘利	eri0222		「えと？　ここ、３時までだっけ？」	「那个？这里是营业到3点来着？」	「えと？　ここ、３時までだっけ？」
04.txt.json	0	*top	657	0	稔	稔			「ああ、はい」	「啊，是的」	「ああ、はい」
04.txt.json	0	*top	658	0					気付くと時計は、３時６分を指していた。	回过神来，时钟已经指向了3点6分。	気付くと時計は、３時６分を指していた。
04.txt.json	0	*top	659	0					もう閉店後だ。	已经过了打烊时间。	もう閉店後だ。
04.txt.json	0	*top	660	0					といっても、酔った客を外に放り出す気はない。\n別にもうしばらく待ってもいいが。	话虽如此，我也没打算把喝醉的客人扔到外面去。\n再等一会儿倒也没什么。	といっても、酔った客を外に放り出す気はない。\n別にもうしばらく待ってもいいが。
04.txt.json	0	*top	661	0	絵利	绘利	eri0223		「おいとましましょうか。ほら秋穂、起きて～」	「我们差不多该告辞了吧。来，秋穗，醒醒～」	「おいとましましょうか。ほら秋穂、起きて～」
04.txt.json	0	*top	662	0	秋穂	秋穗	akiho0226		「んん……」	「嗯嗯……」	「んん……」
04.txt.json	0	*top	663	0					こういうとこはわりとしっかりしてるようで、\n猫村の肩をゆするお隣さん。	邻居家的那位，平时在这种事情上倒是挺靠谱的，\n摇了摇猫村的肩膀。	こういうとこはわりとしっかりしてるようで、\n猫村の肩をゆするお隣さん。
04.txt.json	0	*top	664	0					連れてってくれるか。なら助かる。	你能送她回去吗？那可就帮大忙了。	連れてってくれるか。なら助かる。
04.txt.json	0	*top	665	0					思ったが。	我是这么想的。	思ったが。
04.txt.json	0	*top	666	0					――ぎゅっ。	——紧紧地。	――ぎゅっ。
04.txt.json	0	*top	667	0	稔	稔			「お？」	「哦？」	「お？」
04.txt.json	0	*top	668	0	秋穂	秋穗	akiho0227		「うー」	「呜」	「うー」
04.txt.json	0	*top	669	0	秋穂	秋穗	akiho0228		「やだあ……まだ眠いよぉミィくん」	「不要嘛……我还困着呢，稔君」	「やだあ……まだ眠いよぉミィくん」
04.txt.json	0	*top	670	0	稔	稔			「……」	「……」	「……」
04.txt.json	0	*top	671	0	絵利	绘利	eri0224		「あらあら」	「哎呀哎呀」	「あらあら」
04.txt.json	0	*top	672	0					なぜか猫村の手が、俺のそでを掴んでくる。	不知为何，猫村的手抓住了我的袖子。	なぜか猫村の手が、俺のそでを掴んでくる。
04.txt.json	0	*top	673	0					えっと。	那个。	えっと。
04.txt.json	0	*top	674	0	絵利	绘利	eri0225		「あらあらあらあら」	「哎呀哎呀哎呀哎呀」	「あらあらあらあら」
04.txt.json	0	*top	675	0					にまーっと笑うお隣さん。	邻居家的那位露出了意味深长的笑容。	にまーっと笑うお隣さん。
04.txt.json	0	*top	676	0					なに邪推してやがる。	你这家伙都在瞎猜些什么啊。	なに邪推してやがる。
04.txt.json	0	*top	677	0					ったく。	真是的。	ったく。
04.txt.json	0	*top	678	0					面倒なカードを引きやすいのは、俺も同じかもな。	看来我也挺容易抽到麻烦的牌啊。	面倒なカードを引きやすいのは、俺も同じかもな。
04.txt.json	0	*top	679	0	絵利	绘利	eri0226		「秋穂んちは知ってるのよね」	「你知道秋穗家在哪儿吧」	「秋穂んちは知ってるのよね」
04.txt.json	0	*top	680	0	稔	稔			「ええ」	「嗯」	「ええ」
04.txt.json	0	*top	681	0					まだ実家暮らしのようなので、中学の時の記憶で分かる。	她好像还住在父母家，所以凭初中时的记忆，我知道她家在哪儿。	まだ実家暮らしのようなので、中学の時の記憶で分かる。
04.txt.json	0	*top	682	0	絵利	绘利	eri0227		「じゃ、よろしく。\nあっち親もいるから上がり込もうとかしないように」	「那就拜托了。\n那边父母也在，可别想着进去啊」	「じゃ、よろしく。\nあっち親もいるから上がり込もうとかしないように」
04.txt.json	0	*top	683	0	絵利	绘利	eri0228		「言うまでもないけど自分ちに連れていこうってなら\nお隣さんの録画録音にご注意を……フヒヒヒヒ」	「不用我说你也知道，要是想把她带回自己家\n可得小心邻居家的录像和录音哦……嘿嘿嘿嘿」	「言うまでもないけど自分ちに連れていこうってなら\nお隣さんの録画録音にご注意を……フヒヒヒヒ」
04.txt.json	0	*top	684	0	絵利	绘利	eri0229		「ホテルってこの時間からは取れないよね？」	「酒店从这个时间开始，应该订不到了吧？」	「ホテルってこの時間からは取れないよね？」
04.txt.json	0	*top	685	0	稔	稔			「家に、届けますんで」	「我送她回家」	「家に、届けますんで」
04.txt.json	0	*top	686	0					猫村はまだ俺の服を手放そうとしない。	猫村还不肯松开我的衣服。	猫村はまだ俺の服を手放そうとしない。
04.txt.json	0	*top	687	0					俺が連れて行くことに。	只好由我带她走。	俺が連れて行くことに。
04.txt.json	0	*top	688	0					やれやれ。	真是的。	やれやれ。
04.txt.json	0	*top	689	0					ニヤニヤしてるお隣さんを置いて、\nアパートとは反対方向へ向かった。	我丢下那个正咧嘴偷笑的邻居，\n朝着与公寓相反的方向走去。	ニヤニヤしてるお隣さんを置いて、\nアパートとは反対方向へ向かった。
04.txt.json	0	*top	690	0	秋穂	秋穗	akiho0229		「うー」	「呜」	「うー」
04.txt.json	0	*top	691	0					ふらふらしてる猫村。	猫村脚步踉跄。	ふらふらしてる猫村。
04.txt.json	0	*top	692	0	稔	稔			「相当弱いんだな。飲み過ぎだよ」	「你酒量也太差了吧。喝太多了」	「相当弱いんだな。飲み過ぎだよ」
04.txt.json	0	*top	693	0	秋穂	秋穗	akiho0230		「ごべぇん」	「对不起嘛」	「ごべぇん」
04.txt.json	0	*top	694	0	秋穂	秋穗	akiho0231		「うぐ……ちょ、ちょっと、歩くの速い」	「呜……等、等一下，你走得太快了」	「うぐ……ちょ、ちょっと、歩くの速い」
04.txt.json	0	*top	695	0	稔	稔			「はいはい」	「好好好」	「はいはい」
04.txt.json	0	*top	696	0					抱えるといっても、まだまともに歩けそうにないな。	虽说是要抱着她，但她现在连路都走不稳。	抱えるといっても、まだまともに歩けそうにないな。
04.txt.json	0	*top	697	0					……はあ。	……唉。	……はあ。
04.txt.json	0	*top	698	0	稔	稔			「おぶるか？」	「要我背你吗？」	「おぶるか？」
04.txt.json	0	*top	699	0	秋穂	秋穗	akiho0232		「え」	「诶」	「え」
04.txt.json	0	*top	700	0	稔	稔			「誰かに見られる時間じゃないし、歩けないってなら」	「现在也不是会被谁看见的时候，既然你走不动的话」	「誰かに見られる時間じゃないし、歩けないってなら」
04.txt.json	0	*top	701	0	秋穂	秋穗	akiho0233		「あ……」	「啊……」	「あ……」
04.txt.json	0	*top	702	0	秋穂	秋穗	akiho0234		「……」	「……」	「……」
04.txt.json	0	*top	703	0	秋穂	秋穗	akiho0235		「……うん」	「……嗯」	「……うん」
04.txt.json	0	*top	704	0					・・・・・	……	・・・・・
04.txt.json	0	*top	705	0					・・・・	・・・・	・・・・
04.txt.json	0	*top	706	0					・・・	・・・	・・・
04.txt.json	0	*top	707	0	秋穂	秋穗	akiho0236		「……」	「……」	「……」
04.txt.json	0	*top	708	0	稔	稔			「……」	「……」	「……」
04.txt.json	0	*top	709	0	秋穂	秋穗	akiho0237		「そういえばさ」	「说起来啊」	「そういえばさ」
04.txt.json	0	*top	710	0	稔	稔			「うん？」	「嗯？」	「うん？」
04.txt.json	0	*top	711	0	秋穂	秋穗	akiho0238		「小学生のころも、あったね、こんなこと」	「小学的时候，也发生过这种事呢」	「小学生のころも、あったね、こんなこと」
04.txt.json	0	*top	712	0	稔	稔			「あったっけ？」	「有过吗？」	「あったっけ？」
04.txt.json	0	*top	713	0	秋穂	秋穗	akiho0239		「私が学校で足をくじいて、送ってくれることになって」	「我在学校扭伤了脚，你要送我回去」	「私が学校で足をくじいて、送ってくれることになって」
04.txt.json	0	*top	714	0	秋穂	秋穗	akiho0240		「私が途中でもたもたしてたら……しゃーねーなって」	「我走到半路磨磨蹭蹭的……你就说‘真拿你没办法」	「私が途中でもたもたしてたら……しゃーねーなって」
04.txt.json	0	*top	715	0	稔	稔			「覚えてない」	「我不记得了」	「覚えてない」
04.txt.json	0	*top	716	0	秋穂	秋穗	akiho0241		「ふふ、そっか」	「呵呵，是吗」	「ふふ、そっか」
04.txt.json	0	*top	717	0	稔	稔			「小学生の頃よりだいぶ重くなってるから、\nこうしてても当時を思い出すとかはないなあ」	「比起小学时已经重了不少，所以就算像这样，也不会想起当时了」	「小学生の頃よりだいぶ重くなってるから、\nこうしてても当時を思い出すとかはないなあ」
04.txt.json	0	*top	718	0	秋穂	秋穗	akiho0242		「こっちいい思い出に浸ってるから、黙って」	「我这边正沉浸在美好回忆里呢，闭嘴」	「こっちいい思い出に浸ってるから、黙って」
04.txt.json	0	*top	719	0	稔	稔			「はいはい」	「好好好」	「はいはい」
04.txt.json	0	*top	720	0					安堵した様子で、肩に首を乗せてリラックスしてる猫村。	猫村一副安心的样子，把脑袋搁在肩膀上放松着。	安堵した様子で、肩に首を乗せてリラックスしてる猫村。
04.txt.json	0	*top	721	0					やれやれ。	真是的。	やれやれ。
04.txt.json	0	*top	722	0					プーカと比べて大人だと思ってたけど、\nこいつもまだ子供なとこあるよな。	我本来觉得这家伙比普卡成熟，不过这家伙也有孩子气的一面啊。	プーカと比べて大人だと思ってたけど、\nこいつもまだ子供なとこあるよな。
04.txt.json	0	*top	723	0	秋穂	秋穗	akiho0243		「……」	「……」	「……」
04.txt.json	0	*top	724	0	秋穂	秋穗	akiho0244		「ねえ、ミィくん」	「呐，小稔」	「ねえ、ミィくん」
04.txt.json	0	*top	725	0	稔	稔			「うん？」	「嗯？」	「うん？」
04.txt.json	0	*top	726	0	秋穂	秋穗	akiho0245		「大人になっちゃったね、私たち」	「我们也都长大成人了呢」	「大人になっちゃったね、私たち」
04.txt.json	0	*top	727	0	稔	稔			「……」	「……」	「……」
04.txt.json	0	*top	728	0					まあな。	那当然。	まあな。
04.txt.json	0	*top	729	0					もう小学校なんて遠い昔だ。	小学什么的，已经是遥远的过去了。	もう小学校なんて遠い昔だ。
04.txt.json	0	*top	730	0	秋穂	秋穗	akiho0246		「お互いに……毎日疲れて」	「彼此都……每天都很累」	「お互いに……毎日疲れて」
04.txt.json	0	*top	731	0	秋穂	秋穗	akiho0247		「疲れちゃって……さ」	「都累坏了……呢」	「疲れちゃって……さ」
04.txt.json	0	*top	732	0					――ぎゅ。	――紧紧。	――ぎゅ。
04.txt.json	0	*top	733	0	稔	稔			「……」	「……」	「……」
04.txt.json	0	*top	734	0					リラックス、とはちがうかな。	这应该不能算放松吧。	リラックス、とはちがうかな。
04.txt.json	0	*top	735	0					酔ってるから力自体は弱いけど、	因为喝醉了，力气本身并不大、	酔ってるから力自体は弱いけど、
04.txt.json	0	*top	736	0					しがみついてる。	却紧紧攀着我。	しがみついてる。
04.txt.json	0	*top	737	0					浅めの呼吸がうなじを撫でた。	浅浅的呼吸拂过后颈。	浅めの呼吸がうなじを撫でた。
04.txt.json	0	*top	738	0	秋穂	秋穗	akiho0248		「……」	「……」	「……」
04.txt.json	0	*top	739	0	秋穂	秋穗	akiho0249		「お医者さんに通うの、嫌がる気持ちも分かるけど」	「我也明白你不想去看医生的心情，不过」	「お医者さんに通うの、嫌がる気持ちも分かるけど」
04.txt.json	0	*top	740	0	秋穂	秋穗	akiho0250		「私に出来ることがあったら、言ってね」	「如果有我能做的事，就告诉我哦」	「私に出来ることがあったら、言ってね」
04.txt.json	0	*top	741	0	稔	稔			「ん……」	「嗯……」	「ん……」
04.txt.json	0	*top	742	0	秋穂	秋穗	akiho0251		「私も……お医者さんじゃないけど、色んな人を見てきて、\nよくなった人もたくさん見てるから」	「我虽然……不是医生，但也见过形形色色的人，也见过很多好转的人，所以」	「私も……お医者さんじゃないけど、色んな人を見てきて、\nよくなった人もたくさん見てるから」
04.txt.json	0	*top	743	0	秋穂	秋穗	akiho0252		「力になれる、かも」	「或许能帮上忙」	「力になれる、かも」
04.txt.json	0	*top	744	0	稔	稔			「……」	「……」	「……」
04.txt.json	0	*top	745	0	稔	稔			「……アキ」	「……秋穗」	「……アキ」
04.txt.json	0	*top	746	0	秋穂	秋穗	akiho0253		「力になりたいよ……ミィくんの」	「我想帮上忙啊……帮小稔的」	「力になりたいよ……ミィくんの」
04.txt.json	0	*top	747	0	稔	稔			「……」	「……」	「……」
04.txt.json	0	*top	748	0					そう。	这样啊。	そう。
04.txt.json	0	*top	749	0					優しいね、秋穂は。	你真温柔啊，秋穗。	優しいね、秋穂は。
04.txt.json	0	*top	750	0					でもそれは無理だ。	但那是不可能的。	でもそれは無理だ。
04.txt.json	0	*top	751	0					俺と秋穂は見えてるものがちがう。\n見てる世界がちがう。	我和秋穗看到的东西不一样。\n我们所处的世界不一样。	俺と秋穂は見えてるものがちがう。\n見てる世界がちがう。
04.txt.json	0	*top	752	0					プーカが本当に、俺のストレスとかなんとか……。\nそういうものが見せてる幻なら、	如果普卡真的只是我的压力之类的……\n让这些东西显现出来的幻觉、	プーカが本当に、俺のストレスとかなんとか……。\nそういうものが見せてる幻なら、
04.txt.json	0	*top	753	0					力になってもらえるかも知れない。\n助けてもらえるかも。	或许就能帮上我。\n或许就能救救我。	力になってもらえるかも知れない。\n助けてもらえるかも。
04.txt.json	0	*top	754	0					けど、ちがうんだ。	可是，不是那样。	けど、ちがうんだ。
04.txt.json	0	*top	755	0					なんとなく確信している。	不知为何，我就是确信这一点。	なんとなく確信している。
04.txt.json	0	*top	756	0					あいつはきっとそういうんじゃなくて、	那家伙一定不是那种东西、	あいつはきっとそういうんじゃなくて、
04.txt.json	0	*top	757	0					俺に見えてるのはそういうのじゃなくて……。	我所看到的也不是那种东西……。	俺に見えてるのはそういうのじゃなくて……。
04.txt.json	0	*top	758	0	秋穂	秋穗	akiho0254		「……ミィくん」	「……稔君」	「……ミィくん」
04.txt.json	0	*top	759	0	稔	稔			「うん？」	「嗯？」	「うん？」
04.txt.json	0	*top	760	0	秋穂	秋穗	akiho0255		「……」	「……」	「……」
04.txt.json	0	*top	761	0	秋穂	秋穗	akiho0256		「ぎぼぢわるい」	「好难受」	「ぎぼぢわるい」
04.txt.json	0	*top	762	0					オゥ……。	呃……。	オゥ……。
04.txt.json	0	*top	763	0	秋穂	秋穗	akiho0257		「吐ぎぞう……おろして。そして回れ右して帰って。\n私のことは忘れて」	「我快吐了……放我下来。然后转身回去。\n忘了我吧」	「吐ぎぞう……おろして。そして回れ右して帰って。\n私のことは忘れて」
04.txt.json	0	*top	764	0	稔	稔			「ま、待て待て。そこに公園があるから」	「等、等一下。那边有公园」	「ま、待て待て。そこに公園があるから」
04.txt.json	0	*top	765	0	秋穂	秋穗	akiho0258		「うぶ、うん、づれでっで」	「呜、嗯，带我去」	「うぶ、うん、づれでっで」
04.txt.json	0	*top	766	0	稔	稔			「急いでいくぞ。落ちるなよ」	「快点走。别掉下去啊」	「急いでいくぞ。落ちるなよ」
04.txt.json	0	*top	767	0	秋穂	秋穗	akiho0259		「うん……あぶぶぶ待って待って、揺らさないで」	「嗯……啊不不不，等等等等，别摇我」	「うん……あぶぶぶ待って待って、揺らさないで」
04.txt.json	0	*top	768	0					閑話休題。	闲话休提。	閑話休題。
04.txt.json	0	*top	769	0	秋穂	秋穗	akiho0260		「どうも……お見苦しいところを」	「真是的……让你见笑了」	「どうも……お見苦しいところを」
04.txt.json	0	*top	770	0	稔	稔			「ああ、ガチのマジで見苦しかったけど気にするな」	「啊，确实糟糕透了，不过别在意」	「ああ、ガチのマジで見苦しかったけど気にするな」
04.txt.json	0	*top	771	0	秋穂	秋穗	akiho0261		「ううう……」	「呜呜呜……」	「ううう……」
04.txt.json	0	*top	772	0					一応道端でどばーでなく、ちゃんと水道のある場所で、\nちゃんとしたところにちゃんとしたから、よしとしよう。	姑且不是在路边哗啦啦地来，而是在有水龙头的地方，往该去的地方好好解决了，就算了吧。	一応道端でどばーでなく、ちゃんと水道のある場所で、\nちゃんとしたところにちゃんとしたから、よしとしよう。
04.txt.json	0	*top	773	0					水に流したんだ。水に流そう。	都冲进水里了。就让它随水冲走吧。	水に流したんだ。水に流そう。
04.txt.json	0	*top	774	0					公園を抜ければ、秋穂の家はもうすぐだ。	穿过公园，秋穗的家就快到了。	公園を抜ければ、秋穂の家はもうすぐだ。
04.txt.json	0	*top	775	0	稔	稔			「そうそう！　思い出したお前小学校の小さいころ、\nあの公園で水風船ぶつけられて泣いたことあったよな」	「对对！想起来了，你小时候在小学那会儿，\n曾经在那个公园被人用水气球砸中，哭过来着吧」	「そうそう！　思い出したお前小学校の小さいころ、\nあの公園で水風船ぶつけられて泣いたことあったよな」
04.txt.json	0	*top	776	0	秋穂	秋穗	akiho0262		「う」	「呜」	「う」
04.txt.json	0	*top	777	0	稔	稔			「んで泣き止まないから俺がおぶって帰ったっけ……。\nさっき言ってたの、それか？」	「而且你一直哭个不停，最后还是我背你回去的……\n你刚才说的，是那件事吗？」	「んで泣き止まないから俺がおぶって帰ったっけ……。\nさっき言ってたの、それか？」
04.txt.json	0	*top	778	0	秋穂	秋穗	akiho0263		「ちがう。さっき言ったのは学校で足をくじいたほう」	「不是。刚才说的是在学校扭伤脚的那次」	「ちがう。さっき言ったのは学校で足をくじいたほう」
04.txt.json	0	*top	779	0	稔	稔			「あそっか、水風船のときは」	「啊，这样啊，水气球那次是」	「あそっか、水風船のときは」
04.txt.json	0	*top	780	0	稔	稔			「あー、そうそうお前おしっこもらしちゃって、それで」	「啊——对对，你还尿裤子了，然后」	「あー、そうそうお前おしっこもらしちゃって、それで」
04.txt.json	0	*top	781	0	秋穂	秋穗	akiho0264		「忘れろ！\nおんぶの思い出は足くじいたときだけ！」	「给我忘掉！\n关于背着我的回忆，只有扭伤脚那次！」	「忘れろ！\nおんぶの思い出は足くじいたときだけ！」
04.txt.json	0	*top	782	0	稔	稔			「はいはい」	「好好好」	「はいはい」
04.txt.json	0	*top	783	0	秋穂	秋穗	akiho0265		「んもう」	「真是的」	「んもう」
04.txt.json	0	*top	784	0	秋穂	秋穗	akiho0266		「……水風船ぶつけてきたのミィくんなこと、\n忘れてないからね」	「……用水气球砸我的人是稔君这件事，\n我可还没忘呢」	「……水風船ぶつけてきたのミィくんなこと、\n忘れてないからね」
04.txt.json	0	*top	785	0	稔	稔			「サーセン」	「抱歉哈」	「サーセン」
04.txt.json	0	*top	786	0					なんだかんだ色んな思い出があるもんだ。	说来说去，还真有各种各样的回忆啊。	なんだかんだ色んな思い出があるもんだ。
04.txt.json	0	*top	787	0	秋穂	秋穗	akiho0267		「ちなみにそのあと、私をいじめたことが美世姉にバレて、\n叱られて、ミィくんも泣いたことも忘れてない」	「顺便一提，后来你欺负我的事被美世姐发现了，\n她把你训了一顿，还有稔君也哭了的事，我也没忘」	「ちなみにそのあと、私をいじめたことが美世姉にバレて、\n叱られて、ミィくんも泣いたことも忘れてない」
04.txt.json	0	*top	788	0	稔	稔			「……お互いに忘れよう」	「……我们就彼此忘了吧」	「……お互いに忘れよう」
04.txt.json	0	*top	789	0	秋穂	秋穗	akiho0268		「うん」	「嗯」	「うん」
04.txt.json	0	*top	790	0	秋穂	秋穗	akiho0269		「……懐かしいな、美世姉」	「……真令人怀念啊，美世姐」	「……懐かしいな、美世姉」
04.txt.json	0	*top	791	0	稔	稔			「……」	「……」	「……」
04.txt.json	0	*top	792	0					角を曲がり、秋穂の家が見えてくる。	转过拐角，秋穗的家映入眼帘。	角を曲がり、秋穂の家が見えてくる。
04.txt.json	0	*top	793	0	秋穂	秋穗	akiho0270		「……」	「……」	「……」
04.txt.json	0	*top	794	0					秋穂はまだ、俺の背中に捕まったまま。	秋穗仍然紧紧抓着我的后背。	秋穂はまだ、俺の背中に捕まったまま。
04.txt.json	0	*top	795	0	秋穂	秋穗	akiho0271		「もうお酒飲むのやめる」	「我以后不喝酒了」	「もうお酒飲むのやめる」
04.txt.json	0	*top	796	0	秋穂	秋穗	akiho0272		「中学のころ、美世姉に、飲めるようになったら\n一緒に飲もうって言われてたけど」	「我上初中的时候，美世姐就说过，等我能喝酒了，\n我们要一起喝来着」	「中学のころ、美世姉に、飲めるようになったら\n一緒に飲もうって言われてたけど」
04.txt.json	0	*top	797	0	稔	稔			「……」	「……」	「……」
04.txt.json	0	*top	798	0					お好きなように。	随你喜欢。	お好きなように。
04.txt.json	0	*top	799	0					まあ、でも。	不过嘛。	まあ、でも。
04.txt.json	0	*top	800	0	稔	稔			「酒は……まあ、お前の自由だけど」	「酒嘛……反正是你的自由」	「酒は……まあ、お前の自由だけど」
04.txt.json	0	*top	801	0	稔	稔			「店には来いよ」	「但你要来店里啊」	「店には来いよ」
04.txt.json	0	*top	802	0	秋穂	秋穗	akiho0273		「え」	「诶」	「え」
04.txt.json	0	*top	803	0	稔	稔			「お前、色々と溜まってるみたいだから、\nたまにはぶっちゃけたほうがいい」	「你似乎积攒了不少事情，\n偶尔还是把话说开比较好」	「お前、色々と溜まってるみたいだから、\nたまにはぶっちゃけたほうがいい」
04.txt.json	0	*top	804	0	稔	稔			「愚痴くらいなら聞いてやるから」	「牢骚之类的，我还是会听你说的」	「愚痴くらいなら聞いてやるから」
04.txt.json	0	*top	805	0	秋穂	秋穗	akiho0274		「……」	「……」	「……」
04.txt.json	0	*top	806	0	稔	稔			「それもバーテンの仕事だし」	「这也是酒保的工作嘛」	「それもバーテンの仕事だし」
04.txt.json	0	*top	807	0	稔	稔			「俺もアキの力になりたい」	「我也想帮上秋穗的忙」	「俺もアキの力になりたい」
04.txt.json	0	*top	808	0	秋穂	秋穗	akiho0275		「……ミィくん」	「……稔君」	「……ミィくん」
04.txt.json	0	*top	809	0					玄関ぎりぎりまで届けてやった。	我把她送到了玄关边上。	玄関ぎりぎりまで届けてやった。
04.txt.json	0	*top	810	0					ちょっと名残惜しそうに背中に額をつけて、\nやがて自分の足で立つ秋穂。	她有些恋恋不舍地将额头抵在我的背上，\n过了一会儿，秋穗才靠自己的双脚站稳。	ちょっと名残惜しそうに背中に額をつけて、\nやがて自分の足で立つ秋穂。
04.txt.json	0	*top	811	0	秋穂	秋穗	akiho0276		「今日はありがと」	「今天谢谢你」	「今日はありがと」
04.txt.json	0	*top	812	0	秋穂	秋穗	akiho0277		「また……お店行くね」	「我下次……还会去店里的」	「また……お店行くね」
04.txt.json	0	*top	813	0	稔	稔			「ああ」	「嗯」	「ああ」
04.txt.json	0	*top	814	0					回れ右した。	我转身离开了。	回れ右した。
04.txt.json	0	*top	815	0					この家に来るのも久し振りだけど、	她也很久没来过这家了、	この家に来るのも久し振りだけど、
04.txt.json	0	*top	816	0					いまはさすがに、中までって年でもない。	但现在再进去里面，实在是不合适了。	いまはさすがに、中までって年でもない。
04.txt.json	0	*top	817	0					・・・・・	……	・・・・・
04.txt.json	0	*top	818	0	春香	春香	haruka0004	・・・	「お姉ちゃんやっと帰ってきた！」	「姐姐终于回来了！」	「お姉ちゃんやっと帰ってきた！」
04.txt.json	0	*top	819	0	秋穂	秋穗	akiho0278		「あうあ、はるか、まだ起きてたの？」	「啊，春香，你还没睡啊？」	「あうあ、はるか、まだ起きてたの？」
04.txt.json	0	*top	820	0	春香	春香	haruka0005		「明日出かけるからスケジュール決めるって言ったじゃん。\n全然帰ってこないんだもん」	「不是说了明天要出门，所以要定好行程吗？\n你一直都没回来嘛」	「明日出かけるからスケジュール決めるって言ったじゃん。\n全然帰ってこないんだもん」
04.txt.json	0	*top	821	0	春香	春香	haruka0006		「なに、お酒飲んでるの？」	「什么，你在喝酒吗？」	「なに、お酒飲んでるの？」
04.txt.json	0	*top	822	0	秋穂	秋穗	akiho0279		「ああ……忙しくてごめん忘れてた。\nあと明日は二日酔いでダメかも」	「啊……最近太忙了，对不起，我忘了。\n而且明天可能还会因为宿醉而不行」	「ああ……忙しくてごめん忘れてた。\nあと明日は二日酔いでダメかも」
04.txt.json	0	*top	823	0	春香	春香	haruka0007		「もーっ」	「真是的」	「もーっ」
04.txt.json	0	*top	824	0					この時間にはちょっと声が大きい会話が背中に届く。	到了这个时间，背后传来一段声音稍微有点大的对话。	この時間にはちょっと声が大きい会話が背中に届く。
04.txt.json	0	*top	825	0					幸せ一家の声だ。	是幸福一家人的声音。	幸せ一家の声だ。
04.txt.json	0	*top	826	0	稔	稔			「……」	「……」	「……」
04.txt.json	0	*top	827	0					あいつはそれでいい。	那家伙这样就好。	あいつはそれでいい。
04.txt.json	0	*top	828	0					秋穂はいつまでも、あんなままでいて欲しい。	希望秋穗永远都能保持那副样子。	秋穂はいつまでも、あんなままでいて欲しい。
04.txt.json	0	*top	829	0					・・・・・	……	・・・・・
04.txt.json	0	*top	830	0					・・・・	・・・・	・・・・
04.txt.json	0	*top	831	0					・・・	・・・	・・・
04.txt.json	0	*top	832	0	稔	稔			「ただいま」	「我回来了」	「ただいま」
04.txt.json	0	*top	833	0	プーカ	普卡	puca0428		「すぴー」	「呼」	「すぴー」
04.txt.json	0	*top	834	0					俺にも、ねぼすけだが迎えてくれる声がある。	我这边也有个虽然爱睡懒觉、却会迎接我的声音。	俺にも、ねぼすけだが迎えてくれる声がある。
04.txt.json	0	*top	835	0					俺にはこれでいいんだ。	对我来说，这样就够了。	俺にはこれでいいんだ。
04.txt.json	0	*top	836	0					俺には……。	对我来说……。	俺には……。
05.txt.json	0	*top	0	0					昨日もかなりものだったが、	昨天也相当不得了，不过、	昨日もかなりものだったが、
05.txt.json	0	*top	1	0					うちのバーの客入りは、基本的に土日に集中する。	来我家酒吧的客人，基本都集中在周六周日。	うちのバーの客入りは、基本的に土日に集中する。
05.txt.json	0	*top	2	0					飲み屋は金土がメインっていうけど、バーだからな。\n仕事後よりは、休日のシメに、って人が多いんだろう。	都说酒馆主要是周五和周六营业，不过毕竟是酒吧嘛。\n比起下班后，更多人应该会选择在休息日的最后来喝一杯吧。	飲み屋は金土がメインっていうけど、バーだからな。\n仕事後よりは、休日のシメに、って人が多いんだろう。
05.txt.json	0	*top	3	0	稔	稔			「そのぶん仕込みが大変だ」	「相应地，准备工作也很辛苦啊」	「そのぶん仕込みが大変だ」
05.txt.json	0	*top	4	0	稔	稔			「今日は早めに店行くからな」	「我今天会早点去店里」	「今日は早めに店行くからな」
05.txt.json	0	*top	5	0	プーカ	普卡	puca0429		「うーい」	「好」	「うーい」
05.txt.json	0	*top	6	0	プーカ	普卡	puca0430		「あ、ねえねえこの街のことよく知らないんだけどさ。\nゲームとか売ってる店ってある？」	「啊，对了对了，我不太了解这座城。\n有没有卖游戏之类的店？」	「あ、ねえねえこの街のことよく知らないんだけどさ。\nゲームとか売ってる店ってある？」
05.txt.json	0	*top	7	0	稔	稔			「ゲーム？\nなら駅前の電気屋とかにちょいちょい……。\nいやもうＤＬ用のカードしか置いてないかな」	「游戏？\n那车站前的电器店之类的地方应该有一些……\n不对，现在是不是只放着下载用的卡了」	「ゲーム？\nなら駅前の電気屋とかにちょいちょい……。\nいやもうＤＬ用のカードしか置いてないかな」
05.txt.json	0	*top	8	0	稔	稔			「ゲームが欲しいのか？\nうち、ハードがないぞ」	「你想要游戏吗？\n我们家可没有游戏主机哦」	「ゲームが欲しいのか？\nうち、ハードがないぞ」
05.txt.json	0	*top	9	0					暇つぶしにタブレットでゲームくらいはいいけど、	用平板玩玩游戏打发时间倒是没什么、	暇つぶしにタブレットでゲームくらいはいいけど、
05.txt.json	0	*top	10	0	プーカ	普卡	puca0431		「いやいや、狙いはゲームじゃないの」	「不是不是，我的目标可不是游戏」	「いやいや、狙いはゲームじゃないの」
05.txt.json	0	*top	11	0	プーカ	普卡	puca0432		「トレカ！　トレーディングカードってのが\nどんなんか知りたくてさ」	「集换卡！我就是想知道\n集换卡到底是个什么东西」	「トレカ！　トレーディングカードってのが\nどんなんか知りたくてさ」
05.txt.json	0	*top	12	0	稔	稔			「……」	「……」	「……」
05.txt.json	0	*top	13	0					オゥ。	噢。	オゥ。
05.txt.json	0	*top	14	0	プーカ	普卡	puca0433		「昨日見てた動画でね、可愛いカードたくさんで\n気になっちゃって」	「我昨天看的视频里，有好多可爱的卡片，\n不知不觉就有点在意了」	「昨日見てた動画でね、可愛いカードたくさんで\n気になっちゃって」
05.txt.json	0	*top	15	0	稔	稔			「やめとけ。あれは富豪の遊びだから」	「算了吧。那是有钱人的消遣」	「やめとけ。あれは富豪の遊びだから」
05.txt.json	0	*top	16	0	プーカ	普卡	puca0434		「そうなん？」	「是吗？」	「そうなん？」
05.txt.json	0	*top	17	0	稔	稔			「たぶんだが１００枚くらいばーって開けてただろ？」	「虽说只是猜的，但你应该一口气开了大概一百张吧？」	「たぶんだが１００枚くらいばーって開けてただろ？」
05.txt.json	0	*top	18	0	プーカ	普卡	puca0435		「うん」	「嗯」	「うん」
05.txt.json	0	*top	19	0	稔	稔			「あの１００枚でぎゅんたま１０冊買える」	「那一百张的钱，都能买十本ぎゅんたま了」	「あの１００枚でぎゅんたま１０冊買える」
05.txt.json	0	*top	20	0	プーカ	普卡	puca0436		「オゥ……」	「噢……」	「オゥ……」
05.txt.json	0	*top	21	0	稔	稔			「どうする？\nぎゅんたま諦めるなら１セットくらい買ってやるけど」	「怎么办？\n要是你放弃ぎゅんたま，我倒是可以给你买一套」	「どうする？\nぎゅんたま諦めるなら１セットくらい買ってやるけど」
05.txt.json	0	*top	22	0	プーカ	普卡	puca0437		「やめときます。さーせんした」	「那还是算了。对不起啊」	「やめときます。さーせんした」
05.txt.json	0	*top	23	0	稔	稔			「……ごめんな。うち、貧乏で」	「……对不起啊。咱家比较穷」	「……ごめんな。うち、貧乏で」
05.txt.json	0	*top	24	0	プーカ	普卡	puca0438		「いいのよパパ。あたしパパといられて幸せ」	「没关系，爸爸。能和爸爸在一起，我就很幸福了」	「いいのよパパ。あたしパパといられて幸せ」
05.txt.json	0	*top	25	0					悲しい会話になった。	对话变得悲伤起来。	悲しい会話になった。
05.txt.json	0	*top	26	0	稔	稔			「てか、なんかもうハマってそうだな例のＶに。\n南部お茶子だっけ？」	「话说，你好像已经迷上那个V主播了。\n是叫南部茶子来着？」	「てか、なんかもうハマってそうだな例のＶに。\n南部お茶子だっけ？」
05.txt.json	0	*top	27	0	プーカ	普卡	puca0439		「ちゃちゃちゃ、ちゃちゃたんだよ。\n面白いんだよ～」	「茶茶茶、是ちゃちゃたん啦。\n很有意思的～」	「ちゃちゃちゃ、ちゃちゃたんだよ。\n面白いんだよ～」
05.txt.json	0	*top	28	0	稔	稔			「店だけじゃなくこっちも占拠される……」	「不只是店里，连这边也要被占领了吗……」	「店だけじゃなくこっちも占拠される……」
05.txt.json	0	*top	29	0	プーカ	普卡	puca0440		「なにが？」	「什么？」	「なにが？」
05.txt.json	0	*top	30	0	稔	稔			「なんでもない」	「没什么」	「なんでもない」
05.txt.json	0	*top	31	0	稔	稔			「じゃ、もう行くから」	「那我就先走了」	「じゃ、もう行くから」
05.txt.json	0	*top	32	0					仕込みの準備を済ませた。\nあとは店でやる。	备料的准备已经做好了。\n剩下的去店里做。	仕込みの準備を済ませた。\nあとは店でやる。
05.txt.json	0	*top	33	0					１５時過ぎ。家を出ようとした。	下午三点多。我正准备出门。	１５時過ぎ。家を出ようとした。
05.txt.json	0	*top	34	0	プーカ	普卡	puca0441		「あ、うん」	「啊，嗯」	「あ、うん」
05.txt.json	0	*top	35	0	プーカ	普卡	puca0442		「……早いね」	「……真早啊」	「……早いね」
05.txt.json	0	*top	36	0	稔	稔			「ああ、だから今日は日曜だから……」	「啊，因为今天是星期天嘛……」	「ああ、だから今日は日曜だから……」
05.txt.json	0	*top	37	0	プーカ	普卡	puca0443		「うん……」	「嗯……」	「うん……」
05.txt.json	0	*top	38	0	稔	稔			「……」	「……」	「……」
05.txt.json	0	*top	39	0					何か言いたそうにするプーカ。	普卡像是有话想说。	何か言いたそうにするプーカ。
05.txt.json	0	*top	40	0					でもすぐに笑って、	但她很快又笑了起来、	でもすぐに笑って、
05.txt.json	0	*top	41	0	プーカ	普卡	puca0444		「行ってらっしゃい。早く帰ってきてね」	「路上小心。早点回来哦」	「行ってらっしゃい。早く帰ってきてね」
05.txt.json	0	*top	42	0	稔	稔			「ああ……帰りは客入り次第だけど」	「啊……回来的时间要看客人多不多了」	「ああ……帰りは客入り次第だけど」
05.txt.json	0	*top	43	0	プーカ	普卡	puca0445		「うん」	「嗯」	「うん」
05.txt.json	0	*top	44	0	プーカ	普卡	puca0446		「大丈夫、ぎゅんたま、まだあるし、\nちゃちゃたんもいるし」	「没事，ぎゅんたま还在，\n而且还有ちゃちゃたん」	「大丈夫、ぎゅんたま、まだあるし、\nちゃちゃたんもいるし」
05.txt.json	0	*top	45	0					ばいばい、と手を振った。	我挥了挥手，说了声“拜拜。	ばいばい、と手を振った。
05.txt.json	0	*top	46	0					店へ。	去店里。	店へ。
05.txt.json	0	*top	47	0	稔	稔			「……」	「……」	「……」
05.txt.json	0	*top	48	0					あの態度。	她那副态度。	あの態度。
05.txt.json	0	*top	49	0					やっぱり寂しがってるよな。	果然还是觉得寂寞了吧。	やっぱり寂しがってるよな。
05.txt.json	0	*top	50	0					いつもは我慢してるけど、\n俺が出る時間が早いと、そのぶん１人の時間も増える。	她平时总是在忍耐，\n但我出门的时间一早，她独处的时间也会相应增加。	いつもは我慢してるけど、\n俺が出る時間が早いと、そのぶん１人の時間も増える。
05.txt.json	0	*top	51	0					といっても仕事は仕事だからなあ。	话虽如此，工作就是工作啊。	といっても仕事は仕事だからなあ。
05.txt.json	0	*top	52	0	稔	稔			「……」	「……」	「……」
05.txt.json	0	*top	53	0					誰にも見えない。誰も知らない女の子。	谁都看不见。一个谁都不知道的女孩。	誰にも見えない。誰も知らない女の子。
05.txt.json	0	*top	54	0					いまごろあいつ、どんな気持ちで過ごしてるんだろう。	不知道那家伙现在正怀着怎样的心情度过这段时间。	いまごろあいつ、どんな気持ちで過ごしてるんだろう。
05.txt.json	0	*top	55	0					もっと真剣に考えるべきだろうか。	我是不是该更加认真地想想。	もっと真剣に考えるべきだろうか。
05.txt.json	0	*top	56	0					あいつが何者なのか。\nなぜ俺だけにしか見えないのか。	那家伙到底是什么人。\n为什么只有我能看见她。	あいつが何者なのか。\nなぜ俺だけにしか見えないのか。
05.txt.json	0	*top	57	0					普通に考えれば、ただの幻。	正常想想的话，她不过是幻觉而已。	普通に考えれば、ただの幻。
05.txt.json	0	*top	58	0					でも俺にはもう、そうは思えない。	但我已经无法再这么想了。	でも俺にはもう、そうは思えない。
05.txt.json	0	*top	59	0					思えない……けど、	我无法这么想……可是、	思えない……けど、
05.txt.json	0	*top	60	0					思えない、って点も含めて。\n俺の頭がそう思ってるだけ。とも思える。	就连“无法这么想”这一点，\n也可以认为只是我的脑袋在这么想而已。	思えない、って点も含めて。\n俺の頭がそう思ってるだけ。とも思える。
05.txt.json	0	*top	61	0					自信がない。	我没有自信。	自信がない。
05.txt.json	0	*top	62	0					どうしたらいいんだろう。	我该怎么办才好呢。	どうしたらいいんだろう。
05.txt.json	0	*top	63	0					あいつの存在を、肯定し続けるか、それとも、	是继续肯定那家伙的存在，还是、	あいつの存在を、肯定し続けるか、それとも、
05.txt.json	0	*top	64	0					それとも……。	还是说……。	それとも……。
05.txt.json	0	*top	65	0					――ガチャ。	——咔嚓。	――ガチャ。
05.txt.json	0	*top	66	0	稔	稔			「ん」	「嗯」	「ん」
05.txt.json	0	*top	67	0					戸が開いた音で意識を引き戻される。	门打开的声音把我的意识拉了回来。	戸が開いた音で意識を引き戻される。
05.txt.json	0	*top	68	0					誰か入ってきた？	有人进来了吗？	誰か入ってきた？
05.txt.json	0	*top	69	0	乃良	乃良	nora0024	少女	「あ……」	「啊……」	「あ……」
05.txt.json	0	*top	70	0	稔	稔			「ああ、すいませんまだ開いてないんですけど」	「啊，不好意思，我们还没开门呢」	「ああ、すいませんまだ開いてないんですけど」
05.txt.json	0	*top	71	0					まだ５時４０分。ちょっと早い。	现在才五点四十分。稍微早了点。	まだ５時４０分。ちょっと早い。
05.txt.json	0	*top	72	0					ただこのくらいの時間なら、追い返すのもナンだし。	不过这个时间的话，也不好把人赶回去。	ただこのくらいの時間なら、追い返すのもナンだし。
05.txt.json	0	*top	73	0	稔	稔			「ドリンクだけでよければ」	「如果只喝点饮料的话，倒是没问题」	「ドリンクだけでよければ」
05.txt.json	0	*top	74	0	乃良	乃良	nora0025	少女	「あ……うん」	「啊……嗯」	「あ……うん」
05.txt.json	0	*top	75	0					入ってくるお客。	客人走了进来。	入ってくるお客。
05.txt.json	0	*top	76	0					この前の子だな。\nドリンクしか頼まなかった子。	是前几天那个女孩。\n只点了饮料的那个女孩。	この前の子だな。\nドリンクしか頼まなかった子。
05.txt.json	0	*top	77	0					なら今日もジュースだけでいいか？\n楽で助かるが……。	那今天也只要果汁就行了吧？\n虽然这样倒是省事……。	なら今日もジュースだけでいいか？\n楽で助かるが……。
05.txt.json	0	*top	78	0	乃良	乃良	nora0026	少女	「……」	「……」	「……」
05.txt.json	0	*top	79	0	稔	稔			「？　なにか？」	「？有什么事吗？」	「？　なにか？」
05.txt.json	0	*top	80	0					なぜか彼女がジッとこっちを見てるのに気付いた。	不知为何，我注意到她正目不转睛地盯着这边。	なぜか彼女がジッとこっちを見てるのに気付いた。
05.txt.json	0	*top	81	0					席ならどこも空いてるのに。	明明哪里都有空位。	席ならどこも空いてるのに。
05.txt.json	0	*top	82	0					なんだ？	怎么了？	なんだ？
05.txt.json	0	*top	83	0	乃良	乃良	nora0027	少女	「あの」	「那个」	「あの」
05.txt.json	0	*top	84	0	乃良	乃良	nora0028	少女	「ここって、そういう店？　……です、か」	「这里是那种店吗？……是、吗」	「ここって、そういう店？　……です、か」
05.txt.json	0	*top	85	0	稔	稔			「はい？」	「嗯？」	「はい？」
05.txt.json	0	*top	86	0					慣れない感じの敬語。	听起来是不太习惯的敬语。	慣れない感じの敬語。
05.txt.json	0	*top	87	0	乃良	乃良	nora0029	少女	「その、前来たときは、てんちょーさん１人だったけど」	「那个，我上次来的时候，店长先生明明是一个人」	「その、前来たときは、てんちょーさん１人だったけど」
05.txt.json	0	*top	88	0	乃良	乃良	nora0030	少女	「女の子が、お酒運ぶ店ですよね」	「是女孩子端酒的店，对吧」	「女の子が、お酒運ぶ店ですよね」
05.txt.json	0	*top	89	0	稔	稔			「え、いや」	「呃，不是」	「え、いや」
05.txt.json	0	*top	90	0					うちは完全に俺のワンオペだぞ。	我这店完全就是我一个人包办的。	うちは完全に俺のワンオペだぞ。
05.txt.json	0	*top	91	0	乃良	乃良	nora0031	少女	「バニーガールがお酒を運ぶお店って、\n大人だけって聞くし」	「我听说兔女郎端酒的店，只接待大人」\n」	「バニーガールがお酒を運ぶお店って、\n大人だけって聞くし」
05.txt.json	0	*top	92	0	稔	稔			「……」	「……」	「……」
05.txt.json	0	*top	93	0	乃良	乃良	nora0032	少女	「お酒飲めないんだけど、いいのかな」	「我不能喝酒，也可以吗」	「お酒飲めないんだけど、いいのかな」
05.txt.json	0	*top	94	0	稔	稔			「はい？」	「嗯？」	「はい？」
05.txt.json	0	*top	95	0					バニーガール？　がお酒を運ぶ。	兔女郎？端酒。	バニーガール？　がお酒を運ぶ。
05.txt.json	0	*top	96	0					そんないかがわしい形態ではない。\nいまはメインで俺１人。\nオーナーも、おじいちゃんが長年やってきた。	才不是那么不正经的经营形式。\n现在主要就是我一个人。\n老板也是爷爷当了很多年。	そんないかがわしい形態ではない。\nいまはメインで俺１人。\nオーナーも、おじいちゃんが長年やってきた。
05.txt.json	0	*top	97	0					なのでその認識は間違いだが、それより、	所以你的理解是错的，不过比起这个、	なのでその認識は間違いだが、それより、
05.txt.json	0	*top	98	0	稔	稔			「なんでバニーガール？」	「为什么是兔女郎？」	「なんでバニーガール？」
05.txt.json	0	*top	99	0	乃良	乃良	nora0033	少女	「え、だって」	「诶，因为啊」	「え、だって」
05.txt.json	0	*top	100	0	乃良	乃良	nora0034	少女	「この前、連れて歩いてた」	「我前几天看到你带着她一起走」	「この前、連れて歩いてた」
05.txt.json	0	*top	101	0	乃良	乃良	nora0035	少女	「バニーガールの女の子」	「那个兔女郎女孩」	「バニーガールの女の子」
05.txt.json	0	*top	102	0	稔	稔			「……」	「……」	「……」
05.txt.json	0	*top	103	0					え……？	诶……？	え……？
